data,algorithm,split,source_row,y_true
C1,RandomForestRegressor,Train,424,4.0661
C1,RandomForestRegressor,Train,146,7.4684
C1,RandomForestRegressor,Train,93,15.107
C1,RandomForestRegressor,Train,323,9.5
C1,RandomForestRegressor,Train,539,0.0157
C1,RandomForestRegressor,Train,99,10.9416
C1,RandomForestRegressor,Train,92,5.6837
C1,RandomForestRegressor,Train,28,192.4421
C1,RandomForestRegressor,Train,258,62
C1,RandomForestRegressor,Train,632,190.4977
C1,RandomForestRegressor,Train,366,11.7391
C1,RandomForestRegressor,Train,150,7.8279
C1,RandomForestRegressor,Train,572,121.0705
C1,RandomForestRegressor,Train,638,208.5973
C1,RandomForestRegressor,Train,421,1.8843
C1,RandomForestRegressor,Train,27,188.2349
C1,RandomForestRegressor,Train,50,99.7175
C1,RandomForestRegressor,Train,286,16
C1,RandomForestRegressor,Train,213,16.661
C1,RandomForestRegressor,Train,445,1.4355
C1,RandomForestRegressor,Train,252,31
C1,RandomForestRegressor,Train,85,7.7779
C1,RandomForestRegressor,Train,461,0.5271
C1,RandomForestRegressor,Train,455,0.0117
C1,RandomForestRegressor,Train,375,137.4459
C1,RandomForestRegressor,Train,210,132.1477
C1,RandomForestRegressor,Train,290,11.9
C1,RandomForestRegressor,Train,15,186.1441
C1,RandomForestRegressor,Train,535,1.1538
C1,RandomForestRegressor,Train,596,4.6697
C1,RandomForestRegressor,Train,514,0.0991
C1,RandomForestRegressor,Train,651,168.7782
C1,RandomForestRegressor,Train,62,67.104
C1,RandomForestRegressor,Train,58,70.945
C1,RandomForestRegressor,Train,78,62.2973
C1,RandomForestRegressor,Train,274,16.7407
C1,RandomForestRegressor,Train,418,0.0232
C1,RandomForestRegressor,Train,522,1.1411
C1,RandomForestRegressor,Train,516,0.3443
C1,RandomForestRegressor,Train,633,193.6651
C1,RandomForestRegressor,Train,656,9.8231
C1,RandomForestRegressor,Train,431,0.1437
C1,RandomForestRegressor,Train,51,36.1086
C1,RandomForestRegressor,Train,497,0.7317
C1,RandomForestRegressor,Train,425,4.3637
C1,RandomForestRegressor,Train,331,8.9
C1,RandomForestRegressor,Train,413,2.5006
C1,RandomForestRegressor,Train,109,15
C1,RandomForestRegressor,Train,42,187.2488
C1,RandomForestRegressor,Train,75,54.9536
C1,RandomForestRegressor,Train,432,0.1875
C1,RandomForestRegressor,Train,626,123.9819
C1,RandomForestRegressor,Train,480,0.1562
C1,RandomForestRegressor,Train,222,31.2926
C1,RandomForestRegressor,Train,442,0.0274
C1,RandomForestRegressor,Train,460,0.4651
C1,RandomForestRegressor,Train,21,106.0925
C1,RandomForestRegressor,Train,55,75.5317
C1,RandomForestRegressor,Train,291,250
C1,RandomForestRegressor,Train,217,110.3519
C1,RandomForestRegressor,Train,392,258.758
C1,RandomForestRegressor,Train,544,2.5785
C1,RandomForestRegressor,Train,203,128.8589
C1,RandomForestRegressor,Train,305,199
C1,RandomForestRegressor,Train,664,8.0733
C1,RandomForestRegressor,Train,558,14.9253
C1,RandomForestRegressor,Train,113,1
C1,RandomForestRegressor,Train,188,10.8544
C1,RandomForestRegressor,Train,220,10.8544
C1,RandomForestRegressor,Train,80,64.4519
C1,RandomForestRegressor,Train,383,50.8758
C1,RandomForestRegressor,Train,41,187.5173
C1,RandomForestRegressor,Train,654,2.3164
C1,RandomForestRegressor,Train,548,3.3721
C1,RandomForestRegressor,Train,484,0.4688
C1,RandomForestRegressor,Train,17,182.9271
C1,RandomForestRegressor,Train,123,1.9281
C1,RandomForestRegressor,Train,132,10.8016
C1,RandomForestRegressor,Train,341,1.9465
C1,RandomForestRegressor,Train,511,1.0309
C1,RandomForestRegressor,Train,482,0.2813
C1,RandomForestRegressor,Train,48,107.2474
C1,RandomForestRegressor,Train,349,8.6133
C1,RandomForestRegressor,Train,494,0.1951
C1,RandomForestRegressor,Train,304,199
C1,RandomForestRegressor,Train,525,1.3279
C1,RandomForestRegressor,Train,308,175
C1,RandomForestRegressor,Train,4,100.6216
C1,RandomForestRegressor,Train,437,0.625
C1,RandomForestRegressor,Train,531,0.7582
C1,RandomForestRegressor,Train,165,2.4016
C1,RandomForestRegressor,Train,474,2.6613
C1,RandomForestRegressor,Train,409,0.9991
C1,RandomForestRegressor,Train,627,126.6968
C1,RandomForestRegressor,Train,567,110.5493
C1,RandomForestRegressor,Train,280,29.322
C1,RandomForestRegressor,Train,82,59.9138
C1,RandomForestRegressor,Train,605,11.3206
C1,RandomForestRegressor,Train,350,9.2547
C1,RandomForestRegressor,Train,470,1.9355
C1,RandomForestRegressor,Train,446,1.68
C1,RandomForestRegressor,Train,541,0.3471
C1,RandomForestRegressor,Train,96,18.5037
C1,RandomForestRegressor,Train,444,1.392
C1,RandomForestRegressor,Train,154,21.2041
C1,RandomForestRegressor,Train,582,194.643
C1,RandomForestRegressor,Train,140,5.2675
C1,RandomForestRegressor,Train,125,8.0539
C1,RandomForestRegressor,Train,60,32.1593
C1,RandomForestRegressor,Train,52,44.2483
C1,RandomForestRegressor,Train,560,18.6576
C1,RandomForestRegressor,Train,225,116.4338
C1,RandomForestRegressor,Train,287,15
C1,RandomForestRegressor,Train,403,239.2408
C1,RandomForestRegressor,Train,158,85.5833
C1,RandomForestRegressor,Train,389,58.658
C1,RandomForestRegressor,Train,250,35
C1,RandomForestRegressor,Train,361,7.7554
C1,RandomForestRegressor,Train,234,0
C1,RandomForestRegressor,Train,457,0.124
C1,RandomForestRegressor,Train,66,60.1467
C1,RandomForestRegressor,Train,523,1.2087
C1,RandomForestRegressor,Train,639,3.6199
C1,RandomForestRegressor,Train,390,239.6104
C1,RandomForestRegressor,Train,369,11.7391
C1,RandomForestRegressor,Train,360,9.5371
C1,RandomForestRegressor,Train,215,63.7857
C1,RandomForestRegressor,Train,98,11.6115
C1,RandomForestRegressor,Train,207,58.5204
C1,RandomForestRegressor,Train,464,0.6822
C1,RandomForestRegressor,Train,208,64.3514
C1,RandomForestRegressor,Train,538,0.0122
C1,RandomForestRegressor,Train,276,21.2415
C1,RandomForestRegressor,Train,264,28
C1,RandomForestRegressor,Train,214,31.2926
C1,RandomForestRegressor,Train,169,5.6234
C1,RandomForestRegressor,Train,668,11.9228
C1,RandomForestRegressor,Train,284,16.1
C1,RandomForestRegressor,Train,168,3.4065
C1,RandomForestRegressor,Train,293,249
C1,RandomForestRegressor,Train,448,2.4127
C1,RandomForestRegressor,Train,599,9.4379
C1,RandomForestRegressor,Train,232,0
C1,RandomForestRegressor,Train,559,18.6567
C1,RandomForestRegressor,Train,593,4.2261
C1,RandomForestRegressor,Train,373,153.8961
C1,RandomForestRegressor,Train,411,1.8375
C1,RandomForestRegressor,Train,667,11.2467
C1,RandomForestRegressor,Train,64,62.9539
C1,RandomForestRegressor,Train,126,8.924
C1,RandomForestRegressor,Train,170,6.1214
C1,RandomForestRegressor,Train,156,57.1515
C1,RandomForestRegressor,Train,32,130
C1,RandomForestRegressor,Train,554,23.5187
C1,RandomForestRegressor,Train,310,160
C1,RandomForestRegressor,Train,555,24.7525
C1,RandomForestRegressor,Train,566,97.2533
C1,RandomForestRegressor,Train,9,198.1857
C1,RandomForestRegressor,Train,648,11.7647
C1,RandomForestRegressor,Train,610,190.2757
C1,RandomForestRegressor,Train,139,4.6607
C1,RandomForestRegressor,Train,306,199
C1,RandomForestRegressor,Train,428,4.562
C1,RandomForestRegressor,Train,551,21.0396
C1,RandomForestRegressor,Train,53,66.997
C1,RandomForestRegressor,Train,393,231.8182
C1,RandomForestRegressor,Train,338,0.1872
C1,RandomForestRegressor,Train,595,4.6602
C1,RandomForestRegressor,Train,381,203.2466
C1,RandomForestRegressor,Train,607,188.4733
C1,RandomForestRegressor,Train,71,12
C1,RandomForestRegressor,Train,320,9.6
C1,RandomForestRegressor,Train,313,110
C1,RandomForestRegressor,Train,451,2.784
C1,RandomForestRegressor,Train,530,0.5275
C1,RandomForestRegressor,Train,162,1.7279
C1,RandomForestRegressor,Train,144,7.4757
C1,RandomForestRegressor,Train,65,64.5069
C1,RandomForestRegressor,Train,513,1.0911
C1,RandomForestRegressor,Train,590,3.9695
C1,RandomForestRegressor,Train,167,3.4122
C1,RandomForestRegressor,Train,153,8.2082
C1,RandomForestRegressor,Train,67,58.7044
C1,RandomForestRegressor,Train,10,189.6709
C1,RandomForestRegressor,Train,576,194.3514
C1,RandomForestRegressor,Train,422,2.4793
C1,RandomForestRegressor,Train,309,170
C1,RandomForestRegressor,Train,348,8.0216
C1,RandomForestRegressor,Train,563,19.9014
C1,RandomForestRegressor,Train,653,178.2805
C1,RandomForestRegressor,Train,585,204.3982
C1,RandomForestRegressor,Train,471,2.3226
C1,RandomForestRegressor,Train,180,52.7921
C1,RandomForestRegressor,Train,611,190.3014
C1,RandomForestRegressor,Train,103,15.0427
C1,RandomForestRegressor,Train,472,2.5161
C1,RandomForestRegressor,Train,467,0.4355
C1,RandomForestRegressor,Train,54,69.8308
C1,RandomForestRegressor,Train,506,0.4892
C1,RandomForestRegressor,Train,175,9.6674
C1,RandomForestRegressor,Train,469,1.6452
C1,RandomForestRegressor,Train,594,4.5061
C1,RandomForestRegressor,Train,606,182.4439
C1,RandomForestRegressor,Train,136,2.4124
C1,RandomForestRegressor,Train,500,0.8782
C1,RandomForestRegressor,Train,528,-0.0329
C1,RandomForestRegressor,Train,356,10.9285
C1,RandomForestRegressor,Train,101,8.3687
C1,RandomForestRegressor,Train,176,3.9349
C1,RandomForestRegressor,Train,407,0.1875
C1,RandomForestRegressor,Train,508,0.7214
C1,RandomForestRegressor,Train,277,25.3552
C1,RandomForestRegressor,Train,439,0.8125
C1,RandomForestRegressor,Train,316,9.8
C1,RandomForestRegressor,Train,486,0.5937
C1,RandomForestRegressor,Train,110,10
C1,RandomForestRegressor,Train,44,55.2411
C1,RandomForestRegressor,Train,452,2.832
C1,RandomForestRegressor,Train,241,18
C1,RandomForestRegressor,Train,195,98.0734
C1,RandomForestRegressor,Train,182,40.2656
C1,RandomForestRegressor,Train,351,9.76
C1,RandomForestRegressor,Train,385,266.4502
C1,RandomForestRegressor,Train,296,210
C1,RandomForestRegressor,Train,478,0.0625
C1,RandomForestRegressor,Train,399,206.4592
C1,RandomForestRegressor,Train,155,42.7149
C1,RandomForestRegressor,Train,299,160
C1,RandomForestRegressor,Train,56,71.4614
C1,RandomForestRegressor,Train,11,55.825
C1,RandomForestRegressor,Train,178,32.7076
C1,RandomForestRegressor,Train,603,10.7927
C1,RandomForestRegressor,Train,663,3.9662
C1,RandomForestRegressor,Train,5,178.1616
C1,RandomForestRegressor,Train,263,36
C1,RandomForestRegressor,Train,300,115
C1,RandomForestRegressor,Train,669,4.6774
C1,RandomForestRegressor,Train,315,0
C1,RandomForestRegressor,Train,518,0.541
C1,RandomForestRegressor,Train,216,75.6454
C1,RandomForestRegressor,Train,22,169.1834
C1,RandomForestRegressor,Train,397,178.0901
C1,RandomForestRegressor,Train,609,190.1513
C1,RandomForestRegressor,Train,121,14.8143
C1,RandomForestRegressor,Train,628,128.5068
C1,RandomForestRegressor,Train,177,15.8993
C1,RandomForestRegressor,Train,61,45.1337
C1,RandomForestRegressor,Train,501,0.8787
C1,RandomForestRegressor,Train,243,17
C1,RandomForestRegressor,Train,260,55
C1,RandomForestRegressor,Train,504,0.3351
C1,RandomForestRegressor,Train,649,145.2489
C1,RandomForestRegressor,Train,127,9.7231
C1,RandomForestRegressor,Train,510,0.9325
C1,RandomForestRegressor,Train,69,90
C1,RandomForestRegressor,Train,303,200
C1,RandomForestRegressor,Train,285,16.1
C1,RandomForestRegressor,Train,194,88.3651
C1,RandomForestRegressor,Train,415,2.6875
C1,RandomForestRegressor,Train,253,26
C1,RandomForestRegressor,Train,507,0.6363
C1,RandomForestRegressor,Train,197,16.661
C1,RandomForestRegressor,Train,84,12.411
C1,RandomForestRegressor,Train,495,0.439
C1,RandomForestRegressor,Train,540,0.2479
C1,RandomForestRegressor,Train,337,0.1123
C1,RandomForestRegressor,Train,406,0.0568
C1,RandomForestRegressor,Train,161,95.3006
C1,RandomForestRegressor,Train,6,196.9007
C1,RandomForestRegressor,Train,624,113.5747
C1,RandomForestRegressor,Train,382,176.4069
C1,RandomForestRegressor,Train,569,117.0022
C1,RandomForestRegressor,Train,172,8.9135
C1,RandomForestRegressor,Train,660,19.09
C1,RandomForestRegressor,Train,666,11.2
C1,RandomForestRegressor,Train,488,0.6875
C1,RandomForestRegressor,Train,191,50.0692
C1,RandomForestRegressor,Train,379,256.0606
C1,RandomForestRegressor,Train,545,2.9256
C1,RandomForestRegressor,Train,218,140.1645
C1,RandomForestRegressor,Train,416,2.75
C1,RandomForestRegressor,Train,288,14.5
C1,RandomForestRegressor,Train,187,67.1065
C1,RandomForestRegressor,Train,163,2.005
C1,RandomForestRegressor,Train,543,2.033
C1,RandomForestRegressor,Train,124,4.7621
C1,RandomForestRegressor,Train,463,0.6518
C1,RandomForestRegressor,Train,157,70.5282
C1,RandomForestRegressor,Train,236,0
C1,RandomForestRegressor,Train,129,11.7748
C1,RandomForestRegressor,Train,134,4.7968
C1,RandomForestRegressor,Train,570,120.2191
C1,RandomForestRegressor,Train,616,32.1267
C1,RandomForestRegressor,Train,634,177.3756
C1,RandomForestRegressor,Train,13,164.5415
C1,RandomForestRegressor,Train,245,15.5
C1,RandomForestRegressor,Train,347,12.5401
C1,RandomForestRegressor,Train,7,203.5289
C1,RandomForestRegressor,Train,332,8.8
C1,RandomForestRegressor,Train,196,10.8544
C1,RandomForestRegressor,Train,330,9
C1,RandomForestRegressor,Train,365,3.4934
C1,RandomForestRegressor,Train,433,0.25
C1,RandomForestRegressor,Train,489,0.7188
C1,RandomForestRegressor,Train,363,5.2402
C1,RandomForestRegressor,Train,70,30
C1,RandomForestRegressor,Train,499,0.878
C1,RandomForestRegressor,Train,36,171.4973
C1,RandomForestRegressor,Train,211,143.58
C1,RandomForestRegressor,Train,118,11.7251
C1,RandomForestRegressor,Train,619,2.2624
C1,RandomForestRegressor,Train,179,47.5037
C1,RandomForestRegressor,Train,573,120.9294
C1,RandomForestRegressor,Train,86,12.286
C1,RandomForestRegressor,Train,661,12.93
C1,RandomForestRegressor,Train,79,62.9884
C1,RandomForestRegressor,Train,143,7.4165
C1,RandomForestRegressor,Train,524,1.2789
C1,RandomForestRegressor,Train,380,249.1342
C1,RandomForestRegressor,Train,423,3.4215
C1,RandomForestRegressor,Train,357,13.1703
C1,RandomForestRegressor,Train,184,3.8774
C1,RandomForestRegressor,Train,352,10.1342
C1,RandomForestRegressor,Train,492,-0.0488
C1,RandomForestRegressor,Train,152,8.0988
C1,RandomForestRegressor,Train,73,2
C1,RandomForestRegressor,Train,289,14.2
C1,RandomForestRegressor,Train,16,187.171
C1,RandomForestRegressor,Train,273,16.5508
C1,RandomForestRegressor,Train,542,1.0405
C1,RandomForestRegressor,Train,487,0.6573
C1,RandomForestRegressor,Train,629,162.4434
C1,RandomForestRegressor,Train,261,48
C1,RandomForestRegressor,Train,122,14.0871
C1,RandomForestRegressor,Train,335,0.1123
C1,RandomForestRegressor,Train,417,2.7813
C1,RandomForestRegressor,Train,578,199.8271
C1,RandomForestRegressor,Train,587,207.3981
C1,RandomForestRegressor,Train,414,2.5938
C1,RandomForestRegressor,Train,251,34
C1,RandomForestRegressor,Train,662,9.42
C1,RandomForestRegressor,Train,235,0
C1,RandomForestRegressor,Train,374,151.0303
C1,RandomForestRegressor,Train,326,8.6
C1,RandomForestRegressor,Train,281,30.1344
C1,RandomForestRegressor,Train,620,4.0724
C1,RandomForestRegressor,Train,90,20.1088
C1,RandomForestRegressor,Train,419,0.2975
C1,RandomForestRegressor,Train,453,2.7841
C1,RandomForestRegressor,Train,592,3.7292
C1,RandomForestRegressor,Train,479,0.0833
C1,RandomForestRegressor,Train,562,19.9007
C1,RandomForestRegressor,Train,618,33.9367
C1,RandomForestRegressor,Train,133,7.7838
C1,RandomForestRegressor,Train,483,0.4379
C1,RandomForestRegressor,Train,391,261.2554
C1,RandomForestRegressor,Train,18,180.7351
C1,RandomForestRegressor,Train,396,160.5788
C1,RandomForestRegressor,Train,355,10.9333
C1,RandomForestRegressor,Train,636,202.2624
C1,RandomForestRegressor,Train,547,3.3719
C1,RandomForestRegressor,Train,204,10.8544
C1,RandomForestRegressor,Train,468,1.1613
C1,RandomForestRegressor,Train,561,19.9005
C1,RandomForestRegressor,Train,183,56.7066
C1,RandomForestRegressor,Train,159,90.713
C1,RandomForestRegressor,Train,117,13.7027
C1,RandomForestRegressor,Train,394,179.8701
C1,RandomForestRegressor,Train,527,-0.1319
C1,RandomForestRegressor,Train,371,7.3913
C1,RandomForestRegressor,Train,333,8.2
C1,RandomForestRegressor,Train,45,77.8966
C1,RandomForestRegressor,Train,327,8.9
C1,RandomForestRegressor,Train,536,1.1869
C1,RandomForestRegressor,Train,671,5.4793
C1,RandomForestRegressor,Train,623,4.9773
C1,RandomForestRegressor,Train,221,16.661
C1,RandomForestRegressor,Train,512,1.0682
C1,RandomForestRegressor,Train,206,31.2926
C1,RandomForestRegressor,Train,612,190.7779
C1,RandomForestRegressor,Train,466,0.2074
C1,RandomForestRegressor,Train,346,11.1176
C1,RandomForestRegressor,Train,233,0
C1,RandomForestRegressor,Train,532,0.9231
C1,RandomForestRegressor,Train,370,10.8696
C1,RandomForestRegressor,Train,475,2.6613
C1,RandomForestRegressor,Train,87,17.4132
C1,RandomForestRegressor,Train,534,1.088
C1,RandomForestRegressor,Train,302,0
C1,RandomForestRegressor,Train,665,9.5675
C1,RandomForestRegressor,Train,314,80
C1,RandomForestRegressor,Train,219,144.8177
C1,RandomForestRegressor,Train,537,1.1935
C1,RandomForestRegressor,Train,142,6.9943
C1,RandomForestRegressor,Train,388,191.9913
C1,RandomForestRegressor,Train,465,0.6823
C1,RandomForestRegressor,Train,588,208.3905
C1,RandomForestRegressor,Train,108,16.7484
C1,RandomForestRegressor,Train,40,187.7603
C1,RandomForestRegressor,Train,14,175.7096
C1,RandomForestRegressor,Train,322,9.6
C1,RandomForestRegressor,Train,438,0.7813
C1,RandomForestRegressor,Train,622,4.5249
C1,RandomForestRegressor,Train,440,0.8125
C1,RandomForestRegressor,Train,384,246.5368
C1,RandomForestRegressor,Train,185,19.2773
C1,RandomForestRegressor,Train,192,60.0842
C1,RandomForestRegressor,Train,105,13.9905
C1,RandomForestRegressor,Train,223,60.2934
C1,RandomForestRegressor,Train,581,202.7626
C1,RandomForestRegressor,Train,30,178
C1,RandomForestRegressor,Train,262,43
C1,RandomForestRegressor,Train,116,12.2315
C1,RandomForestRegressor,Train,550,18.5644
C1,RandomForestRegressor,Train,401,222.5413
C1,RandomForestRegressor,Train,34,143.7129
C1,RandomForestRegressor,Train,269,14.1204
C1,RandomForestRegressor,Train,257,62
C1,RandomForestRegressor,Train,408,0.525
C1,RandomForestRegressor,Train,43,35.8031
C1,RandomForestRegressor,Train,517,0.4426
C1,RandomForestRegressor,Train,247,11
C1,RandomForestRegressor,Train,529,0.3956
C1,RandomForestRegressor,Train,97,12.9034
C1,RandomForestRegressor,Train,655,5.0188
C1,RandomForestRegressor,Train,584,203.5592
C1,RandomForestRegressor,Train,462,0.6512
C1,RandomForestRegressor,Train,637,206.7873
C1,RandomForestRegressor,Train,557,24.7571
C1,RandomForestRegressor,Train,443,1.008
C1,RandomForestRegressor,Train,640,5.4298
C1,RandomForestRegressor,Train,301,99
C1,RandomForestRegressor,Train,398,189.0305
C1,RandomForestRegressor,Train,377,31.8134
C1,RandomForestRegressor,Train,297,205
C1,RandomForestRegressor,Train,230,0
C1,RandomForestRegressor,Train,201,88.117
C1,RandomForestRegressor,Train,454,-0.0311
C1,RandomForestRegressor,Train,589,209.3641
C1,RandomForestRegressor,Train,378,235.2814
C1,RandomForestRegressor,Train,186,46.1627
C1,RandomForestRegressor,Train,456,0.0318
C1,RandomForestRegressor,Train,254,22
C1,RandomForestRegressor,Train,498,0.7805
C1,RandomForestRegressor,Train,614,28.5068
C1,RandomForestRegressor,Train,564,19.9019
C1,RandomForestRegressor,Train,386,265.5844
C1,RandomForestRegressor,Train,459,0.3721
C1,RandomForestRegressor,Train,295,225
C1,RandomForestRegressor,Train,450,2.74
C1,RandomForestRegressor,Train,339,0.1497
C1,RandomForestRegressor,Train,23,185.6084
C1,RandomForestRegressor,Train,345,10.3316
C1,RandomForestRegressor,Train,342,3.5187
C1,RandomForestRegressor,Train,102,14.3145
C1,RandomForestRegressor,Train,658,13.7265
C1,RandomForestRegressor,Train,266,9.2885
C1,RandomForestRegressor,Train,202,105.5386
C1,RandomForestRegressor,Train,33,75
C1,RandomForestRegressor,Train,672,7.9032
C1,RandomForestRegressor,Train,577,199.826
C1,RandomForestRegressor,Train,112,2
C1,RandomForestRegressor,Train,94,12.6758
C1,RandomForestRegressor,Train,47,100.5808
C1,RandomForestRegressor,Train,26,184.3807
C1,RandomForestRegressor,Train,552,21.0401
C1,RandomForestRegressor,Train,317,9.7
C1,RandomForestRegressor,Train,128,10.5788
C1,RandomForestRegressor,Train,198,31.2926
C1,RandomForestRegressor,Train,354,10.8798
C1,RandomForestRegressor,Train,37,175.4161
C1,RandomForestRegressor,Train,193,82.2821
C1,RandomForestRegressor,Train,88,17.5699
C1,RandomForestRegressor,Train,275,15.5572
C1,RandomForestRegressor,Train,111,5
C1,RandomForestRegressor,Train,268,12.5684
C1,RandomForestRegressor,Train,267,11.5498
C1,RandomForestRegressor,Train,20,37.4042
C1,RandomForestRegressor,Train,312,148
C1,RandomForestRegressor,Train,3,45.9523
C1,RandomForestRegressor,Train,402,229.0834
C1,RandomForestRegressor,Train,344,8.8717
C1,RandomForestRegressor,Train,644,6.7873
C1,RandomForestRegressor,Train,120,12.3402
C1,RandomForestRegressor,Train,359,11.4585
C1,RandomForestRegressor,Train,364,4.7511
C1,RandomForestRegressor,Train,83,4.2137
C1,RandomForestRegressor,Train,519,0.7869
C1,RandomForestRegressor,Train,231,0
C1,RandomForestRegressor,Train,141,6.4234
C1,RandomForestRegressor,Train,410,1.375
C1,RandomForestRegressor,Train,279,28.4955
C1,RandomForestRegressor,Train,228,0
C1,RandomForestRegressor,Train,224,79.7532
C1,RandomForestRegressor,Train,95,19.3671
C1,RandomForestRegressor,Train,248,35
C1,RandomForestRegressor,Train,31,145
C1,RandomForestRegressor,Train,81,56.3548
C1,RandomForestRegressor,Train,568,114.8951
C1,RandomForestRegressor,Train,553,23.5149
C1,RandomForestRegressor,Train,449,2.736
C1,RandomForestRegressor,Train,387,240.4761
C1,RandomForestRegressor,Train,174,9.5591
C1,RandomForestRegressor,Train,630,175.1131
C1,RandomForestRegressor,Train,240,18
C1,RandomForestRegressor,Train,358,13.9039
C1,RandomForestRegressor,Train,19,182.1148
C1,RandomForestRegressor,Train,645,8.5973
C1,RandomForestRegressor,Train,189,16.661
C1,RandomForestRegressor,Train,643,8.5973
C1,RandomForestRegressor,Train,63,73.8302
C1,RandomForestRegressor,Train,205,16.661
C1,RandomForestRegressor,Train,325,8.8
C1,RandomForestRegressor,Train,329,9.2
C1,RandomForestRegressor,Train,368,15.2174
C1,RandomForestRegressor,Train,321,9.6
C1,RandomForestRegressor,Train,565,19.9022
C1,RandomForestRegressor,Train,77,62.9884
C1,RandomForestRegressor,Train,674,4.8387
C1,RandomForestRegressor,Train,190,31.2926
C1,RandomForestRegressor,Train,546,3.124
C1,RandomForestRegressor,Train,580,201.6556
C1,RandomForestRegressor,Train,328,9
C1,RandomForestRegressor,Train,343,6.4011
C1,RandomForestRegressor,Train,324,8
C1,RandomForestRegressor,Train,35,163.7025
C1,RandomForestRegressor,Train,657,12.7399
C1,RandomForestRegressor,Train,400,213.0824
C1,RandomForestRegressor,Train,298,198
C1,RandomForestRegressor,Train,509,0.8453
C1,RandomForestRegressor,Train,426,4.4132
C1,RandomForestRegressor,Train,119,13.7934
C1,RandomForestRegressor,Train,642,7.6923
C1,RandomForestRegressor,Train,74,53.0534
C1,RandomForestRegressor,Train,602,10.7843
C1,RandomForestRegressor,Train,574,177.8478
C1,RandomForestRegressor,Train,106,15.3742
C1,RandomForestRegressor,Test,458,0.186
C1,RandomForestRegressor,Test,641,7.2398
C1,RandomForestRegressor,Test,318,9.6
C1,RandomForestRegressor,Test,436,0.5022
C1,RandomForestRegressor,Test,283,16.2
C1,RandomForestRegressor,Test,24,190.4266
C1,RandomForestRegressor,Test,473,2.613
C1,RandomForestRegressor,Test,29,189
C1,RandomForestRegressor,Test,282,16.3
C1,RandomForestRegressor,Test,362,6.4279
C1,RandomForestRegressor,Test,104,11.6415
C1,RandomForestRegressor,Test,617,33.0317
C1,RandomForestRegressor,Test,229,0
C1,RandomForestRegressor,Test,404,250.7447
C1,RandomForestRegressor,Test,209,111.1716
C1,RandomForestRegressor,Test,613,190.898
C1,RandomForestRegressor,Test,621,4.5249
C1,RandomForestRegressor,Test,604,10.9963
C1,RandomForestRegressor,Test,659,15.0992
C1,RandomForestRegressor,Test,600,9.8831
C1,RandomForestRegressor,Test,670,5.4838
C1,RandomForestRegressor,Test,526,-0.2037
C1,RandomForestRegressor,Test,115,13.052
C1,RandomForestRegressor,Test,635,192.7602
C1,RandomForestRegressor,Test,434,0.2912
C1,RandomForestRegressor,Test,59,68.9452
C1,RandomForestRegressor,Test,503,0.2767
C1,RandomForestRegressor,Test,631,185.9728
C1,RandomForestRegressor,Test,270,15.1055
C1,RandomForestRegressor,Test,259,58
C1,RandomForestRegressor,Test,625,120.8145
C1,RandomForestRegressor,Test,367,16.087
C1,RandomForestRegressor,Test,336,0.1123
C1,RandomForestRegressor,Test,226,145.1216
C1,RandomForestRegressor,Test,477,2.7581
C1,RandomForestRegressor,Test,181,18.4769
C1,RandomForestRegressor,Test,427,4.5124
C1,RandomForestRegressor,Test,294,249
C1,RandomForestRegressor,Test,8,206.3056
C1,RandomForestRegressor,Test,238,0
C1,RandomForestRegressor,Test,533,1.0549
C1,RandomForestRegressor,Test,586,206.4247
C1,RandomForestRegressor,Test,160,89.7899
C1,RandomForestRegressor,Test,505,0.4294
C1,RandomForestRegressor,Test,272,16.0074
C1,RandomForestRegressor,Test,12,106.0565
C1,RandomForestRegressor,Test,598,9.1233
C1,RandomForestRegressor,Test,138,4.1633
C1,RandomForestRegressor,Test,652,175.5656
C1,RandomForestRegressor,Test,485,0.5314
C1,RandomForestRegressor,Test,646,9.9547
C1,RandomForestRegressor,Test,583,202.3422
C1,RandomForestRegressor,Test,200,64.3502
C1,RandomForestRegressor,Test,237,0
C1,RandomForestRegressor,Test,591,4.8793
C1,RandomForestRegressor,Test,265,12
C1,RandomForestRegressor,Test,76,59.3029
C1,RandomForestRegressor,Test,57,69.7061
C1,RandomForestRegressor,Test,307,180
C1,RandomForestRegressor,Test,46,99.3482
C1,RandomForestRegressor,Test,447,2.16
C1,RandomForestRegressor,Test,481,0.2188
C1,RandomForestRegressor,Test,597,5.0142
C1,RandomForestRegressor,Test,520,0.7869
C1,RandomForestRegressor,Test,148,7.5219
C1,RandomForestRegressor,Test,412,2.25
C1,RandomForestRegressor,Test,246,14
C1,RandomForestRegressor,Test,255,18
C1,RandomForestRegressor,Test,575,192.2679
C1,RandomForestRegressor,Test,114,11.8012
C1,RandomForestRegressor,Test,441,0.9063
C1,RandomForestRegressor,Test,405,259.154
C1,RandomForestRegressor,Test,278,27.2644
C1,RandomForestRegressor,Test,430,0.125
C1,RandomForestRegressor,Test,490,-0.453
C1,RandomForestRegressor,Test,608,189.3702
C1,RandomForestRegressor,Test,199,52.5128
C1,RandomForestRegressor,Test,353,10.6981
C1,RandomForestRegressor,Test,673,5.4839
C1,RandomForestRegressor,Test,135,3.1846
C1,RandomForestRegressor,Test,130,13.7867
C1,RandomForestRegressor,Test,147,7.4193
C1,RandomForestRegressor,Test,340,0.8984
C1,RandomForestRegressor,Test,493,0.0876
C1,RandomForestRegressor,Test,521,0.9836
C1,RandomForestRegressor,Test,435,0.4375
C1,RandomForestRegressor,Test,38,183.7787
C1,RandomForestRegressor,Test,571,121.2021
C1,RandomForestRegressor,Test,256,15
C1,RandomForestRegressor,Test,496,0.5853
C1,RandomForestRegressor,Test,601,10.6555
C1,RandomForestRegressor,Test,173,9.3506
C1,RandomForestRegressor,Test,212,10.8544
C1,RandomForestRegressor,Test,311,150
C1,RandomForestRegressor,Test,249,35
C1,RandomForestRegressor,Test,131,10.1205
C1,RandomForestRegressor,Test,647,11.3122
C1,RandomForestRegressor,Test,579,200.6631
C1,RandomForestRegressor,Test,239,18
C1,RandomForestRegressor,Test,171,6.9537
C1,RandomForestRegressor,Test,244,16.5
C1,RandomForestRegressor,Test,334,4.9
C1,RandomForestRegressor,Test,89,19.6706
C1,RandomForestRegressor,Test,137,1.8648
C1,RandomForestRegressor,Test,107,12.3805
C1,RandomForestRegressor,Test,376,122.7272
C1,RandomForestRegressor,Test,91,5.3316
C1,RandomForestRegressor,Test,25,187.3878
C1,RandomForestRegressor,Test,319,9.6
C1,RandomForestRegressor,Test,72,10
C1,RandomForestRegressor,Test,164,2.3002
C1,RandomForestRegressor,Test,49,102.0029
C1,RandomForestRegressor,Test,395,51.7316
C1,RandomForestRegressor,Test,650,159.7285
C1,RandomForestRegressor,Test,149,7.6785
C1,RandomForestRegressor,Test,242,18
C1,RandomForestRegressor,Test,429,4.6612
C1,RandomForestRegressor,Test,166,2.9654
C1,RandomForestRegressor,Test,515,0.1475
C1,RandomForestRegressor,Test,271,15.6958
C1,RandomForestRegressor,Test,292,249
C1,RandomForestRegressor,Test,491,-0.2089
C1,RandomForestRegressor,Test,100,6.0072
C1,RandomForestRegressor,Test,39,184.0091
C1,RandomForestRegressor,Test,145,7.5232
C1,RandomForestRegressor,Test,549,3.4711
C1,RandomForestRegressor,Test,227,154.6933
C1,RandomForestRegressor,Test,615,30.3167
C1,RandomForestRegressor,Test,502,0.0911
C1,RandomForestRegressor,Test,420,1.1893
C1,RandomForestRegressor,Test,476,2.6625
C1,RandomForestRegressor,Test,372,140.919
C1,RandomForestRegressor,Test,151,8.0482
C1,RandomForestRegressor,Test,68,59.7839
C1,RandomForestRegressor,Test,556,24.7564
C1,SVR_RBF,Train,424,4.0661
C1,SVR_RBF,Train,146,7.4684
C1,SVR_RBF,Train,93,15.107
C1,SVR_RBF,Train,323,9.5
C1,SVR_RBF,Train,539,0.0157
C1,SVR_RBF,Train,99,10.9416
C1,SVR_RBF,Train,92,5.6837
C1,SVR_RBF,Train,28,192.4421
C1,SVR_RBF,Train,258,62
C1,SVR_RBF,Train,632,190.4977
C1,SVR_RBF,Train,366,11.7391
C1,SVR_RBF,Train,150,7.8279
C1,SVR_RBF,Train,572,121.0705
C1,SVR_RBF,Train,638,208.5973
C1,SVR_RBF,Train,421,1.8843
C1,SVR_RBF,Train,27,188.2349
C1,SVR_RBF,Train,50,99.7175
C1,SVR_RBF,Train,286,16
C1,SVR_RBF,Train,213,16.661
C1,SVR_RBF,Train,445,1.4355
C1,SVR_RBF,Train,252,31
C1,SVR_RBF,Train,85,7.7779
C1,SVR_RBF,Train,461,0.5271
C1,SVR_RBF,Train,455,0.0117
C1,SVR_RBF,Train,375,137.4459
C1,SVR_RBF,Train,210,132.1477
C1,SVR_RBF,Train,290,11.9
C1,SVR_RBF,Train,15,186.1441
C1,SVR_RBF,Train,535,1.1538
C1,SVR_RBF,Train,596,4.6697
C1,SVR_RBF,Train,514,0.0991
C1,SVR_RBF,Train,651,168.7782
C1,SVR_RBF,Train,62,67.104
C1,SVR_RBF,Train,58,70.945
C1,SVR_RBF,Train,78,62.2973
C1,SVR_RBF,Train,274,16.7407
C1,SVR_RBF,Train,418,0.0232
C1,SVR_RBF,Train,522,1.1411
C1,SVR_RBF,Train,516,0.3443
C1,SVR_RBF,Train,633,193.6651
C1,SVR_RBF,Train,656,9.8231
C1,SVR_RBF,Train,431,0.1437
C1,SVR_RBF,Train,51,36.1086
C1,SVR_RBF,Train,497,0.7317
C1,SVR_RBF,Train,425,4.3637
C1,SVR_RBF,Train,331,8.9
C1,SVR_RBF,Train,413,2.5006
C1,SVR_RBF,Train,109,15
C1,SVR_RBF,Train,42,187.2488
C1,SVR_RBF,Train,75,54.9536
C1,SVR_RBF,Train,432,0.1875
C1,SVR_RBF,Train,626,123.9819
C1,SVR_RBF,Train,480,0.1562
C1,SVR_RBF,Train,222,31.2926
C1,SVR_RBF,Train,442,0.0274
C1,SVR_RBF,Train,460,0.4651
C1,SVR_RBF,Train,21,106.0925
C1,SVR_RBF,Train,55,75.5317
C1,SVR_RBF,Train,291,250
C1,SVR_RBF,Train,217,110.3519
C1,SVR_RBF,Train,392,258.758
C1,SVR_RBF,Train,544,2.5785
C1,SVR_RBF,Train,203,128.8589
C1,SVR_RBF,Train,305,199
C1,SVR_RBF,Train,664,8.0733
C1,SVR_RBF,Train,558,14.9253
C1,SVR_RBF,Train,113,1
C1,SVR_RBF,Train,188,10.8544
C1,SVR_RBF,Train,220,10.8544
C1,SVR_RBF,Train,80,64.4519
C1,SVR_RBF,Train,383,50.8758
C1,SVR_RBF,Train,41,187.5173
C1,SVR_RBF,Train,654,2.3164
C1,SVR_RBF,Train,548,3.3721
C1,SVR_RBF,Train,484,0.4688
C1,SVR_RBF,Train,17,182.9271
C1,SVR_RBF,Train,123,1.9281
C1,SVR_RBF,Train,132,10.8016
C1,SVR_RBF,Train,341,1.9465
C1,SVR_RBF,Train,511,1.0309
C1,SVR_RBF,Train,482,0.2813
C1,SVR_RBF,Train,48,107.2474
C1,SVR_RBF,Train,349,8.6133
C1,SVR_RBF,Train,494,0.1951
C1,SVR_RBF,Train,304,199
C1,SVR_RBF,Train,525,1.3279
C1,SVR_RBF,Train,308,175
C1,SVR_RBF,Train,4,100.6216
C1,SVR_RBF,Train,437,0.625
C1,SVR_RBF,Train,531,0.7582
C1,SVR_RBF,Train,165,2.4016
C1,SVR_RBF,Train,474,2.6613
C1,SVR_RBF,Train,409,0.9991
C1,SVR_RBF,Train,627,126.6968
C1,SVR_RBF,Train,567,110.5493
C1,SVR_RBF,Train,280,29.322
C1,SVR_RBF,Train,82,59.9138
C1,SVR_RBF,Train,605,11.3206
C1,SVR_RBF,Train,350,9.2547
C1,SVR_RBF,Train,470,1.9355
C1,SVR_RBF,Train,446,1.68
C1,SVR_RBF,Train,541,0.3471
C1,SVR_RBF,Train,96,18.5037
C1,SVR_RBF,Train,444,1.392
C1,SVR_RBF,Train,154,21.2041
C1,SVR_RBF,Train,582,194.643
C1,SVR_RBF,Train,140,5.2675
C1,SVR_RBF,Train,125,8.0539
C1,SVR_RBF,Train,60,32.1593
C1,SVR_RBF,Train,52,44.2483
C1,SVR_RBF,Train,560,18.6576
C1,SVR_RBF,Train,225,116.4338
C1,SVR_RBF,Train,287,15
C1,SVR_RBF,Train,403,239.2408
C1,SVR_RBF,Train,158,85.5833
C1,SVR_RBF,Train,389,58.658
C1,SVR_RBF,Train,250,35
C1,SVR_RBF,Train,361,7.7554
C1,SVR_RBF,Train,234,0
C1,SVR_RBF,Train,457,0.124
C1,SVR_RBF,Train,66,60.1467
C1,SVR_RBF,Train,523,1.2087
C1,SVR_RBF,Train,639,3.6199
C1,SVR_RBF,Train,390,239.6104
C1,SVR_RBF,Train,369,11.7391
C1,SVR_RBF,Train,360,9.5371
C1,SVR_RBF,Train,215,63.7857
C1,SVR_RBF,Train,98,11.6115
C1,SVR_RBF,Train,207,58.5204
C1,SVR_RBF,Train,464,0.6822
C1,SVR_RBF,Train,208,64.3514
C1,SVR_RBF,Train,538,0.0122
C1,SVR_RBF,Train,276,21.2415
C1,SVR_RBF,Train,264,28
C1,SVR_RBF,Train,214,31.2926
C1,SVR_RBF,Train,169,5.6234
C1,SVR_RBF,Train,668,11.9228
C1,SVR_RBF,Train,284,16.1
C1,SVR_RBF,Train,168,3.4065
C1,SVR_RBF,Train,293,249
C1,SVR_RBF,Train,448,2.4127
C1,SVR_RBF,Train,599,9.4379
C1,SVR_RBF,Train,232,0
C1,SVR_RBF,Train,559,18.6567
C1,SVR_RBF,Train,593,4.2261
C1,SVR_RBF,Train,373,153.8961
C1,SVR_RBF,Train,411,1.8375
C1,SVR_RBF,Train,667,11.2467
C1,SVR_RBF,Train,64,62.9539
C1,SVR_RBF,Train,126,8.924
C1,SVR_RBF,Train,170,6.1214
C1,SVR_RBF,Train,156,57.1515
C1,SVR_RBF,Train,32,130
C1,SVR_RBF,Train,554,23.5187
C1,SVR_RBF,Train,310,160
C1,SVR_RBF,Train,555,24.7525
C1,SVR_RBF,Train,566,97.2533
C1,SVR_RBF,Train,9,198.1857
C1,SVR_RBF,Train,648,11.7647
C1,SVR_RBF,Train,610,190.2757
C1,SVR_RBF,Train,139,4.6607
C1,SVR_RBF,Train,306,199
C1,SVR_RBF,Train,428,4.562
C1,SVR_RBF,Train,551,21.0396
C1,SVR_RBF,Train,53,66.997
C1,SVR_RBF,Train,393,231.8182
C1,SVR_RBF,Train,338,0.1872
C1,SVR_RBF,Train,595,4.6602
C1,SVR_RBF,Train,381,203.2466
C1,SVR_RBF,Train,607,188.4733
C1,SVR_RBF,Train,71,12
C1,SVR_RBF,Train,320,9.6
C1,SVR_RBF,Train,313,110
C1,SVR_RBF,Train,451,2.784
C1,SVR_RBF,Train,530,0.5275
C1,SVR_RBF,Train,162,1.7279
C1,SVR_RBF,Train,144,7.4757
C1,SVR_RBF,Train,65,64.5069
C1,SVR_RBF,Train,513,1.0911
C1,SVR_RBF,Train,590,3.9695
C1,SVR_RBF,Train,167,3.4122
C1,SVR_RBF,Train,153,8.2082
C1,SVR_RBF,Train,67,58.7044
C1,SVR_RBF,Train,10,189.6709
C1,SVR_RBF,Train,576,194.3514
C1,SVR_RBF,Train,422,2.4793
C1,SVR_RBF,Train,309,170
C1,SVR_RBF,Train,348,8.0216
C1,SVR_RBF,Train,563,19.9014
C1,SVR_RBF,Train,653,178.2805
C1,SVR_RBF,Train,585,204.3982
C1,SVR_RBF,Train,471,2.3226
C1,SVR_RBF,Train,180,52.7921
C1,SVR_RBF,Train,611,190.3014
C1,SVR_RBF,Train,103,15.0427
C1,SVR_RBF,Train,472,2.5161
C1,SVR_RBF,Train,467,0.4355
C1,SVR_RBF,Train,54,69.8308
C1,SVR_RBF,Train,506,0.4892
C1,SVR_RBF,Train,175,9.6674
C1,SVR_RBF,Train,469,1.6452
C1,SVR_RBF,Train,594,4.5061
C1,SVR_RBF,Train,606,182.4439
C1,SVR_RBF,Train,136,2.4124
C1,SVR_RBF,Train,500,0.8782
C1,SVR_RBF,Train,528,-0.0329
C1,SVR_RBF,Train,356,10.9285
C1,SVR_RBF,Train,101,8.3687
C1,SVR_RBF,Train,176,3.9349
C1,SVR_RBF,Train,407,0.1875
C1,SVR_RBF,Train,508,0.7214
C1,SVR_RBF,Train,277,25.3552
C1,SVR_RBF,Train,439,0.8125
C1,SVR_RBF,Train,316,9.8
C1,SVR_RBF,Train,486,0.5937
C1,SVR_RBF,Train,110,10
C1,SVR_RBF,Train,44,55.2411
C1,SVR_RBF,Train,452,2.832
C1,SVR_RBF,Train,241,18
C1,SVR_RBF,Train,195,98.0734
C1,SVR_RBF,Train,182,40.2656
C1,SVR_RBF,Train,351,9.76
C1,SVR_RBF,Train,385,266.4502
C1,SVR_RBF,Train,296,210
C1,SVR_RBF,Train,478,0.0625
C1,SVR_RBF,Train,399,206.4592
C1,SVR_RBF,Train,155,42.7149
C1,SVR_RBF,Train,299,160
C1,SVR_RBF,Train,56,71.4614
C1,SVR_RBF,Train,11,55.825
C1,SVR_RBF,Train,178,32.7076
C1,SVR_RBF,Train,603,10.7927
C1,SVR_RBF,Train,663,3.9662
C1,SVR_RBF,Train,5,178.1616
C1,SVR_RBF,Train,263,36
C1,SVR_RBF,Train,300,115
C1,SVR_RBF,Train,669,4.6774
C1,SVR_RBF,Train,315,0
C1,SVR_RBF,Train,518,0.541
C1,SVR_RBF,Train,216,75.6454
C1,SVR_RBF,Train,22,169.1834
C1,SVR_RBF,Train,397,178.0901
C1,SVR_RBF,Train,609,190.1513
C1,SVR_RBF,Train,121,14.8143
C1,SVR_RBF,Train,628,128.5068
C1,SVR_RBF,Train,177,15.8993
C1,SVR_RBF,Train,61,45.1337
C1,SVR_RBF,Train,501,0.8787
C1,SVR_RBF,Train,243,17
C1,SVR_RBF,Train,260,55
C1,SVR_RBF,Train,504,0.3351
C1,SVR_RBF,Train,649,145.2489
C1,SVR_RBF,Train,127,9.7231
C1,SVR_RBF,Train,510,0.9325
C1,SVR_RBF,Train,69,90
C1,SVR_RBF,Train,303,200
C1,SVR_RBF,Train,285,16.1
C1,SVR_RBF,Train,194,88.3651
C1,SVR_RBF,Train,415,2.6875
C1,SVR_RBF,Train,253,26
C1,SVR_RBF,Train,507,0.6363
C1,SVR_RBF,Train,197,16.661
C1,SVR_RBF,Train,84,12.411
C1,SVR_RBF,Train,495,0.439
C1,SVR_RBF,Train,540,0.2479
C1,SVR_RBF,Train,337,0.1123
C1,SVR_RBF,Train,406,0.0568
C1,SVR_RBF,Train,161,95.3006
C1,SVR_RBF,Train,6,196.9007
C1,SVR_RBF,Train,624,113.5747
C1,SVR_RBF,Train,382,176.4069
C1,SVR_RBF,Train,569,117.0022
C1,SVR_RBF,Train,172,8.9135
C1,SVR_RBF,Train,660,19.09
C1,SVR_RBF,Train,666,11.2
C1,SVR_RBF,Train,488,0.6875
C1,SVR_RBF,Train,191,50.0692
C1,SVR_RBF,Train,379,256.0606
C1,SVR_RBF,Train,545,2.9256
C1,SVR_RBF,Train,218,140.1645
C1,SVR_RBF,Train,416,2.75
C1,SVR_RBF,Train,288,14.5
C1,SVR_RBF,Train,187,67.1065
C1,SVR_RBF,Train,163,2.005
C1,SVR_RBF,Train,543,2.033
C1,SVR_RBF,Train,124,4.7621
C1,SVR_RBF,Train,463,0.6518
C1,SVR_RBF,Train,157,70.5282
C1,SVR_RBF,Train,236,0
C1,SVR_RBF,Train,129,11.7748
C1,SVR_RBF,Train,134,4.7968
C1,SVR_RBF,Train,570,120.2191
C1,SVR_RBF,Train,616,32.1267
C1,SVR_RBF,Train,634,177.3756
C1,SVR_RBF,Train,13,164.5415
C1,SVR_RBF,Train,245,15.5
C1,SVR_RBF,Train,347,12.5401
C1,SVR_RBF,Train,7,203.5289
C1,SVR_RBF,Train,332,8.8
C1,SVR_RBF,Train,196,10.8544
C1,SVR_RBF,Train,330,9
C1,SVR_RBF,Train,365,3.4934
C1,SVR_RBF,Train,433,0.25
C1,SVR_RBF,Train,489,0.7188
C1,SVR_RBF,Train,363,5.2402
C1,SVR_RBF,Train,70,30
C1,SVR_RBF,Train,499,0.878
C1,SVR_RBF,Train,36,171.4973
C1,SVR_RBF,Train,211,143.58
C1,SVR_RBF,Train,118,11.7251
C1,SVR_RBF,Train,619,2.2624
C1,SVR_RBF,Train,179,47.5037
C1,SVR_RBF,Train,573,120.9294
C1,SVR_RBF,Train,86,12.286
C1,SVR_RBF,Train,661,12.93
C1,SVR_RBF,Train,79,62.9884
C1,SVR_RBF,Train,143,7.4165
C1,SVR_RBF,Train,524,1.2789
C1,SVR_RBF,Train,380,249.1342
C1,SVR_RBF,Train,423,3.4215
C1,SVR_RBF,Train,357,13.1703
C1,SVR_RBF,Train,184,3.8774
C1,SVR_RBF,Train,352,10.1342
C1,SVR_RBF,Train,492,-0.0488
C1,SVR_RBF,Train,152,8.0988
C1,SVR_RBF,Train,73,2
C1,SVR_RBF,Train,289,14.2
C1,SVR_RBF,Train,16,187.171
C1,SVR_RBF,Train,273,16.5508
C1,SVR_RBF,Train,542,1.0405
C1,SVR_RBF,Train,487,0.6573
C1,SVR_RBF,Train,629,162.4434
C1,SVR_RBF,Train,261,48
C1,SVR_RBF,Train,122,14.0871
C1,SVR_RBF,Train,335,0.1123
C1,SVR_RBF,Train,417,2.7813
C1,SVR_RBF,Train,578,199.8271
C1,SVR_RBF,Train,587,207.3981
C1,SVR_RBF,Train,414,2.5938
C1,SVR_RBF,Train,251,34
C1,SVR_RBF,Train,662,9.42
C1,SVR_RBF,Train,235,0
C1,SVR_RBF,Train,374,151.0303
C1,SVR_RBF,Train,326,8.6
C1,SVR_RBF,Train,281,30.1344
C1,SVR_RBF,Train,620,4.0724
C1,SVR_RBF,Train,90,20.1088
C1,SVR_RBF,Train,419,0.2975
C1,SVR_RBF,Train,453,2.7841
C1,SVR_RBF,Train,592,3.7292
C1,SVR_RBF,Train,479,0.0833
C1,SVR_RBF,Train,562,19.9007
C1,SVR_RBF,Train,618,33.9367
C1,SVR_RBF,Train,133,7.7838
C1,SVR_RBF,Train,483,0.4379
C1,SVR_RBF,Train,391,261.2554
C1,SVR_RBF,Train,18,180.7351
C1,SVR_RBF,Train,396,160.5788
C1,SVR_RBF,Train,355,10.9333
C1,SVR_RBF,Train,636,202.2624
C1,SVR_RBF,Train,547,3.3719
C1,SVR_RBF,Train,204,10.8544
C1,SVR_RBF,Train,468,1.1613
C1,SVR_RBF,Train,561,19.9005
C1,SVR_RBF,Train,183,56.7066
C1,SVR_RBF,Train,159,90.713
C1,SVR_RBF,Train,117,13.7027
C1,SVR_RBF,Train,394,179.8701
C1,SVR_RBF,Train,527,-0.1319
C1,SVR_RBF,Train,371,7.3913
C1,SVR_RBF,Train,333,8.2
C1,SVR_RBF,Train,45,77.8966
C1,SVR_RBF,Train,327,8.9
C1,SVR_RBF,Train,536,1.1869
C1,SVR_RBF,Train,671,5.4793
C1,SVR_RBF,Train,623,4.9773
C1,SVR_RBF,Train,221,16.661
C1,SVR_RBF,Train,512,1.0682
C1,SVR_RBF,Train,206,31.2926
C1,SVR_RBF,Train,612,190.7779
C1,SVR_RBF,Train,466,0.2074
C1,SVR_RBF,Train,346,11.1176
C1,SVR_RBF,Train,233,0
C1,SVR_RBF,Train,532,0.9231
C1,SVR_RBF,Train,370,10.8696
C1,SVR_RBF,Train,475,2.6613
C1,SVR_RBF,Train,87,17.4132
C1,SVR_RBF,Train,534,1.088
C1,SVR_RBF,Train,302,0
C1,SVR_RBF,Train,665,9.5675
C1,SVR_RBF,Train,314,80
C1,SVR_RBF,Train,219,144.8177
C1,SVR_RBF,Train,537,1.1935
C1,SVR_RBF,Train,142,6.9943
C1,SVR_RBF,Train,388,191.9913
C1,SVR_RBF,Train,465,0.6823
C1,SVR_RBF,Train,588,208.3905
C1,SVR_RBF,Train,108,16.7484
C1,SVR_RBF,Train,40,187.7603
C1,SVR_RBF,Train,14,175.7096
C1,SVR_RBF,Train,322,9.6
C1,SVR_RBF,Train,438,0.7813
C1,SVR_RBF,Train,622,4.5249
C1,SVR_RBF,Train,440,0.8125
C1,SVR_RBF,Train,384,246.5368
C1,SVR_RBF,Train,185,19.2773
C1,SVR_RBF,Train,192,60.0842
C1,SVR_RBF,Train,105,13.9905
C1,SVR_RBF,Train,223,60.2934
C1,SVR_RBF,Train,581,202.7626
C1,SVR_RBF,Train,30,178
C1,SVR_RBF,Train,262,43
C1,SVR_RBF,Train,116,12.2315
C1,SVR_RBF,Train,550,18.5644
C1,SVR_RBF,Train,401,222.5413
C1,SVR_RBF,Train,34,143.7129
C1,SVR_RBF,Train,269,14.1204
C1,SVR_RBF,Train,257,62
C1,SVR_RBF,Train,408,0.525
C1,SVR_RBF,Train,43,35.8031
C1,SVR_RBF,Train,517,0.4426
C1,SVR_RBF,Train,247,11
C1,SVR_RBF,Train,529,0.3956
C1,SVR_RBF,Train,97,12.9034
C1,SVR_RBF,Train,655,5.0188
C1,SVR_RBF,Train,584,203.5592
C1,SVR_RBF,Train,462,0.6512
C1,SVR_RBF,Train,637,206.7873
C1,SVR_RBF,Train,557,24.7571
C1,SVR_RBF,Train,443,1.008
C1,SVR_RBF,Train,640,5.4298
C1,SVR_RBF,Train,301,99
C1,SVR_RBF,Train,398,189.0305
C1,SVR_RBF,Train,377,31.8134
C1,SVR_RBF,Train,297,205
C1,SVR_RBF,Train,230,0
C1,SVR_RBF,Train,201,88.117
C1,SVR_RBF,Train,454,-0.0311
C1,SVR_RBF,Train,589,209.3641
C1,SVR_RBF,Train,378,235.2814
C1,SVR_RBF,Train,186,46.1627
C1,SVR_RBF,Train,456,0.0318
C1,SVR_RBF,Train,254,22
C1,SVR_RBF,Train,498,0.7805
C1,SVR_RBF,Train,614,28.5068
C1,SVR_RBF,Train,564,19.9019
C1,SVR_RBF,Train,386,265.5844
C1,SVR_RBF,Train,459,0.3721
C1,SVR_RBF,Train,295,225
C1,SVR_RBF,Train,450,2.74
C1,SVR_RBF,Train,339,0.1497
C1,SVR_RBF,Train,23,185.6084
C1,SVR_RBF,Train,345,10.3316
C1,SVR_RBF,Train,342,3.5187
C1,SVR_RBF,Train,102,14.3145
C1,SVR_RBF,Train,658,13.7265
C1,SVR_RBF,Train,266,9.2885
C1,SVR_RBF,Train,202,105.5386
C1,SVR_RBF,Train,33,75
C1,SVR_RBF,Train,672,7.9032
C1,SVR_RBF,Train,577,199.826
C1,SVR_RBF,Train,112,2
C1,SVR_RBF,Train,94,12.6758
C1,SVR_RBF,Train,47,100.5808
C1,SVR_RBF,Train,26,184.3807
C1,SVR_RBF,Train,552,21.0401
C1,SVR_RBF,Train,317,9.7
C1,SVR_RBF,Train,128,10.5788
C1,SVR_RBF,Train,198,31.2926
C1,SVR_RBF,Train,354,10.8798
C1,SVR_RBF,Train,37,175.4161
C1,SVR_RBF,Train,193,82.2821
C1,SVR_RBF,Train,88,17.5699
C1,SVR_RBF,Train,275,15.5572
C1,SVR_RBF,Train,111,5
C1,SVR_RBF,Train,268,12.5684
C1,SVR_RBF,Train,267,11.5498
C1,SVR_RBF,Train,20,37.4042
C1,SVR_RBF,Train,312,148
C1,SVR_RBF,Train,3,45.9523
C1,SVR_RBF,Train,402,229.0834
C1,SVR_RBF,Train,344,8.8717
C1,SVR_RBF,Train,644,6.7873
C1,SVR_RBF,Train,120,12.3402
C1,SVR_RBF,Train,359,11.4585
C1,SVR_RBF,Train,364,4.7511
C1,SVR_RBF,Train,83,4.2137
C1,SVR_RBF,Train,519,0.7869
C1,SVR_RBF,Train,231,0
C1,SVR_RBF,Train,141,6.4234
C1,SVR_RBF,Train,410,1.375
C1,SVR_RBF,Train,279,28.4955
C1,SVR_RBF,Train,228,0
C1,SVR_RBF,Train,224,79.7532
C1,SVR_RBF,Train,95,19.3671
C1,SVR_RBF,Train,248,35
C1,SVR_RBF,Train,31,145
C1,SVR_RBF,Train,81,56.3548
C1,SVR_RBF,Train,568,114.8951
C1,SVR_RBF,Train,553,23.5149
C1,SVR_RBF,Train,449,2.736
C1,SVR_RBF,Train,387,240.4761
C1,SVR_RBF,Train,174,9.5591
C1,SVR_RBF,Train,630,175.1131
C1,SVR_RBF,Train,240,18
C1,SVR_RBF,Train,358,13.9039
C1,SVR_RBF,Train,19,182.1148
C1,SVR_RBF,Train,645,8.5973
C1,SVR_RBF,Train,189,16.661
C1,SVR_RBF,Train,643,8.5973
C1,SVR_RBF,Train,63,73.8302
C1,SVR_RBF,Train,205,16.661
C1,SVR_RBF,Train,325,8.8
C1,SVR_RBF,Train,329,9.2
C1,SVR_RBF,Train,368,15.2174
C1,SVR_RBF,Train,321,9.6
C1,SVR_RBF,Train,565,19.9022
C1,SVR_RBF,Train,77,62.9884
C1,SVR_RBF,Train,674,4.8387
C1,SVR_RBF,Train,190,31.2926
C1,SVR_RBF,Train,546,3.124
C1,SVR_RBF,Train,580,201.6556
C1,SVR_RBF,Train,328,9
C1,SVR_RBF,Train,343,6.4011
C1,SVR_RBF,Train,324,8
C1,SVR_RBF,Train,35,163.7025
C1,SVR_RBF,Train,657,12.7399
C1,SVR_RBF,Train,400,213.0824
C1,SVR_RBF,Train,298,198
C1,SVR_RBF,Train,509,0.8453
C1,SVR_RBF,Train,426,4.4132
C1,SVR_RBF,Train,119,13.7934
C1,SVR_RBF,Train,642,7.6923
C1,SVR_RBF,Train,74,53.0534
C1,SVR_RBF,Train,602,10.7843
C1,SVR_RBF,Train,574,177.8478
C1,SVR_RBF,Train,106,15.3742
C1,SVR_RBF,Test,458,0.186
C1,SVR_RBF,Test,641,7.2398
C1,SVR_RBF,Test,318,9.6
C1,SVR_RBF,Test,436,0.5022
C1,SVR_RBF,Test,283,16.2
C1,SVR_RBF,Test,24,190.4266
C1,SVR_RBF,Test,473,2.613
C1,SVR_RBF,Test,29,189
C1,SVR_RBF,Test,282,16.3
C1,SVR_RBF,Test,362,6.4279
C1,SVR_RBF,Test,104,11.6415
C1,SVR_RBF,Test,617,33.0317
C1,SVR_RBF,Test,229,0
C1,SVR_RBF,Test,404,250.7447
C1,SVR_RBF,Test,209,111.1716
C1,SVR_RBF,Test,613,190.898
C1,SVR_RBF,Test,621,4.5249
C1,SVR_RBF,Test,604,10.9963
C1,SVR_RBF,Test,659,15.0992
C1,SVR_RBF,Test,600,9.8831
C1,SVR_RBF,Test,670,5.4838
C1,SVR_RBF,Test,526,-0.2037
C1,SVR_RBF,Test,115,13.052
C1,SVR_RBF,Test,635,192.7602
C1,SVR_RBF,Test,434,0.2912
C1,SVR_RBF,Test,59,68.9452
C1,SVR_RBF,Test,503,0.2767
C1,SVR_RBF,Test,631,185.9728
C1,SVR_RBF,Test,270,15.1055
C1,SVR_RBF,Test,259,58
C1,SVR_RBF,Test,625,120.8145
C1,SVR_RBF,Test,367,16.087
C1,SVR_RBF,Test,336,0.1123
C1,SVR_RBF,Test,226,145.1216
C1,SVR_RBF,Test,477,2.7581
C1,SVR_RBF,Test,181,18.4769
C1,SVR_RBF,Test,427,4.5124
C1,SVR_RBF,Test,294,249
C1,SVR_RBF,Test,8,206.3056
C1,SVR_RBF,Test,238,0
C1,SVR_RBF,Test,533,1.0549
C1,SVR_RBF,Test,586,206.4247
C1,SVR_RBF,Test,160,89.7899
C1,SVR_RBF,Test,505,0.4294
C1,SVR_RBF,Test,272,16.0074
C1,SVR_RBF,Test,12,106.0565
C1,SVR_RBF,Test,598,9.1233
C1,SVR_RBF,Test,138,4.1633
C1,SVR_RBF,Test,652,175.5656
C1,SVR_RBF,Test,485,0.5314
C1,SVR_RBF,Test,646,9.9547
C1,SVR_RBF,Test,583,202.3422
C1,SVR_RBF,Test,200,64.3502
C1,SVR_RBF,Test,237,0
C1,SVR_RBF,Test,591,4.8793
C1,SVR_RBF,Test,265,12
C1,SVR_RBF,Test,76,59.3029
C1,SVR_RBF,Test,57,69.7061
C1,SVR_RBF,Test,307,180
C1,SVR_RBF,Test,46,99.3482
C1,SVR_RBF,Test,447,2.16
C1,SVR_RBF,Test,481,0.2188
C1,SVR_RBF,Test,597,5.0142
C1,SVR_RBF,Test,520,0.7869
C1,SVR_RBF,Test,148,7.5219
C1,SVR_RBF,Test,412,2.25
C1,SVR_RBF,Test,246,14
C1,SVR_RBF,Test,255,18
C1,SVR_RBF,Test,575,192.2679
C1,SVR_RBF,Test,114,11.8012
C1,SVR_RBF,Test,441,0.9063
C1,SVR_RBF,Test,405,259.154
C1,SVR_RBF,Test,278,27.2644
C1,SVR_RBF,Test,430,0.125
C1,SVR_RBF,Test,490,-0.453
C1,SVR_RBF,Test,608,189.3702
C1,SVR_RBF,Test,199,52.5128
C1,SVR_RBF,Test,353,10.6981
C1,SVR_RBF,Test,673,5.4839
C1,SVR_RBF,Test,135,3.1846
C1,SVR_RBF,Test,130,13.7867
C1,SVR_RBF,Test,147,7.4193
C1,SVR_RBF,Test,340,0.8984
C1,SVR_RBF,Test,493,0.0876
C1,SVR_RBF,Test,521,0.9836
C1,SVR_RBF,Test,435,0.4375
C1,SVR_RBF,Test,38,183.7787
C1,SVR_RBF,Test,571,121.2021
C1,SVR_RBF,Test,256,15
C1,SVR_RBF,Test,496,0.5853
C1,SVR_RBF,Test,601,10.6555
C1,SVR_RBF,Test,173,9.3506
C1,SVR_RBF,Test,212,10.8544
C1,SVR_RBF,Test,311,150
C1,SVR_RBF,Test,249,35
C1,SVR_RBF,Test,131,10.1205
C1,SVR_RBF,Test,647,11.3122
C1,SVR_RBF,Test,579,200.6631
C1,SVR_RBF,Test,239,18
C1,SVR_RBF,Test,171,6.9537
C1,SVR_RBF,Test,244,16.5
C1,SVR_RBF,Test,334,4.9
C1,SVR_RBF,Test,89,19.6706
C1,SVR_RBF,Test,137,1.8648
C1,SVR_RBF,Test,107,12.3805
C1,SVR_RBF,Test,376,122.7272
C1,SVR_RBF,Test,91,5.3316
C1,SVR_RBF,Test,25,187.3878
C1,SVR_RBF,Test,319,9.6
C1,SVR_RBF,Test,72,10
C1,SVR_RBF,Test,164,2.3002
C1,SVR_RBF,Test,49,102.0029
C1,SVR_RBF,Test,395,51.7316
C1,SVR_RBF,Test,650,159.7285
C1,SVR_RBF,Test,149,7.6785
C1,SVR_RBF,Test,242,18
C1,SVR_RBF,Test,429,4.6612
C1,SVR_RBF,Test,166,2.9654
C1,SVR_RBF,Test,515,0.1475
C1,SVR_RBF,Test,271,15.6958
C1,SVR_RBF,Test,292,249
C1,SVR_RBF,Test,491,-0.2089
C1,SVR_RBF,Test,100,6.0072
C1,SVR_RBF,Test,39,184.0091
C1,SVR_RBF,Test,145,7.5232
C1,SVR_RBF,Test,549,3.4711
C1,SVR_RBF,Test,227,154.6933
C1,SVR_RBF,Test,615,30.3167
C1,SVR_RBF,Test,502,0.0911
C1,SVR_RBF,Test,420,1.1893
C1,SVR_RBF,Test,476,2.6625
C1,SVR_RBF,Test,372,140.919
C1,SVR_RBF,Test,151,8.0482
C1,SVR_RBF,Test,68,59.7839
C1,SVR_RBF,Test,556,24.7564
C1,ExtraTreesRegressor,Train,424,4.0661
C1,ExtraTreesRegressor,Train,146,7.4684
C1,ExtraTreesRegressor,Train,93,15.107
C1,ExtraTreesRegressor,Train,323,9.5
C1,ExtraTreesRegressor,Train,539,0.0157
C1,ExtraTreesRegressor,Train,99,10.9416
C1,ExtraTreesRegressor,Train,92,5.6837
C1,ExtraTreesRegressor,Train,28,192.4421
C1,ExtraTreesRegressor,Train,258,62
C1,ExtraTreesRegressor,Train,632,190.4977
C1,ExtraTreesRegressor,Train,366,11.7391
C1,ExtraTreesRegressor,Train,150,7.8279
C1,ExtraTreesRegressor,Train,572,121.0705
C1,ExtraTreesRegressor,Train,638,208.5973
C1,ExtraTreesRegressor,Train,421,1.8843
C1,ExtraTreesRegressor,Train,27,188.2349
C1,ExtraTreesRegressor,Train,50,99.7175
C1,ExtraTreesRegressor,Train,286,16
C1,ExtraTreesRegressor,Train,213,16.661
C1,ExtraTreesRegressor,Train,445,1.4355
C1,ExtraTreesRegressor,Train,252,31
C1,ExtraTreesRegressor,Train,85,7.7779
C1,ExtraTreesRegressor,Train,461,0.5271
C1,ExtraTreesRegressor,Train,455,0.0117
C1,ExtraTreesRegressor,Train,375,137.4459
C1,ExtraTreesRegressor,Train,210,132.1477
C1,ExtraTreesRegressor,Train,290,11.9
C1,ExtraTreesRegressor,Train,15,186.1441
C1,ExtraTreesRegressor,Train,535,1.1538
C1,ExtraTreesRegressor,Train,596,4.6697
C1,ExtraTreesRegressor,Train,514,0.0991
C1,ExtraTreesRegressor,Train,651,168.7782
C1,ExtraTreesRegressor,Train,62,67.104
C1,ExtraTreesRegressor,Train,58,70.945
C1,ExtraTreesRegressor,Train,78,62.2973
C1,ExtraTreesRegressor,Train,274,16.7407
C1,ExtraTreesRegressor,Train,418,0.0232
C1,ExtraTreesRegressor,Train,522,1.1411
C1,ExtraTreesRegressor,Train,516,0.3443
C1,ExtraTreesRegressor,Train,633,193.6651
C1,ExtraTreesRegressor,Train,656,9.8231
C1,ExtraTreesRegressor,Train,431,0.1437
C1,ExtraTreesRegressor,Train,51,36.1086
C1,ExtraTreesRegressor,Train,497,0.7317
C1,ExtraTreesRegressor,Train,425,4.3637
C1,ExtraTreesRegressor,Train,331,8.9
C1,ExtraTreesRegressor,Train,413,2.5006
C1,ExtraTreesRegressor,Train,109,15
C1,ExtraTreesRegressor,Train,42,187.2488
C1,ExtraTreesRegressor,Train,75,54.9536
C1,ExtraTreesRegressor,Train,432,0.1875
C1,ExtraTreesRegressor,Train,626,123.9819
C1,ExtraTreesRegressor,Train,480,0.1562
C1,ExtraTreesRegressor,Train,222,31.2926
C1,ExtraTreesRegressor,Train,442,0.0274
C1,ExtraTreesRegressor,Train,460,0.4651
C1,ExtraTreesRegressor,Train,21,106.0925
C1,ExtraTreesRegressor,Train,55,75.5317
C1,ExtraTreesRegressor,Train,291,250
C1,ExtraTreesRegressor,Train,217,110.3519
C1,ExtraTreesRegressor,Train,392,258.758
C1,ExtraTreesRegressor,Train,544,2.5785
C1,ExtraTreesRegressor,Train,203,128.8589
C1,ExtraTreesRegressor,Train,305,199
C1,ExtraTreesRegressor,Train,664,8.0733
C1,ExtraTreesRegressor,Train,558,14.9253
C1,ExtraTreesRegressor,Train,113,1
C1,ExtraTreesRegressor,Train,188,10.8544
C1,ExtraTreesRegressor,Train,220,10.8544
C1,ExtraTreesRegressor,Train,80,64.4519
C1,ExtraTreesRegressor,Train,383,50.8758
C1,ExtraTreesRegressor,Train,41,187.5173
C1,ExtraTreesRegressor,Train,654,2.3164
C1,ExtraTreesRegressor,Train,548,3.3721
C1,ExtraTreesRegressor,Train,484,0.4688
C1,ExtraTreesRegressor,Train,17,182.9271
C1,ExtraTreesRegressor,Train,123,1.9281
C1,ExtraTreesRegressor,Train,132,10.8016
C1,ExtraTreesRegressor,Train,341,1.9465
C1,ExtraTreesRegressor,Train,511,1.0309
C1,ExtraTreesRegressor,Train,482,0.2813
C1,ExtraTreesRegressor,Train,48,107.2474
C1,ExtraTreesRegressor,Train,349,8.6133
C1,ExtraTreesRegressor,Train,494,0.1951
C1,ExtraTreesRegressor,Train,304,199
C1,ExtraTreesRegressor,Train,525,1.3279
C1,ExtraTreesRegressor,Train,308,175
C1,ExtraTreesRegressor,Train,4,100.6216
C1,ExtraTreesRegressor,Train,437,0.625
C1,ExtraTreesRegressor,Train,531,0.7582
C1,ExtraTreesRegressor,Train,165,2.4016
C1,ExtraTreesRegressor,Train,474,2.6613
C1,ExtraTreesRegressor,Train,409,0.9991
C1,ExtraTreesRegressor,Train,627,126.6968
C1,ExtraTreesRegressor,Train,567,110.5493
C1,ExtraTreesRegressor,Train,280,29.322
C1,ExtraTreesRegressor,Train,82,59.9138
C1,ExtraTreesRegressor,Train,605,11.3206
C1,ExtraTreesRegressor,Train,350,9.2547
C1,ExtraTreesRegressor,Train,470,1.9355
C1,ExtraTreesRegressor,Train,446,1.68
C1,ExtraTreesRegressor,Train,541,0.3471
C1,ExtraTreesRegressor,Train,96,18.5037
C1,ExtraTreesRegressor,Train,444,1.392
C1,ExtraTreesRegressor,Train,154,21.2041
C1,ExtraTreesRegressor,Train,582,194.643
C1,ExtraTreesRegressor,Train,140,5.2675
C1,ExtraTreesRegressor,Train,125,8.0539
C1,ExtraTreesRegressor,Train,60,32.1593
C1,ExtraTreesRegressor,Train,52,44.2483
C1,ExtraTreesRegressor,Train,560,18.6576
C1,ExtraTreesRegressor,Train,225,116.4338
C1,ExtraTreesRegressor,Train,287,15
C1,ExtraTreesRegressor,Train,403,239.2408
C1,ExtraTreesRegressor,Train,158,85.5833
C1,ExtraTreesRegressor,Train,389,58.658
C1,ExtraTreesRegressor,Train,250,35
C1,ExtraTreesRegressor,Train,361,7.7554
C1,ExtraTreesRegressor,Train,234,0
C1,ExtraTreesRegressor,Train,457,0.124
C1,ExtraTreesRegressor,Train,66,60.1467
C1,ExtraTreesRegressor,Train,523,1.2087
C1,ExtraTreesRegressor,Train,639,3.6199
C1,ExtraTreesRegressor,Train,390,239.6104
C1,ExtraTreesRegressor,Train,369,11.7391
C1,ExtraTreesRegressor,Train,360,9.5371
C1,ExtraTreesRegressor,Train,215,63.7857
C1,ExtraTreesRegressor,Train,98,11.6115
C1,ExtraTreesRegressor,Train,207,58.5204
C1,ExtraTreesRegressor,Train,464,0.6822
C1,ExtraTreesRegressor,Train,208,64.3514
C1,ExtraTreesRegressor,Train,538,0.0122
C1,ExtraTreesRegressor,Train,276,21.2415
C1,ExtraTreesRegressor,Train,264,28
C1,ExtraTreesRegressor,Train,214,31.2926
C1,ExtraTreesRegressor,Train,169,5.6234
C1,ExtraTreesRegressor,Train,668,11.9228
C1,ExtraTreesRegressor,Train,284,16.1
C1,ExtraTreesRegressor,Train,168,3.4065
C1,ExtraTreesRegressor,Train,293,249
C1,ExtraTreesRegressor,Train,448,2.4127
C1,ExtraTreesRegressor,Train,599,9.4379
C1,ExtraTreesRegressor,Train,232,0
C1,ExtraTreesRegressor,Train,559,18.6567
C1,ExtraTreesRegressor,Train,593,4.2261
C1,ExtraTreesRegressor,Train,373,153.8961
C1,ExtraTreesRegressor,Train,411,1.8375
C1,ExtraTreesRegressor,Train,667,11.2467
C1,ExtraTreesRegressor,Train,64,62.9539
C1,ExtraTreesRegressor,Train,126,8.924
C1,ExtraTreesRegressor,Train,170,6.1214
C1,ExtraTreesRegressor,Train,156,57.1515
C1,ExtraTreesRegressor,Train,32,130
C1,ExtraTreesRegressor,Train,554,23.5187
C1,ExtraTreesRegressor,Train,310,160
C1,ExtraTreesRegressor,Train,555,24.7525
C1,ExtraTreesRegressor,Train,566,97.2533
C1,ExtraTreesRegressor,Train,9,198.1857
C1,ExtraTreesRegressor,Train,648,11.7647
C1,ExtraTreesRegressor,Train,610,190.2757
C1,ExtraTreesRegressor,Train,139,4.6607
C1,ExtraTreesRegressor,Train,306,199
C1,ExtraTreesRegressor,Train,428,4.562
C1,ExtraTreesRegressor,Train,551,21.0396
C1,ExtraTreesRegressor,Train,53,66.997
C1,ExtraTreesRegressor,Train,393,231.8182
C1,ExtraTreesRegressor,Train,338,0.1872
C1,ExtraTreesRegressor,Train,595,4.6602
C1,ExtraTreesRegressor,Train,381,203.2466
C1,ExtraTreesRegressor,Train,607,188.4733
C1,ExtraTreesRegressor,Train,71,12
C1,ExtraTreesRegressor,Train,320,9.6
C1,ExtraTreesRegressor,Train,313,110
C1,ExtraTreesRegressor,Train,451,2.784
C1,ExtraTreesRegressor,Train,530,0.5275
C1,ExtraTreesRegressor,Train,162,1.7279
C1,ExtraTreesRegressor,Train,144,7.4757
C1,ExtraTreesRegressor,Train,65,64.5069
C1,ExtraTreesRegressor,Train,513,1.0911
C1,ExtraTreesRegressor,Train,590,3.9695
C1,ExtraTreesRegressor,Train,167,3.4122
C1,ExtraTreesRegressor,Train,153,8.2082
C1,ExtraTreesRegressor,Train,67,58.7044
C1,ExtraTreesRegressor,Train,10,189.6709
C1,ExtraTreesRegressor,Train,576,194.3514
C1,ExtraTreesRegressor,Train,422,2.4793
C1,ExtraTreesRegressor,Train,309,170
C1,ExtraTreesRegressor,Train,348,8.0216
C1,ExtraTreesRegressor,Train,563,19.9014
C1,ExtraTreesRegressor,Train,653,178.2805
C1,ExtraTreesRegressor,Train,585,204.3982
C1,ExtraTreesRegressor,Train,471,2.3226
C1,ExtraTreesRegressor,Train,180,52.7921
C1,ExtraTreesRegressor,Train,611,190.3014
C1,ExtraTreesRegressor,Train,103,15.0427
C1,ExtraTreesRegressor,Train,472,2.5161
C1,ExtraTreesRegressor,Train,467,0.4355
C1,ExtraTreesRegressor,Train,54,69.8308
C1,ExtraTreesRegressor,Train,506,0.4892
C1,ExtraTreesRegressor,Train,175,9.6674
C1,ExtraTreesRegressor,Train,469,1.6452
C1,ExtraTreesRegressor,Train,594,4.5061
C1,ExtraTreesRegressor,Train,606,182.4439
C1,ExtraTreesRegressor,Train,136,2.4124
C1,ExtraTreesRegressor,Train,500,0.8782
C1,ExtraTreesRegressor,Train,528,-0.0329
C1,ExtraTreesRegressor,Train,356,10.9285
C1,ExtraTreesRegressor,Train,101,8.3687
C1,ExtraTreesRegressor,Train,176,3.9349
C1,ExtraTreesRegressor,Train,407,0.1875
C1,ExtraTreesRegressor,Train,508,0.7214
C1,ExtraTreesRegressor,Train,277,25.3552
C1,ExtraTreesRegressor,Train,439,0.8125
C1,ExtraTreesRegressor,Train,316,9.8
C1,ExtraTreesRegressor,Train,486,0.5937
C1,ExtraTreesRegressor,Train,110,10
C1,ExtraTreesRegressor,Train,44,55.2411
C1,ExtraTreesRegressor,Train,452,2.832
C1,ExtraTreesRegressor,Train,241,18
C1,ExtraTreesRegressor,Train,195,98.0734
C1,ExtraTreesRegressor,Train,182,40.2656
C1,ExtraTreesRegressor,Train,351,9.76
C1,ExtraTreesRegressor,Train,385,266.4502
C1,ExtraTreesRegressor,Train,296,210
C1,ExtraTreesRegressor,Train,478,0.0625
C1,ExtraTreesRegressor,Train,399,206.4592
C1,ExtraTreesRegressor,Train,155,42.7149
C1,ExtraTreesRegressor,Train,299,160
C1,ExtraTreesRegressor,Train,56,71.4614
C1,ExtraTreesRegressor,Train,11,55.825
C1,ExtraTreesRegressor,Train,178,32.7076
C1,ExtraTreesRegressor,Train,603,10.7927
C1,ExtraTreesRegressor,Train,663,3.9662
C1,ExtraTreesRegressor,Train,5,178.1616
C1,ExtraTreesRegressor,Train,263,36
C1,ExtraTreesRegressor,Train,300,115
C1,ExtraTreesRegressor,Train,669,4.6774
C1,ExtraTreesRegressor,Train,315,0
C1,ExtraTreesRegressor,Train,518,0.541
C1,ExtraTreesRegressor,Train,216,75.6454
C1,ExtraTreesRegressor,Train,22,169.1834
C1,ExtraTreesRegressor,Train,397,178.0901
C1,ExtraTreesRegressor,Train,609,190.1513
C1,ExtraTreesRegressor,Train,121,14.8143
C1,ExtraTreesRegressor,Train,628,128.5068
C1,ExtraTreesRegressor,Train,177,15.8993
C1,ExtraTreesRegressor,Train,61,45.1337
C1,ExtraTreesRegressor,Train,501,0.8787
C1,ExtraTreesRegressor,Train,243,17
C1,ExtraTreesRegressor,Train,260,55
C1,ExtraTreesRegressor,Train,504,0.3351
C1,ExtraTreesRegressor,Train,649,145.2489
C1,ExtraTreesRegressor,Train,127,9.7231
C1,ExtraTreesRegressor,Train,510,0.9325
C1,ExtraTreesRegressor,Train,69,90
C1,ExtraTreesRegressor,Train,303,200
C1,ExtraTreesRegressor,Train,285,16.1
C1,ExtraTreesRegressor,Train,194,88.3651
C1,ExtraTreesRegressor,Train,415,2.6875
C1,ExtraTreesRegressor,Train,253,26
C1,ExtraTreesRegressor,Train,507,0.6363
C1,ExtraTreesRegressor,Train,197,16.661
C1,ExtraTreesRegressor,Train,84,12.411
C1,ExtraTreesRegressor,Train,495,0.439
C1,ExtraTreesRegressor,Train,540,0.2479
C1,ExtraTreesRegressor,Train,337,0.1123
C1,ExtraTreesRegressor,Train,406,0.0568
C1,ExtraTreesRegressor,Train,161,95.3006
C1,ExtraTreesRegressor,Train,6,196.9007
C1,ExtraTreesRegressor,Train,624,113.5747
C1,ExtraTreesRegressor,Train,382,176.4069
C1,ExtraTreesRegressor,Train,569,117.0022
C1,ExtraTreesRegressor,Train,172,8.9135
C1,ExtraTreesRegressor,Train,660,19.09
C1,ExtraTreesRegressor,Train,666,11.2
C1,ExtraTreesRegressor,Train,488,0.6875
C1,ExtraTreesRegressor,Train,191,50.0692
C1,ExtraTreesRegressor,Train,379,256.0606
C1,ExtraTreesRegressor,Train,545,2.9256
C1,ExtraTreesRegressor,Train,218,140.1645
C1,ExtraTreesRegressor,Train,416,2.75
C1,ExtraTreesRegressor,Train,288,14.5
C1,ExtraTreesRegressor,Train,187,67.1065
C1,ExtraTreesRegressor,Train,163,2.005
C1,ExtraTreesRegressor,Train,543,2.033
C1,ExtraTreesRegressor,Train,124,4.7621
C1,ExtraTreesRegressor,Train,463,0.6518
C1,ExtraTreesRegressor,Train,157,70.5282
C1,ExtraTreesRegressor,Train,236,0
C1,ExtraTreesRegressor,Train,129,11.7748
C1,ExtraTreesRegressor,Train,134,4.7968
C1,ExtraTreesRegressor,Train,570,120.2191
C1,ExtraTreesRegressor,Train,616,32.1267
C1,ExtraTreesRegressor,Train,634,177.3756
C1,ExtraTreesRegressor,Train,13,164.5415
C1,ExtraTreesRegressor,Train,245,15.5
C1,ExtraTreesRegressor,Train,347,12.5401
C1,ExtraTreesRegressor,Train,7,203.5289
C1,ExtraTreesRegressor,Train,332,8.8
C1,ExtraTreesRegressor,Train,196,10.8544
C1,ExtraTreesRegressor,Train,330,9
C1,ExtraTreesRegressor,Train,365,3.4934
C1,ExtraTreesRegressor,Train,433,0.25
C1,ExtraTreesRegressor,Train,489,0.7188
C1,ExtraTreesRegressor,Train,363,5.2402
C1,ExtraTreesRegressor,Train,70,30
C1,ExtraTreesRegressor,Train,499,0.878
C1,ExtraTreesRegressor,Train,36,171.4973
C1,ExtraTreesRegressor,Train,211,143.58
C1,ExtraTreesRegressor,Train,118,11.7251
C1,ExtraTreesRegressor,Train,619,2.2624
C1,ExtraTreesRegressor,Train,179,47.5037
C1,ExtraTreesRegressor,Train,573,120.9294
C1,ExtraTreesRegressor,Train,86,12.286
C1,ExtraTreesRegressor,Train,661,12.93
C1,ExtraTreesRegressor,Train,79,62.9884
C1,ExtraTreesRegressor,Train,143,7.4165
C1,ExtraTreesRegressor,Train,524,1.2789
C1,ExtraTreesRegressor,Train,380,249.1342
C1,ExtraTreesRegressor,Train,423,3.4215
C1,ExtraTreesRegressor,Train,357,13.1703
C1,ExtraTreesRegressor,Train,184,3.8774
C1,ExtraTreesRegressor,Train,352,10.1342
C1,ExtraTreesRegressor,Train,492,-0.0488
C1,ExtraTreesRegressor,Train,152,8.0988
C1,ExtraTreesRegressor,Train,73,2
C1,ExtraTreesRegressor,Train,289,14.2
C1,ExtraTreesRegressor,Train,16,187.171
C1,ExtraTreesRegressor,Train,273,16.5508
C1,ExtraTreesRegressor,Train,542,1.0405
C1,ExtraTreesRegressor,Train,487,0.6573
C1,ExtraTreesRegressor,Train,629,162.4434
C1,ExtraTreesRegressor,Train,261,48
C1,ExtraTreesRegressor,Train,122,14.0871
C1,ExtraTreesRegressor,Train,335,0.1123
C1,ExtraTreesRegressor,Train,417,2.7813
C1,ExtraTreesRegressor,Train,578,199.8271
C1,ExtraTreesRegressor,Train,587,207.3981
C1,ExtraTreesRegressor,Train,414,2.5938
C1,ExtraTreesRegressor,Train,251,34
C1,ExtraTreesRegressor,Train,662,9.42
C1,ExtraTreesRegressor,Train,235,0
C1,ExtraTreesRegressor,Train,374,151.0303
C1,ExtraTreesRegressor,Train,326,8.6
C1,ExtraTreesRegressor,Train,281,30.1344
C1,ExtraTreesRegressor,Train,620,4.0724
C1,ExtraTreesRegressor,Train,90,20.1088
C1,ExtraTreesRegressor,Train,419,0.2975
C1,ExtraTreesRegressor,Train,453,2.7841
C1,ExtraTreesRegressor,Train,592,3.7292
C1,ExtraTreesRegressor,Train,479,0.0833
C1,ExtraTreesRegressor,Train,562,19.9007
C1,ExtraTreesRegressor,Train,618,33.9367
C1,ExtraTreesRegressor,Train,133,7.7838
C1,ExtraTreesRegressor,Train,483,0.4379
C1,ExtraTreesRegressor,Train,391,261.2554
C1,ExtraTreesRegressor,Train,18,180.7351
C1,ExtraTreesRegressor,Train,396,160.5788
C1,ExtraTreesRegressor,Train,355,10.9333
C1,ExtraTreesRegressor,Train,636,202.2624
C1,ExtraTreesRegressor,Train,547,3.3719
C1,ExtraTreesRegressor,Train,204,10.8544
C1,ExtraTreesRegressor,Train,468,1.1613
C1,ExtraTreesRegressor,Train,561,19.9005
C1,ExtraTreesRegressor,Train,183,56.7066
C1,ExtraTreesRegressor,Train,159,90.713
C1,ExtraTreesRegressor,Train,117,13.7027
C1,ExtraTreesRegressor,Train,394,179.8701
C1,ExtraTreesRegressor,Train,527,-0.1319
C1,ExtraTreesRegressor,Train,371,7.3913
C1,ExtraTreesRegressor,Train,333,8.2
C1,ExtraTreesRegressor,Train,45,77.8966
C1,ExtraTreesRegressor,Train,327,8.9
C1,ExtraTreesRegressor,Train,536,1.1869
C1,ExtraTreesRegressor,Train,671,5.4793
C1,ExtraTreesRegressor,Train,623,4.9773
C1,ExtraTreesRegressor,Train,221,16.661
C1,ExtraTreesRegressor,Train,512,1.0682
C1,ExtraTreesRegressor,Train,206,31.2926
C1,ExtraTreesRegressor,Train,612,190.7779
C1,ExtraTreesRegressor,Train,466,0.2074
C1,ExtraTreesRegressor,Train,346,11.1176
C1,ExtraTreesRegressor,Train,233,0
C1,ExtraTreesRegressor,Train,532,0.9231
C1,ExtraTreesRegressor,Train,370,10.8696
C1,ExtraTreesRegressor,Train,475,2.6613
C1,ExtraTreesRegressor,Train,87,17.4132
C1,ExtraTreesRegressor,Train,534,1.088
C1,ExtraTreesRegressor,Train,302,0
C1,ExtraTreesRegressor,Train,665,9.5675
C1,ExtraTreesRegressor,Train,314,80
C1,ExtraTreesRegressor,Train,219,144.8177
C1,ExtraTreesRegressor,Train,537,1.1935
C1,ExtraTreesRegressor,Train,142,6.9943
C1,ExtraTreesRegressor,Train,388,191.9913
C1,ExtraTreesRegressor,Train,465,0.6823
C1,ExtraTreesRegressor,Train,588,208.3905
C1,ExtraTreesRegressor,Train,108,16.7484
C1,ExtraTreesRegressor,Train,40,187.7603
C1,ExtraTreesRegressor,Train,14,175.7096
C1,ExtraTreesRegressor,Train,322,9.6
C1,ExtraTreesRegressor,Train,438,0.7813
C1,ExtraTreesRegressor,Train,622,4.5249
C1,ExtraTreesRegressor,Train,440,0.8125
C1,ExtraTreesRegressor,Train,384,246.5368
C1,ExtraTreesRegressor,Train,185,19.2773
C1,ExtraTreesRegressor,Train,192,60.0842
C1,ExtraTreesRegressor,Train,105,13.9905
C1,ExtraTreesRegressor,Train,223,60.2934
C1,ExtraTreesRegressor,Train,581,202.7626
C1,ExtraTreesRegressor,Train,30,178
C1,ExtraTreesRegressor,Train,262,43
C1,ExtraTreesRegressor,Train,116,12.2315
C1,ExtraTreesRegressor,Train,550,18.5644
C1,ExtraTreesRegressor,Train,401,222.5413
C1,ExtraTreesRegressor,Train,34,143.7129
C1,ExtraTreesRegressor,Train,269,14.1204
C1,ExtraTreesRegressor,Train,257,62
C1,ExtraTreesRegressor,Train,408,0.525
C1,ExtraTreesRegressor,Train,43,35.8031
C1,ExtraTreesRegressor,Train,517,0.4426
C1,ExtraTreesRegressor,Train,247,11
C1,ExtraTreesRegressor,Train,529,0.3956
C1,ExtraTreesRegressor,Train,97,12.9034
C1,ExtraTreesRegressor,Train,655,5.0188
C1,ExtraTreesRegressor,Train,584,203.5592
C1,ExtraTreesRegressor,Train,462,0.6512
C1,ExtraTreesRegressor,Train,637,206.7873
C1,ExtraTreesRegressor,Train,557,24.7571
C1,ExtraTreesRegressor,Train,443,1.008
C1,ExtraTreesRegressor,Train,640,5.4298
C1,ExtraTreesRegressor,Train,301,99
C1,ExtraTreesRegressor,Train,398,189.0305
C1,ExtraTreesRegressor,Train,377,31.8134
C1,ExtraTreesRegressor,Train,297,205
C1,ExtraTreesRegressor,Train,230,0
C1,ExtraTreesRegressor,Train,201,88.117
C1,ExtraTreesRegressor,Train,454,-0.0311
C1,ExtraTreesRegressor,Train,589,209.3641
C1,ExtraTreesRegressor,Train,378,235.2814
C1,ExtraTreesRegressor,Train,186,46.1627
C1,ExtraTreesRegressor,Train,456,0.0318
C1,ExtraTreesRegressor,Train,254,22
C1,ExtraTreesRegressor,Train,498,0.7805
C1,ExtraTreesRegressor,Train,614,28.5068
C1,ExtraTreesRegressor,Train,564,19.9019
C1,ExtraTreesRegressor,Train,386,265.5844
C1,ExtraTreesRegressor,Train,459,0.3721
C1,ExtraTreesRegressor,Train,295,225
C1,ExtraTreesRegressor,Train,450,2.74
C1,ExtraTreesRegressor,Train,339,0.1497
C1,ExtraTreesRegressor,Train,23,185.6084
C1,ExtraTreesRegressor,Train,345,10.3316
C1,ExtraTreesRegressor,Train,342,3.5187
C1,ExtraTreesRegressor,Train,102,14.3145
C1,ExtraTreesRegressor,Train,658,13.7265
C1,ExtraTreesRegressor,Train,266,9.2885
C1,ExtraTreesRegressor,Train,202,105.5386
C1,ExtraTreesRegressor,Train,33,75
C1,ExtraTreesRegressor,Train,672,7.9032
C1,ExtraTreesRegressor,Train,577,199.826
C1,ExtraTreesRegressor,Train,112,2
C1,ExtraTreesRegressor,Train,94,12.6758
C1,ExtraTreesRegressor,Train,47,100.5808
C1,ExtraTreesRegressor,Train,26,184.3807
C1,ExtraTreesRegressor,Train,552,21.0401
C1,ExtraTreesRegressor,Train,317,9.7
C1,ExtraTreesRegressor,Train,128,10.5788
C1,ExtraTreesRegressor,Train,198,31.2926
C1,ExtraTreesRegressor,Train,354,10.8798
C1,ExtraTreesRegressor,Train,37,175.4161
C1,ExtraTreesRegressor,Train,193,82.2821
C1,ExtraTreesRegressor,Train,88,17.5699
C1,ExtraTreesRegressor,Train,275,15.5572
C1,ExtraTreesRegressor,Train,111,5
C1,ExtraTreesRegressor,Train,268,12.5684
C1,ExtraTreesRegressor,Train,267,11.5498
C1,ExtraTreesRegressor,Train,20,37.4042
C1,ExtraTreesRegressor,Train,312,148
C1,ExtraTreesRegressor,Train,3,45.9523
C1,ExtraTreesRegressor,Train,402,229.0834
C1,ExtraTreesRegressor,Train,344,8.8717
C1,ExtraTreesRegressor,Train,644,6.7873
C1,ExtraTreesRegressor,Train,120,12.3402
C1,ExtraTreesRegressor,Train,359,11.4585
C1,ExtraTreesRegressor,Train,364,4.7511
C1,ExtraTreesRegressor,Train,83,4.2137
C1,ExtraTreesRegressor,Train,519,0.7869
C1,ExtraTreesRegressor,Train,231,0
C1,ExtraTreesRegressor,Train,141,6.4234
C1,ExtraTreesRegressor,Train,410,1.375
C1,ExtraTreesRegressor,Train,279,28.4955
C1,ExtraTreesRegressor,Train,228,0
C1,ExtraTreesRegressor,Train,224,79.7532
C1,ExtraTreesRegressor,Train,95,19.3671
C1,ExtraTreesRegressor,Train,248,35
C1,ExtraTreesRegressor,Train,31,145
C1,ExtraTreesRegressor,Train,81,56.3548
C1,ExtraTreesRegressor,Train,568,114.8951
C1,ExtraTreesRegressor,Train,553,23.5149
C1,ExtraTreesRegressor,Train,449,2.736
C1,ExtraTreesRegressor,Train,387,240.4761
C1,ExtraTreesRegressor,Train,174,9.5591
C1,ExtraTreesRegressor,Train,630,175.1131
C1,ExtraTreesRegressor,Train,240,18
C1,ExtraTreesRegressor,Train,358,13.9039
C1,ExtraTreesRegressor,Train,19,182.1148
C1,ExtraTreesRegressor,Train,645,8.5973
C1,ExtraTreesRegressor,Train,189,16.661
C1,ExtraTreesRegressor,Train,643,8.5973
C1,ExtraTreesRegressor,Train,63,73.8302
C1,ExtraTreesRegressor,Train,205,16.661
C1,ExtraTreesRegressor,Train,325,8.8
C1,ExtraTreesRegressor,Train,329,9.2
C1,ExtraTreesRegressor,Train,368,15.2174
C1,ExtraTreesRegressor,Train,321,9.6
C1,ExtraTreesRegressor,Train,565,19.9022
C1,ExtraTreesRegressor,Train,77,62.9884
C1,ExtraTreesRegressor,Train,674,4.8387
C1,ExtraTreesRegressor,Train,190,31.2926
C1,ExtraTreesRegressor,Train,546,3.124
C1,ExtraTreesRegressor,Train,580,201.6556
C1,ExtraTreesRegressor,Train,328,9
C1,ExtraTreesRegressor,Train,343,6.4011
C1,ExtraTreesRegressor,Train,324,8
C1,ExtraTreesRegressor,Train,35,163.7025
C1,ExtraTreesRegressor,Train,657,12.7399
C1,ExtraTreesRegressor,Train,400,213.0824
C1,ExtraTreesRegressor,Train,298,198
C1,ExtraTreesRegressor,Train,509,0.8453
C1,ExtraTreesRegressor,Train,426,4.4132
C1,ExtraTreesRegressor,Train,119,13.7934
C1,ExtraTreesRegressor,Train,642,7.6923
C1,ExtraTreesRegressor,Train,74,53.0534
C1,ExtraTreesRegressor,Train,602,10.7843
C1,ExtraTreesRegressor,Train,574,177.8478
C1,ExtraTreesRegressor,Train,106,15.3742
C1,ExtraTreesRegressor,Test,458,0.186
C1,ExtraTreesRegressor,Test,641,7.2398
C1,ExtraTreesRegressor,Test,318,9.6
C1,ExtraTreesRegressor,Test,436,0.5022
C1,ExtraTreesRegressor,Test,283,16.2
C1,ExtraTreesRegressor,Test,24,190.4266
C1,ExtraTreesRegressor,Test,473,2.613
C1,ExtraTreesRegressor,Test,29,189
C1,ExtraTreesRegressor,Test,282,16.3
C1,ExtraTreesRegressor,Test,362,6.4279
C1,ExtraTreesRegressor,Test,104,11.6415
C1,ExtraTreesRegressor,Test,617,33.0317
C1,ExtraTreesRegressor,Test,229,0
C1,ExtraTreesRegressor,Test,404,250.7447
C1,ExtraTreesRegressor,Test,209,111.1716
C1,ExtraTreesRegressor,Test,613,190.898
C1,ExtraTreesRegressor,Test,621,4.5249
C1,ExtraTreesRegressor,Test,604,10.9963
C1,ExtraTreesRegressor,Test,659,15.0992
C1,ExtraTreesRegressor,Test,600,9.8831
C1,ExtraTreesRegressor,Test,670,5.4838
C1,ExtraTreesRegressor,Test,526,-0.2037
C1,ExtraTreesRegressor,Test,115,13.052
C1,ExtraTreesRegressor,Test,635,192.7602
C1,ExtraTreesRegressor,Test,434,0.2912
C1,ExtraTreesRegressor,Test,59,68.9452
C1,ExtraTreesRegressor,Test,503,0.2767
C1,ExtraTreesRegressor,Test,631,185.9728
C1,ExtraTreesRegressor,Test,270,15.1055
C1,ExtraTreesRegressor,Test,259,58
C1,ExtraTreesRegressor,Test,625,120.8145
C1,ExtraTreesRegressor,Test,367,16.087
C1,ExtraTreesRegressor,Test,336,0.1123
C1,ExtraTreesRegressor,Test,226,145.1216
C1,ExtraTreesRegressor,Test,477,2.7581
C1,ExtraTreesRegressor,Test,181,18.4769
C1,ExtraTreesRegressor,Test,427,4.5124
C1,ExtraTreesRegressor,Test,294,249
C1,ExtraTreesRegressor,Test,8,206.3056
C1,ExtraTreesRegressor,Test,238,0
C1,ExtraTreesRegressor,Test,533,1.0549
C1,ExtraTreesRegressor,Test,586,206.4247
C1,ExtraTreesRegressor,Test,160,89.7899
C1,ExtraTreesRegressor,Test,505,0.4294
C1,ExtraTreesRegressor,Test,272,16.0074
C1,ExtraTreesRegressor,Test,12,106.0565
C1,ExtraTreesRegressor,Test,598,9.1233
C1,ExtraTreesRegressor,Test,138,4.1633
C1,ExtraTreesRegressor,Test,652,175.5656
C1,ExtraTreesRegressor,Test,485,0.5314
C1,ExtraTreesRegressor,Test,646,9.9547
C1,ExtraTreesRegressor,Test,583,202.3422
C1,ExtraTreesRegressor,Test,200,64.3502
C1,ExtraTreesRegressor,Test,237,0
C1,ExtraTreesRegressor,Test,591,4.8793
C1,ExtraTreesRegressor,Test,265,12
C1,ExtraTreesRegressor,Test,76,59.3029
C1,ExtraTreesRegressor,Test,57,69.7061
C1,ExtraTreesRegressor,Test,307,180
C1,ExtraTreesRegressor,Test,46,99.3482
C1,ExtraTreesRegressor,Test,447,2.16
C1,ExtraTreesRegressor,Test,481,0.2188
C1,ExtraTreesRegressor,Test,597,5.0142
C1,ExtraTreesRegressor,Test,520,0.7869
C1,ExtraTreesRegressor,Test,148,7.5219
C1,ExtraTreesRegressor,Test,412,2.25
C1,ExtraTreesRegressor,Test,246,14
C1,ExtraTreesRegressor,Test,255,18
C1,ExtraTreesRegressor,Test,575,192.2679
C1,ExtraTreesRegressor,Test,114,11.8012
C1,ExtraTreesRegressor,Test,441,0.9063
C1,ExtraTreesRegressor,Test,405,259.154
C1,ExtraTreesRegressor,Test,278,27.2644
C1,ExtraTreesRegressor,Test,430,0.125
C1,ExtraTreesRegressor,Test,490,-0.453
C1,ExtraTreesRegressor,Test,608,189.3702
C1,ExtraTreesRegressor,Test,199,52.5128
C1,ExtraTreesRegressor,Test,353,10.6981
C1,ExtraTreesRegressor,Test,673,5.4839
C1,ExtraTreesRegressor,Test,135,3.1846
C1,ExtraTreesRegressor,Test,130,13.7867
C1,ExtraTreesRegressor,Test,147,7.4193
C1,ExtraTreesRegressor,Test,340,0.8984
C1,ExtraTreesRegressor,Test,493,0.0876
C1,ExtraTreesRegressor,Test,521,0.9836
C1,ExtraTreesRegressor,Test,435,0.4375
C1,ExtraTreesRegressor,Test,38,183.7787
C1,ExtraTreesRegressor,Test,571,121.2021
C1,ExtraTreesRegressor,Test,256,15
C1,ExtraTreesRegressor,Test,496,0.5853
C1,ExtraTreesRegressor,Test,601,10.6555
C1,ExtraTreesRegressor,Test,173,9.3506
C1,ExtraTreesRegressor,Test,212,10.8544
C1,ExtraTreesRegressor,Test,311,150
C1,ExtraTreesRegressor,Test,249,35
C1,ExtraTreesRegressor,Test,131,10.1205
C1,ExtraTreesRegressor,Test,647,11.3122
C1,ExtraTreesRegressor,Test,579,200.6631
C1,ExtraTreesRegressor,Test,239,18
C1,ExtraTreesRegressor,Test,171,6.9537
C1,ExtraTreesRegressor,Test,244,16.5
C1,ExtraTreesRegressor,Test,334,4.9
C1,ExtraTreesRegressor,Test,89,19.6706
C1,ExtraTreesRegressor,Test,137,1.8648
C1,ExtraTreesRegressor,Test,107,12.3805
C1,ExtraTreesRegressor,Test,376,122.7272
C1,ExtraTreesRegressor,Test,91,5.3316
C1,ExtraTreesRegressor,Test,25,187.3878
C1,ExtraTreesRegressor,Test,319,9.6
C1,ExtraTreesRegressor,Test,72,10
C1,ExtraTreesRegressor,Test,164,2.3002
C1,ExtraTreesRegressor,Test,49,102.0029
C1,ExtraTreesRegressor,Test,395,51.7316
C1,ExtraTreesRegressor,Test,650,159.7285
C1,ExtraTreesRegressor,Test,149,7.6785
C1,ExtraTreesRegressor,Test,242,18
C1,ExtraTreesRegressor,Test,429,4.6612
C1,ExtraTreesRegressor,Test,166,2.9654
C1,ExtraTreesRegressor,Test,515,0.1475
C1,ExtraTreesRegressor,Test,271,15.6958
C1,ExtraTreesRegressor,Test,292,249
C1,ExtraTreesRegressor,Test,491,-0.2089
C1,ExtraTreesRegressor,Test,100,6.0072
C1,ExtraTreesRegressor,Test,39,184.0091
C1,ExtraTreesRegressor,Test,145,7.5232
C1,ExtraTreesRegressor,Test,549,3.4711
C1,ExtraTreesRegressor,Test,227,154.6933
C1,ExtraTreesRegressor,Test,615,30.3167
C1,ExtraTreesRegressor,Test,502,0.0911
C1,ExtraTreesRegressor,Test,420,1.1893
C1,ExtraTreesRegressor,Test,476,2.6625
C1,ExtraTreesRegressor,Test,372,140.919
C1,ExtraTreesRegressor,Test,151,8.0482
C1,ExtraTreesRegressor,Test,68,59.7839
C1,ExtraTreesRegressor,Test,556,24.7564
C1,PyTorch_TabularMLP,Train,424,4.0661
C1,PyTorch_TabularMLP,Train,146,7.4684
C1,PyTorch_TabularMLP,Train,93,15.107
C1,PyTorch_TabularMLP,Train,323,9.5
C1,PyTorch_TabularMLP,Train,539,0.0157
C1,PyTorch_TabularMLP,Train,99,10.9416
C1,PyTorch_TabularMLP,Train,92,5.6837
C1,PyTorch_TabularMLP,Train,28,192.4421
C1,PyTorch_TabularMLP,Train,258,62
C1,PyTorch_TabularMLP,Train,632,190.4977
C1,PyTorch_TabularMLP,Train,366,11.7391
C1,PyTorch_TabularMLP,Train,150,7.8279
C1,PyTorch_TabularMLP,Train,572,121.0705
C1,PyTorch_TabularMLP,Train,638,208.5973
C1,PyTorch_TabularMLP,Train,421,1.8843
C1,PyTorch_TabularMLP,Train,27,188.2349
C1,PyTorch_TabularMLP,Train,50,99.7175
C1,PyTorch_TabularMLP,Train,286,16
C1,PyTorch_TabularMLP,Train,213,16.661
C1,PyTorch_TabularMLP,Train,445,1.4355
C1,PyTorch_TabularMLP,Train,252,31
C1,PyTorch_TabularMLP,Train,85,7.7779
C1,PyTorch_TabularMLP,Train,461,0.5271
C1,PyTorch_TabularMLP,Train,455,0.0117
C1,PyTorch_TabularMLP,Train,375,137.4459
C1,PyTorch_TabularMLP,Train,210,132.1477
C1,PyTorch_TabularMLP,Train,290,11.9
C1,PyTorch_TabularMLP,Train,15,186.1441
C1,PyTorch_TabularMLP,Train,535,1.1538
C1,PyTorch_TabularMLP,Train,596,4.6697
C1,PyTorch_TabularMLP,Train,514,0.0991
C1,PyTorch_TabularMLP,Train,651,168.7782
C1,PyTorch_TabularMLP,Train,62,67.104
C1,PyTorch_TabularMLP,Train,58,70.945
C1,PyTorch_TabularMLP,Train,78,62.2973
C1,PyTorch_TabularMLP,Train,274,16.7407
C1,PyTorch_TabularMLP,Train,418,0.0232
C1,PyTorch_TabularMLP,Train,522,1.1411
C1,PyTorch_TabularMLP,Train,516,0.3443
C1,PyTorch_TabularMLP,Train,633,193.6651
C1,PyTorch_TabularMLP,Train,656,9.8231
C1,PyTorch_TabularMLP,Train,431,0.1437
C1,PyTorch_TabularMLP,Train,51,36.1086
C1,PyTorch_TabularMLP,Train,497,0.7317
C1,PyTorch_TabularMLP,Train,425,4.3637
C1,PyTorch_TabularMLP,Train,331,8.9
C1,PyTorch_TabularMLP,Train,413,2.5006
C1,PyTorch_TabularMLP,Train,109,15
C1,PyTorch_TabularMLP,Train,42,187.2488
C1,PyTorch_TabularMLP,Train,75,54.9536
C1,PyTorch_TabularMLP,Train,432,0.1875
C1,PyTorch_TabularMLP,Train,626,123.9819
C1,PyTorch_TabularMLP,Train,480,0.1562
C1,PyTorch_TabularMLP,Train,222,31.2926
C1,PyTorch_TabularMLP,Train,442,0.0274
C1,PyTorch_TabularMLP,Train,460,0.4651
C1,PyTorch_TabularMLP,Train,21,106.0925
C1,PyTorch_TabularMLP,Train,55,75.5317
C1,PyTorch_TabularMLP,Train,291,250
C1,PyTorch_TabularMLP,Train,217,110.3519
C1,PyTorch_TabularMLP,Train,392,258.758
C1,PyTorch_TabularMLP,Train,544,2.5785
C1,PyTorch_TabularMLP,Train,203,128.8589
C1,PyTorch_TabularMLP,Train,305,199
C1,PyTorch_TabularMLP,Train,664,8.0733
C1,PyTorch_TabularMLP,Train,558,14.9253
C1,PyTorch_TabularMLP,Train,113,1
C1,PyTorch_TabularMLP,Train,188,10.8544
C1,PyTorch_TabularMLP,Train,220,10.8544
C1,PyTorch_TabularMLP,Train,80,64.4519
C1,PyTorch_TabularMLP,Train,383,50.8758
C1,PyTorch_TabularMLP,Train,41,187.5173
C1,PyTorch_TabularMLP,Train,654,2.3164
C1,PyTorch_TabularMLP,Train,548,3.3721
C1,PyTorch_TabularMLP,Train,484,0.4688
C1,PyTorch_TabularMLP,Train,17,182.9271
C1,PyTorch_TabularMLP,Train,123,1.9281
C1,PyTorch_TabularMLP,Train,132,10.8016
C1,PyTorch_TabularMLP,Train,341,1.9465
C1,PyTorch_TabularMLP,Train,511,1.0309
C1,PyTorch_TabularMLP,Train,482,0.2813
C1,PyTorch_TabularMLP,Train,48,107.2474
C1,PyTorch_TabularMLP,Train,349,8.6133
C1,PyTorch_TabularMLP,Train,494,0.1951
C1,PyTorch_TabularMLP,Train,304,199
C1,PyTorch_TabularMLP,Train,525,1.3279
C1,PyTorch_TabularMLP,Train,308,175
C1,PyTorch_TabularMLP,Train,4,100.6216
C1,PyTorch_TabularMLP,Train,437,0.625
C1,PyTorch_TabularMLP,Train,531,0.7582
C1,PyTorch_TabularMLP,Train,165,2.4016
C1,PyTorch_TabularMLP,Train,474,2.6613
C1,PyTorch_TabularMLP,Train,409,0.9991
C1,PyTorch_TabularMLP,Train,627,126.6968
C1,PyTorch_TabularMLP,Train,567,110.5493
C1,PyTorch_TabularMLP,Train,280,29.322
C1,PyTorch_TabularMLP,Train,82,59.9138
C1,PyTorch_TabularMLP,Train,605,11.3206
C1,PyTorch_TabularMLP,Train,350,9.2547
C1,PyTorch_TabularMLP,Train,470,1.9355
C1,PyTorch_TabularMLP,Train,446,1.68
C1,PyTorch_TabularMLP,Train,541,0.3471
C1,PyTorch_TabularMLP,Train,96,18.5037
C1,PyTorch_TabularMLP,Train,444,1.392
C1,PyTorch_TabularMLP,Train,154,21.2041
C1,PyTorch_TabularMLP,Train,582,194.643
C1,PyTorch_TabularMLP,Train,140,5.2675
C1,PyTorch_TabularMLP,Train,125,8.0539
C1,PyTorch_TabularMLP,Train,60,32.1593
C1,PyTorch_TabularMLP,Train,52,44.2483
C1,PyTorch_TabularMLP,Train,560,18.6576
C1,PyTorch_TabularMLP,Train,225,116.4338
C1,PyTorch_TabularMLP,Train,287,15
C1,PyTorch_TabularMLP,Train,403,239.2408
C1,PyTorch_TabularMLP,Train,158,85.5833
C1,PyTorch_TabularMLP,Train,389,58.658
C1,PyTorch_TabularMLP,Train,250,35
C1,PyTorch_TabularMLP,Train,361,7.7554
C1,PyTorch_TabularMLP,Train,234,0
C1,PyTorch_TabularMLP,Train,457,0.124
C1,PyTorch_TabularMLP,Train,66,60.1467
C1,PyTorch_TabularMLP,Train,523,1.2087
C1,PyTorch_TabularMLP,Train,639,3.6199
C1,PyTorch_TabularMLP,Train,390,239.6104
C1,PyTorch_TabularMLP,Train,369,11.7391
C1,PyTorch_TabularMLP,Train,360,9.5371
C1,PyTorch_TabularMLP,Train,215,63.7857
C1,PyTorch_TabularMLP,Train,98,11.6115
C1,PyTorch_TabularMLP,Train,207,58.5204
C1,PyTorch_TabularMLP,Train,464,0.6822
C1,PyTorch_TabularMLP,Train,208,64.3514
C1,PyTorch_TabularMLP,Train,538,0.0122
C1,PyTorch_TabularMLP,Train,276,21.2415
C1,PyTorch_TabularMLP,Train,264,28
C1,PyTorch_TabularMLP,Train,214,31.2926
C1,PyTorch_TabularMLP,Train,169,5.6234
C1,PyTorch_TabularMLP,Train,668,11.9228
C1,PyTorch_TabularMLP,Train,284,16.1
C1,PyTorch_TabularMLP,Train,168,3.4065
C1,PyTorch_TabularMLP,Train,293,249
C1,PyTorch_TabularMLP,Train,448,2.4127
C1,PyTorch_TabularMLP,Train,599,9.4379
C1,PyTorch_TabularMLP,Train,232,0
C1,PyTorch_TabularMLP,Train,559,18.6567
C1,PyTorch_TabularMLP,Train,593,4.2261
C1,PyTorch_TabularMLP,Train,373,153.8961
C1,PyTorch_TabularMLP,Train,411,1.8375
C1,PyTorch_TabularMLP,Train,667,11.2467
C1,PyTorch_TabularMLP,Train,64,62.9539
C1,PyTorch_TabularMLP,Train,126,8.924
C1,PyTorch_TabularMLP,Train,170,6.1214
C1,PyTorch_TabularMLP,Train,156,57.1515
C1,PyTorch_TabularMLP,Train,32,130
C1,PyTorch_TabularMLP,Train,554,23.5187
C1,PyTorch_TabularMLP,Train,310,160
C1,PyTorch_TabularMLP,Train,555,24.7525
C1,PyTorch_TabularMLP,Train,566,97.2533
C1,PyTorch_TabularMLP,Train,9,198.1857
C1,PyTorch_TabularMLP,Train,648,11.7647
C1,PyTorch_TabularMLP,Train,610,190.2757
C1,PyTorch_TabularMLP,Train,139,4.6607
C1,PyTorch_TabularMLP,Train,306,199
C1,PyTorch_TabularMLP,Train,428,4.562
C1,PyTorch_TabularMLP,Train,551,21.0396
C1,PyTorch_TabularMLP,Train,53,66.997
C1,PyTorch_TabularMLP,Train,393,231.8182
C1,PyTorch_TabularMLP,Train,338,0.1872
C1,PyTorch_TabularMLP,Train,595,4.6602
C1,PyTorch_TabularMLP,Train,381,203.2466
C1,PyTorch_TabularMLP,Train,607,188.4733
C1,PyTorch_TabularMLP,Train,71,12
C1,PyTorch_TabularMLP,Train,320,9.6
C1,PyTorch_TabularMLP,Train,313,110
C1,PyTorch_TabularMLP,Train,451,2.784
C1,PyTorch_TabularMLP,Train,530,0.5275
C1,PyTorch_TabularMLP,Train,162,1.7279
C1,PyTorch_TabularMLP,Train,144,7.4757
C1,PyTorch_TabularMLP,Train,65,64.5069
C1,PyTorch_TabularMLP,Train,513,1.0911
C1,PyTorch_TabularMLP,Train,590,3.9695
C1,PyTorch_TabularMLP,Train,167,3.4122
C1,PyTorch_TabularMLP,Train,153,8.2082
C1,PyTorch_TabularMLP,Train,67,58.7044
C1,PyTorch_TabularMLP,Train,10,189.6709
C1,PyTorch_TabularMLP,Train,576,194.3514
C1,PyTorch_TabularMLP,Train,422,2.4793
C1,PyTorch_TabularMLP,Train,309,170
C1,PyTorch_TabularMLP,Train,348,8.0216
C1,PyTorch_TabularMLP,Train,563,19.9014
C1,PyTorch_TabularMLP,Train,653,178.2805
C1,PyTorch_TabularMLP,Train,585,204.3982
C1,PyTorch_TabularMLP,Train,471,2.3226
C1,PyTorch_TabularMLP,Train,180,52.7921
C1,PyTorch_TabularMLP,Train,611,190.3014
C1,PyTorch_TabularMLP,Train,103,15.0427
C1,PyTorch_TabularMLP,Train,472,2.5161
C1,PyTorch_TabularMLP,Train,467,0.4355
C1,PyTorch_TabularMLP,Train,54,69.8308
C1,PyTorch_TabularMLP,Train,506,0.4892
C1,PyTorch_TabularMLP,Train,175,9.6674
C1,PyTorch_TabularMLP,Train,469,1.6452
C1,PyTorch_TabularMLP,Train,594,4.5061
C1,PyTorch_TabularMLP,Train,606,182.4439
C1,PyTorch_TabularMLP,Train,136,2.4124
C1,PyTorch_TabularMLP,Train,500,0.8782
C1,PyTorch_TabularMLP,Train,528,-0.0329
C1,PyTorch_TabularMLP,Train,356,10.9285
C1,PyTorch_TabularMLP,Train,101,8.3687
C1,PyTorch_TabularMLP,Train,176,3.9349
C1,PyTorch_TabularMLP,Train,407,0.1875
C1,PyTorch_TabularMLP,Train,508,0.7214
C1,PyTorch_TabularMLP,Train,277,25.3552
C1,PyTorch_TabularMLP,Train,439,0.8125
C1,PyTorch_TabularMLP,Train,316,9.8
C1,PyTorch_TabularMLP,Train,486,0.5937
C1,PyTorch_TabularMLP,Train,110,10
C1,PyTorch_TabularMLP,Train,44,55.2411
C1,PyTorch_TabularMLP,Train,452,2.832
C1,PyTorch_TabularMLP,Train,241,18
C1,PyTorch_TabularMLP,Train,195,98.0734
C1,PyTorch_TabularMLP,Train,182,40.2656
C1,PyTorch_TabularMLP,Train,351,9.76
C1,PyTorch_TabularMLP,Train,385,266.4502
C1,PyTorch_TabularMLP,Train,296,210
C1,PyTorch_TabularMLP,Train,478,0.0625
C1,PyTorch_TabularMLP,Train,399,206.4592
C1,PyTorch_TabularMLP,Train,155,42.7149
C1,PyTorch_TabularMLP,Train,299,160
C1,PyTorch_TabularMLP,Train,56,71.4614
C1,PyTorch_TabularMLP,Train,11,55.825
C1,PyTorch_TabularMLP,Train,178,32.7076
C1,PyTorch_TabularMLP,Train,603,10.7927
C1,PyTorch_TabularMLP,Train,663,3.9662
C1,PyTorch_TabularMLP,Train,5,178.1616
C1,PyTorch_TabularMLP,Train,263,36
C1,PyTorch_TabularMLP,Train,300,115
C1,PyTorch_TabularMLP,Train,669,4.6774
C1,PyTorch_TabularMLP,Train,315,0
C1,PyTorch_TabularMLP,Train,518,0.541
C1,PyTorch_TabularMLP,Train,216,75.6454
C1,PyTorch_TabularMLP,Train,22,169.1834
C1,PyTorch_TabularMLP,Train,397,178.0901
C1,PyTorch_TabularMLP,Train,609,190.1513
C1,PyTorch_TabularMLP,Train,121,14.8143
C1,PyTorch_TabularMLP,Train,628,128.5068
C1,PyTorch_TabularMLP,Train,177,15.8993
C1,PyTorch_TabularMLP,Train,61,45.1337
C1,PyTorch_TabularMLP,Train,501,0.8787
C1,PyTorch_TabularMLP,Train,243,17
C1,PyTorch_TabularMLP,Train,260,55
C1,PyTorch_TabularMLP,Train,504,0.3351
C1,PyTorch_TabularMLP,Train,649,145.2489
C1,PyTorch_TabularMLP,Train,127,9.7231
C1,PyTorch_TabularMLP,Train,510,0.9325
C1,PyTorch_TabularMLP,Train,69,90
C1,PyTorch_TabularMLP,Train,303,200
C1,PyTorch_TabularMLP,Train,285,16.1
C1,PyTorch_TabularMLP,Train,194,88.3651
C1,PyTorch_TabularMLP,Train,415,2.6875
C1,PyTorch_TabularMLP,Train,253,26
C1,PyTorch_TabularMLP,Train,507,0.6363
C1,PyTorch_TabularMLP,Train,197,16.661
C1,PyTorch_TabularMLP,Train,84,12.411
C1,PyTorch_TabularMLP,Train,495,0.439
C1,PyTorch_TabularMLP,Train,540,0.2479
C1,PyTorch_TabularMLP,Train,337,0.1123
C1,PyTorch_TabularMLP,Train,406,0.0568
C1,PyTorch_TabularMLP,Train,161,95.3006
C1,PyTorch_TabularMLP,Train,6,196.9007
C1,PyTorch_TabularMLP,Train,624,113.5747
C1,PyTorch_TabularMLP,Train,382,176.4069
C1,PyTorch_TabularMLP,Train,569,117.0022
C1,PyTorch_TabularMLP,Train,172,8.9135
C1,PyTorch_TabularMLP,Train,660,19.09
C1,PyTorch_TabularMLP,Train,666,11.2
C1,PyTorch_TabularMLP,Train,488,0.6875
C1,PyTorch_TabularMLP,Train,191,50.0692
C1,PyTorch_TabularMLP,Train,379,256.0606
C1,PyTorch_TabularMLP,Train,545,2.9256
C1,PyTorch_TabularMLP,Train,218,140.1645
C1,PyTorch_TabularMLP,Train,416,2.75
C1,PyTorch_TabularMLP,Train,288,14.5
C1,PyTorch_TabularMLP,Train,187,67.1065
C1,PyTorch_TabularMLP,Train,163,2.005
C1,PyTorch_TabularMLP,Train,543,2.033
C1,PyTorch_TabularMLP,Train,124,4.7621
C1,PyTorch_TabularMLP,Train,463,0.6518
C1,PyTorch_TabularMLP,Train,157,70.5282
C1,PyTorch_TabularMLP,Train,236,0
C1,PyTorch_TabularMLP,Train,129,11.7748
C1,PyTorch_TabularMLP,Train,134,4.7968
C1,PyTorch_TabularMLP,Train,570,120.2191
C1,PyTorch_TabularMLP,Train,616,32.1267
C1,PyTorch_TabularMLP,Train,634,177.3756
C1,PyTorch_TabularMLP,Train,13,164.5415
C1,PyTorch_TabularMLP,Train,245,15.5
C1,PyTorch_TabularMLP,Train,347,12.5401
C1,PyTorch_TabularMLP,Train,7,203.5289
C1,PyTorch_TabularMLP,Train,332,8.8
C1,PyTorch_TabularMLP,Train,196,10.8544
C1,PyTorch_TabularMLP,Train,330,9
C1,PyTorch_TabularMLP,Train,365,3.4934
C1,PyTorch_TabularMLP,Train,433,0.25
C1,PyTorch_TabularMLP,Train,489,0.7188
C1,PyTorch_TabularMLP,Train,363,5.2402
C1,PyTorch_TabularMLP,Train,70,30
C1,PyTorch_TabularMLP,Train,499,0.878
C1,PyTorch_TabularMLP,Train,36,171.4973
C1,PyTorch_TabularMLP,Train,211,143.58
C1,PyTorch_TabularMLP,Train,118,11.7251
C1,PyTorch_TabularMLP,Train,619,2.2624
C1,PyTorch_TabularMLP,Train,179,47.5037
C1,PyTorch_TabularMLP,Train,573,120.9294
C1,PyTorch_TabularMLP,Train,86,12.286
C1,PyTorch_TabularMLP,Train,661,12.93
C1,PyTorch_TabularMLP,Train,79,62.9884
C1,PyTorch_TabularMLP,Train,143,7.4165
C1,PyTorch_TabularMLP,Train,524,1.2789
C1,PyTorch_TabularMLP,Train,380,249.1342
C1,PyTorch_TabularMLP,Train,423,3.4215
C1,PyTorch_TabularMLP,Train,357,13.1703
C1,PyTorch_TabularMLP,Train,184,3.8774
C1,PyTorch_TabularMLP,Train,352,10.1342
C1,PyTorch_TabularMLP,Train,492,-0.0488
C1,PyTorch_TabularMLP,Train,152,8.0988
C1,PyTorch_TabularMLP,Train,73,2
C1,PyTorch_TabularMLP,Train,289,14.2
C1,PyTorch_TabularMLP,Train,16,187.171
C1,PyTorch_TabularMLP,Train,273,16.5508
C1,PyTorch_TabularMLP,Train,542,1.0405
C1,PyTorch_TabularMLP,Train,487,0.6573
C1,PyTorch_TabularMLP,Train,629,162.4434
C1,PyTorch_TabularMLP,Train,261,48
C1,PyTorch_TabularMLP,Train,122,14.0871
C1,PyTorch_TabularMLP,Train,335,0.1123
C1,PyTorch_TabularMLP,Train,417,2.7813
C1,PyTorch_TabularMLP,Train,578,199.8271
C1,PyTorch_TabularMLP,Train,587,207.3981
C1,PyTorch_TabularMLP,Train,414,2.5938
C1,PyTorch_TabularMLP,Train,251,34
C1,PyTorch_TabularMLP,Train,662,9.42
C1,PyTorch_TabularMLP,Train,235,0
C1,PyTorch_TabularMLP,Train,374,151.0303
C1,PyTorch_TabularMLP,Train,326,8.6
C1,PyTorch_TabularMLP,Train,281,30.1344
C1,PyTorch_TabularMLP,Train,620,4.0724
C1,PyTorch_TabularMLP,Train,90,20.1088
C1,PyTorch_TabularMLP,Train,419,0.2975
C1,PyTorch_TabularMLP,Train,453,2.7841
C1,PyTorch_TabularMLP,Train,592,3.7292
C1,PyTorch_TabularMLP,Train,479,0.0833
C1,PyTorch_TabularMLP,Train,562,19.9007
C1,PyTorch_TabularMLP,Train,618,33.9367
C1,PyTorch_TabularMLP,Train,133,7.7838
C1,PyTorch_TabularMLP,Train,483,0.4379
C1,PyTorch_TabularMLP,Train,391,261.2554
C1,PyTorch_TabularMLP,Train,18,180.7351
C1,PyTorch_TabularMLP,Train,396,160.5788
C1,PyTorch_TabularMLP,Train,355,10.9333
C1,PyTorch_TabularMLP,Train,636,202.2624
C1,PyTorch_TabularMLP,Train,547,3.3719
C1,PyTorch_TabularMLP,Train,204,10.8544
C1,PyTorch_TabularMLP,Train,468,1.1613
C1,PyTorch_TabularMLP,Train,561,19.9005
C1,PyTorch_TabularMLP,Train,183,56.7066
C1,PyTorch_TabularMLP,Train,159,90.713
C1,PyTorch_TabularMLP,Train,117,13.7027
C1,PyTorch_TabularMLP,Train,394,179.8701
C1,PyTorch_TabularMLP,Train,527,-0.1319
C1,PyTorch_TabularMLP,Train,371,7.3913
C1,PyTorch_TabularMLP,Train,333,8.2
C1,PyTorch_TabularMLP,Train,45,77.8966
C1,PyTorch_TabularMLP,Train,327,8.9
C1,PyTorch_TabularMLP,Train,536,1.1869
C1,PyTorch_TabularMLP,Train,671,5.4793
C1,PyTorch_TabularMLP,Train,623,4.9773
C1,PyTorch_TabularMLP,Train,221,16.661
C1,PyTorch_TabularMLP,Train,512,1.0682
C1,PyTorch_TabularMLP,Train,206,31.2926
C1,PyTorch_TabularMLP,Train,612,190.7779
C1,PyTorch_TabularMLP,Train,466,0.2074
C1,PyTorch_TabularMLP,Train,346,11.1176
C1,PyTorch_TabularMLP,Train,233,0
C1,PyTorch_TabularMLP,Train,532,0.9231
C1,PyTorch_TabularMLP,Train,370,10.8696
C1,PyTorch_TabularMLP,Train,475,2.6613
C1,PyTorch_TabularMLP,Train,87,17.4132
C1,PyTorch_TabularMLP,Train,534,1.088
C1,PyTorch_TabularMLP,Train,302,0
C1,PyTorch_TabularMLP,Train,665,9.5675
C1,PyTorch_TabularMLP,Train,314,80
C1,PyTorch_TabularMLP,Train,219,144.8177
C1,PyTorch_TabularMLP,Train,537,1.1935
C1,PyTorch_TabularMLP,Train,142,6.9943
C1,PyTorch_TabularMLP,Train,388,191.9913
C1,PyTorch_TabularMLP,Train,465,0.6823
C1,PyTorch_TabularMLP,Train,588,208.3905
C1,PyTorch_TabularMLP,Train,108,16.7484
C1,PyTorch_TabularMLP,Train,40,187.7603
C1,PyTorch_TabularMLP,Train,14,175.7096
C1,PyTorch_TabularMLP,Train,322,9.6
C1,PyTorch_TabularMLP,Train,438,0.7813
C1,PyTorch_TabularMLP,Train,622,4.5249
C1,PyTorch_TabularMLP,Train,440,0.8125
C1,PyTorch_TabularMLP,Train,384,246.5368
C1,PyTorch_TabularMLP,Train,185,19.2773
C1,PyTorch_TabularMLP,Train,192,60.0842
C1,PyTorch_TabularMLP,Train,105,13.9905
C1,PyTorch_TabularMLP,Train,223,60.2934
C1,PyTorch_TabularMLP,Train,581,202.7626
C1,PyTorch_TabularMLP,Train,30,178
C1,PyTorch_TabularMLP,Train,262,43
C1,PyTorch_TabularMLP,Train,116,12.2315
C1,PyTorch_TabularMLP,Train,550,18.5644
C1,PyTorch_TabularMLP,Train,401,222.5413
C1,PyTorch_TabularMLP,Train,34,143.7129
C1,PyTorch_TabularMLP,Train,269,14.1204
C1,PyTorch_TabularMLP,Train,257,62
C1,PyTorch_TabularMLP,Train,408,0.525
C1,PyTorch_TabularMLP,Train,43,35.8031
C1,PyTorch_TabularMLP,Train,517,0.4426
C1,PyTorch_TabularMLP,Train,247,11
C1,PyTorch_TabularMLP,Train,529,0.3956
C1,PyTorch_TabularMLP,Train,97,12.9034
C1,PyTorch_TabularMLP,Train,655,5.0188
C1,PyTorch_TabularMLP,Train,584,203.5592
C1,PyTorch_TabularMLP,Train,462,0.6512
C1,PyTorch_TabularMLP,Train,637,206.7873
C1,PyTorch_TabularMLP,Train,557,24.7571
C1,PyTorch_TabularMLP,Train,443,1.008
C1,PyTorch_TabularMLP,Train,640,5.4298
C1,PyTorch_TabularMLP,Train,301,99
C1,PyTorch_TabularMLP,Train,398,189.0305
C1,PyTorch_TabularMLP,Train,377,31.8134
C1,PyTorch_TabularMLP,Train,297,205
C1,PyTorch_TabularMLP,Train,230,0
C1,PyTorch_TabularMLP,Train,201,88.117
C1,PyTorch_TabularMLP,Train,454,-0.0311
C1,PyTorch_TabularMLP,Train,589,209.3641
C1,PyTorch_TabularMLP,Train,378,235.2814
C1,PyTorch_TabularMLP,Train,186,46.1627
C1,PyTorch_TabularMLP,Train,456,0.0318
C1,PyTorch_TabularMLP,Train,254,22
C1,PyTorch_TabularMLP,Train,498,0.7805
C1,PyTorch_TabularMLP,Train,614,28.5068
C1,PyTorch_TabularMLP,Train,564,19.9019
C1,PyTorch_TabularMLP,Train,386,265.5844
C1,PyTorch_TabularMLP,Train,459,0.3721
C1,PyTorch_TabularMLP,Train,295,225
C1,PyTorch_TabularMLP,Train,450,2.74
C1,PyTorch_TabularMLP,Train,339,0.1497
C1,PyTorch_TabularMLP,Train,23,185.6084
C1,PyTorch_TabularMLP,Train,345,10.3316
C1,PyTorch_TabularMLP,Train,342,3.5187
C1,PyTorch_TabularMLP,Train,102,14.3145
C1,PyTorch_TabularMLP,Train,658,13.7265
C1,PyTorch_TabularMLP,Train,266,9.2885
C1,PyTorch_TabularMLP,Train,202,105.5386
C1,PyTorch_TabularMLP,Train,33,75
C1,PyTorch_TabularMLP,Train,672,7.9032
C1,PyTorch_TabularMLP,Train,577,199.826
C1,PyTorch_TabularMLP,Train,112,2
C1,PyTorch_TabularMLP,Train,94,12.6758
C1,PyTorch_TabularMLP,Train,47,100.5808
C1,PyTorch_TabularMLP,Train,26,184.3807
C1,PyTorch_TabularMLP,Train,552,21.0401
C1,PyTorch_TabularMLP,Train,317,9.7
C1,PyTorch_TabularMLP,Train,128,10.5788
C1,PyTorch_TabularMLP,Train,198,31.2926
C1,PyTorch_TabularMLP,Train,354,10.8798
C1,PyTorch_TabularMLP,Train,37,175.4161
C1,PyTorch_TabularMLP,Train,193,82.2821
C1,PyTorch_TabularMLP,Train,88,17.5699
C1,PyTorch_TabularMLP,Train,275,15.5572
C1,PyTorch_TabularMLP,Train,111,5
C1,PyTorch_TabularMLP,Train,268,12.5684
C1,PyTorch_TabularMLP,Train,267,11.5498
C1,PyTorch_TabularMLP,Train,20,37.4042
C1,PyTorch_TabularMLP,Train,312,148
C1,PyTorch_TabularMLP,Train,3,45.9523
C1,PyTorch_TabularMLP,Train,402,229.0834
C1,PyTorch_TabularMLP,Train,344,8.8717
C1,PyTorch_TabularMLP,Train,644,6.7873
C1,PyTorch_TabularMLP,Train,120,12.3402
C1,PyTorch_TabularMLP,Train,359,11.4585
C1,PyTorch_TabularMLP,Train,364,4.7511
C1,PyTorch_TabularMLP,Train,83,4.2137
C1,PyTorch_TabularMLP,Train,519,0.7869
C1,PyTorch_TabularMLP,Train,231,0
C1,PyTorch_TabularMLP,Train,141,6.4234
C1,PyTorch_TabularMLP,Train,410,1.375
C1,PyTorch_TabularMLP,Train,279,28.4955
C1,PyTorch_TabularMLP,Train,228,0
C1,PyTorch_TabularMLP,Train,224,79.7532
C1,PyTorch_TabularMLP,Train,95,19.3671
C1,PyTorch_TabularMLP,Train,248,35
C1,PyTorch_TabularMLP,Train,31,145
C1,PyTorch_TabularMLP,Train,81,56.3548
C1,PyTorch_TabularMLP,Train,568,114.8951
C1,PyTorch_TabularMLP,Train,553,23.5149
C1,PyTorch_TabularMLP,Train,449,2.736
C1,PyTorch_TabularMLP,Train,387,240.4761
C1,PyTorch_TabularMLP,Train,174,9.5591
C1,PyTorch_TabularMLP,Train,630,175.1131
C1,PyTorch_TabularMLP,Train,240,18
C1,PyTorch_TabularMLP,Train,358,13.9039
C1,PyTorch_TabularMLP,Train,19,182.1148
C1,PyTorch_TabularMLP,Train,645,8.5973
C1,PyTorch_TabularMLP,Train,189,16.661
C1,PyTorch_TabularMLP,Train,643,8.5973
C1,PyTorch_TabularMLP,Train,63,73.8302
C1,PyTorch_TabularMLP,Train,205,16.661
C1,PyTorch_TabularMLP,Train,325,8.8
C1,PyTorch_TabularMLP,Train,329,9.2
C1,PyTorch_TabularMLP,Train,368,15.2174
C1,PyTorch_TabularMLP,Train,321,9.6
C1,PyTorch_TabularMLP,Train,565,19.9022
C1,PyTorch_TabularMLP,Train,77,62.9884
C1,PyTorch_TabularMLP,Train,674,4.8387
C1,PyTorch_TabularMLP,Train,190,31.2926
C1,PyTorch_TabularMLP,Train,546,3.124
C1,PyTorch_TabularMLP,Train,580,201.6556
C1,PyTorch_TabularMLP,Train,328,9
C1,PyTorch_TabularMLP,Train,343,6.4011
C1,PyTorch_TabularMLP,Train,324,8
C1,PyTorch_TabularMLP,Train,35,163.7025
C1,PyTorch_TabularMLP,Train,657,12.7399
C1,PyTorch_TabularMLP,Train,400,213.0824
C1,PyTorch_TabularMLP,Train,298,198
C1,PyTorch_TabularMLP,Train,509,0.8453
C1,PyTorch_TabularMLP,Train,426,4.4132
C1,PyTorch_TabularMLP,Train,119,13.7934
C1,PyTorch_TabularMLP,Train,642,7.6923
C1,PyTorch_TabularMLP,Train,74,53.0534
C1,PyTorch_TabularMLP,Train,602,10.7843
C1,PyTorch_TabularMLP,Train,574,177.8478
C1,PyTorch_TabularMLP,Train,106,15.3742
C1,PyTorch_TabularMLP,Test,458,0.186
C1,PyTorch_TabularMLP,Test,641,7.2398
C1,PyTorch_TabularMLP,Test,318,9.6
C1,PyTorch_TabularMLP,Test,436,0.5022
C1,PyTorch_TabularMLP,Test,283,16.2
C1,PyTorch_TabularMLP,Test,24,190.4266
C1,PyTorch_TabularMLP,Test,473,2.613
C1,PyTorch_TabularMLP,Test,29,189
C1,PyTorch_TabularMLP,Test,282,16.3
C1,PyTorch_TabularMLP,Test,362,6.4279
C1,PyTorch_TabularMLP,Test,104,11.6415
C1,PyTorch_TabularMLP,Test,617,33.0317
C1,PyTorch_TabularMLP,Test,229,0
C1,PyTorch_TabularMLP,Test,404,250.7447
C1,PyTorch_TabularMLP,Test,209,111.1716
C1,PyTorch_TabularMLP,Test,613,190.898
C1,PyTorch_TabularMLP,Test,621,4.5249
C1,PyTorch_TabularMLP,Test,604,10.9963
C1,PyTorch_TabularMLP,Test,659,15.0992
C1,PyTorch_TabularMLP,Test,600,9.8831
C1,PyTorch_TabularMLP,Test,670,5.4838
C1,PyTorch_TabularMLP,Test,526,-0.2037
C1,PyTorch_TabularMLP,Test,115,13.052
C1,PyTorch_TabularMLP,Test,635,192.7602
C1,PyTorch_TabularMLP,Test,434,0.2912
C1,PyTorch_TabularMLP,Test,59,68.9452
C1,PyTorch_TabularMLP,Test,503,0.2767
C1,PyTorch_TabularMLP,Test,631,185.9728
C1,PyTorch_TabularMLP,Test,270,15.1055
C1,PyTorch_TabularMLP,Test,259,58
C1,PyTorch_TabularMLP,Test,625,120.8145
C1,PyTorch_TabularMLP,Test,367,16.087
C1,PyTorch_TabularMLP,Test,336,0.1123
C1,PyTorch_TabularMLP,Test,226,145.1216
C1,PyTorch_TabularMLP,Test,477,2.7581
C1,PyTorch_TabularMLP,Test,181,18.4769
C1,PyTorch_TabularMLP,Test,427,4.5124
C1,PyTorch_TabularMLP,Test,294,249
C1,PyTorch_TabularMLP,Test,8,206.3056
C1,PyTorch_TabularMLP,Test,238,0
C1,PyTorch_TabularMLP,Test,533,1.0549
C1,PyTorch_TabularMLP,Test,586,206.4247
C1,PyTorch_TabularMLP,Test,160,89.7899
C1,PyTorch_TabularMLP,Test,505,0.4294
C1,PyTorch_TabularMLP,Test,272,16.0074
C1,PyTorch_TabularMLP,Test,12,106.0565
C1,PyTorch_TabularMLP,Test,598,9.1233
C1,PyTorch_TabularMLP,Test,138,4.1633
C1,PyTorch_TabularMLP,Test,652,175.5656
C1,PyTorch_TabularMLP,Test,485,0.5314
C1,PyTorch_TabularMLP,Test,646,9.9547
C1,PyTorch_TabularMLP,Test,583,202.3422
C1,PyTorch_TabularMLP,Test,200,64.3502
C1,PyTorch_TabularMLP,Test,237,0
C1,PyTorch_TabularMLP,Test,591,4.8793
C1,PyTorch_TabularMLP,Test,265,12
C1,PyTorch_TabularMLP,Test,76,59.3029
C1,PyTorch_TabularMLP,Test,57,69.7061
C1,PyTorch_TabularMLP,Test,307,180
C1,PyTorch_TabularMLP,Test,46,99.3482
C1,PyTorch_TabularMLP,Test,447,2.16
C1,PyTorch_TabularMLP,Test,481,0.2188
C1,PyTorch_TabularMLP,Test,597,5.0142
C1,PyTorch_TabularMLP,Test,520,0.7869
C1,PyTorch_TabularMLP,Test,148,7.5219
C1,PyTorch_TabularMLP,Test,412,2.25
C1,PyTorch_TabularMLP,Test,246,14
C1,PyTorch_TabularMLP,Test,255,18
C1,PyTorch_TabularMLP,Test,575,192.2679
C1,PyTorch_TabularMLP,Test,114,11.8012
C1,PyTorch_TabularMLP,Test,441,0.9063
C1,PyTorch_TabularMLP,Test,405,259.154
C1,PyTorch_TabularMLP,Test,278,27.2644
C1,PyTorch_TabularMLP,Test,430,0.125
C1,PyTorch_TabularMLP,Test,490,-0.453
C1,PyTorch_TabularMLP,Test,608,189.3702
C1,PyTorch_TabularMLP,Test,199,52.5128
C1,PyTorch_TabularMLP,Test,353,10.6981
C1,PyTorch_TabularMLP,Test,673,5.4839
C1,PyTorch_TabularMLP,Test,135,3.1846
C1,PyTorch_TabularMLP,Test,130,13.7867
C1,PyTorch_TabularMLP,Test,147,7.4193
C1,PyTorch_TabularMLP,Test,340,0.8984
C1,PyTorch_TabularMLP,Test,493,0.0876
C1,PyTorch_TabularMLP,Test,521,0.9836
C1,PyTorch_TabularMLP,Test,435,0.4375
C1,PyTorch_TabularMLP,Test,38,183.7787
C1,PyTorch_TabularMLP,Test,571,121.2021
C1,PyTorch_TabularMLP,Test,256,15
C1,PyTorch_TabularMLP,Test,496,0.5853
C1,PyTorch_TabularMLP,Test,601,10.6555
C1,PyTorch_TabularMLP,Test,173,9.3506
C1,PyTorch_TabularMLP,Test,212,10.8544
C1,PyTorch_TabularMLP,Test,311,150
C1,PyTorch_TabularMLP,Test,249,35
C1,PyTorch_TabularMLP,Test,131,10.1205
C1,PyTorch_TabularMLP,Test,647,11.3122
C1,PyTorch_TabularMLP,Test,579,200.6631
C1,PyTorch_TabularMLP,Test,239,18
C1,PyTorch_TabularMLP,Test,171,6.9537
C1,PyTorch_TabularMLP,Test,244,16.5
C1,PyTorch_TabularMLP,Test,334,4.9
C1,PyTorch_TabularMLP,Test,89,19.6706
C1,PyTorch_TabularMLP,Test,137,1.8648
C1,PyTorch_TabularMLP,Test,107,12.3805
C1,PyTorch_TabularMLP,Test,376,122.7272
C1,PyTorch_TabularMLP,Test,91,5.3316
C1,PyTorch_TabularMLP,Test,25,187.3878
C1,PyTorch_TabularMLP,Test,319,9.6
C1,PyTorch_TabularMLP,Test,72,10
C1,PyTorch_TabularMLP,Test,164,2.3002
C1,PyTorch_TabularMLP,Test,49,102.0029
C1,PyTorch_TabularMLP,Test,395,51.7316
C1,PyTorch_TabularMLP,Test,650,159.7285
C1,PyTorch_TabularMLP,Test,149,7.6785
C1,PyTorch_TabularMLP,Test,242,18
C1,PyTorch_TabularMLP,Test,429,4.6612
C1,PyTorch_TabularMLP,Test,166,2.9654
C1,PyTorch_TabularMLP,Test,515,0.1475
C1,PyTorch_TabularMLP,Test,271,15.6958
C1,PyTorch_TabularMLP,Test,292,249
C1,PyTorch_TabularMLP,Test,491,-0.2089
C1,PyTorch_TabularMLP,Test,100,6.0072
C1,PyTorch_TabularMLP,Test,39,184.0091
C1,PyTorch_TabularMLP,Test,145,7.5232
C1,PyTorch_TabularMLP,Test,549,3.4711
C1,PyTorch_TabularMLP,Test,227,154.6933
C1,PyTorch_TabularMLP,Test,615,30.3167
C1,PyTorch_TabularMLP,Test,502,0.0911
C1,PyTorch_TabularMLP,Test,420,1.1893
C1,PyTorch_TabularMLP,Test,476,2.6625
C1,PyTorch_TabularMLP,Test,372,140.919
C1,PyTorch_TabularMLP,Test,151,8.0482
C1,PyTorch_TabularMLP,Test,68,59.7839
C1,PyTorch_TabularMLP,Test,556,24.7564
C2,RandomForestRegressor,Train,424,4.0661
C2,RandomForestRegressor,Train,146,7.4684
C2,RandomForestRegressor,Train,93,15.107
C2,RandomForestRegressor,Train,323,9.5
C2,RandomForestRegressor,Train,539,0.0157
C2,RandomForestRegressor,Train,99,10.9416
C2,RandomForestRegressor,Train,92,5.6837
C2,RandomForestRegressor,Train,28,192.4421
C2,RandomForestRegressor,Train,258,62
C2,RandomForestRegressor,Train,632,190.4977
C2,RandomForestRegressor,Train,366,11.7391
C2,RandomForestRegressor,Train,150,7.8279
C2,RandomForestRegressor,Train,572,121.0705
C2,RandomForestRegressor,Train,638,208.5973
C2,RandomForestRegressor,Train,421,1.8843
C2,RandomForestRegressor,Train,27,188.2349
C2,RandomForestRegressor,Train,50,99.7175
C2,RandomForestRegressor,Train,286,16
C2,RandomForestRegressor,Train,213,16.661
C2,RandomForestRegressor,Train,445,1.4355
C2,RandomForestRegressor,Train,252,31
C2,RandomForestRegressor,Train,85,7.7779
C2,RandomForestRegressor,Train,461,0.5271
C2,RandomForestRegressor,Train,455,0.0117
C2,RandomForestRegressor,Train,375,137.4459
C2,RandomForestRegressor,Train,210,132.1477
C2,RandomForestRegressor,Train,290,11.9
C2,RandomForestRegressor,Train,15,186.1441
C2,RandomForestRegressor,Train,535,1.1538
C2,RandomForestRegressor,Train,596,4.6697
C2,RandomForestRegressor,Train,514,0.0991
C2,RandomForestRegressor,Train,651,168.7782
C2,RandomForestRegressor,Train,62,67.104
C2,RandomForestRegressor,Train,58,70.945
C2,RandomForestRegressor,Train,78,62.2973
C2,RandomForestRegressor,Train,274,16.7407
C2,RandomForestRegressor,Train,418,0.0232
C2,RandomForestRegressor,Train,522,1.1411
C2,RandomForestRegressor,Train,516,0.3443
C2,RandomForestRegressor,Train,633,193.6651
C2,RandomForestRegressor,Train,656,9.8231
C2,RandomForestRegressor,Train,431,0.1437
C2,RandomForestRegressor,Train,51,36.1086
C2,RandomForestRegressor,Train,497,0.7317
C2,RandomForestRegressor,Train,425,4.3637
C2,RandomForestRegressor,Train,331,8.9
C2,RandomForestRegressor,Train,413,2.5006
C2,RandomForestRegressor,Train,109,15
C2,RandomForestRegressor,Train,42,187.2488
C2,RandomForestRegressor,Train,75,54.9536
C2,RandomForestRegressor,Train,432,0.1875
C2,RandomForestRegressor,Train,626,123.9819
C2,RandomForestRegressor,Train,480,0.1562
C2,RandomForestRegressor,Train,222,31.2926
C2,RandomForestRegressor,Train,442,0.0274
C2,RandomForestRegressor,Train,460,0.4651
C2,RandomForestRegressor,Train,21,106.0925
C2,RandomForestRegressor,Train,55,75.5317
C2,RandomForestRegressor,Train,291,250
C2,RandomForestRegressor,Train,217,110.3519
C2,RandomForestRegressor,Train,392,258.758
C2,RandomForestRegressor,Train,544,2.5785
C2,RandomForestRegressor,Train,203,128.8589
C2,RandomForestRegressor,Train,305,199
C2,RandomForestRegressor,Train,664,8.0733
C2,RandomForestRegressor,Train,558,14.9253
C2,RandomForestRegressor,Train,113,1
C2,RandomForestRegressor,Train,188,10.8544
C2,RandomForestRegressor,Train,220,10.8544
C2,RandomForestRegressor,Train,80,64.4519
C2,RandomForestRegressor,Train,383,50.8758
C2,RandomForestRegressor,Train,41,187.5173
C2,RandomForestRegressor,Train,654,2.3164
C2,RandomForestRegressor,Train,548,3.3721
C2,RandomForestRegressor,Train,484,0.4688
C2,RandomForestRegressor,Train,17,182.9271
C2,RandomForestRegressor,Train,123,1.9281
C2,RandomForestRegressor,Train,132,10.8016
C2,RandomForestRegressor,Train,341,1.9465
C2,RandomForestRegressor,Train,511,1.0309
C2,RandomForestRegressor,Train,482,0.2813
C2,RandomForestRegressor,Train,48,107.2474
C2,RandomForestRegressor,Train,349,8.6133
C2,RandomForestRegressor,Train,494,0.1951
C2,RandomForestRegressor,Train,304,199
C2,RandomForestRegressor,Train,525,1.3279
C2,RandomForestRegressor,Train,308,175
C2,RandomForestRegressor,Train,4,100.6216
C2,RandomForestRegressor,Train,437,0.625
C2,RandomForestRegressor,Train,531,0.7582
C2,RandomForestRegressor,Train,165,2.4016
C2,RandomForestRegressor,Train,474,2.6613
C2,RandomForestRegressor,Train,409,0.9991
C2,RandomForestRegressor,Train,627,126.6968
C2,RandomForestRegressor,Train,567,110.5493
C2,RandomForestRegressor,Train,280,29.322
C2,RandomForestRegressor,Train,82,59.9138
C2,RandomForestRegressor,Train,605,11.3206
C2,RandomForestRegressor,Train,350,9.2547
C2,RandomForestRegressor,Train,470,1.9355
C2,RandomForestRegressor,Train,446,1.68
C2,RandomForestRegressor,Train,541,0.3471
C2,RandomForestRegressor,Train,96,18.5037
C2,RandomForestRegressor,Train,444,1.392
C2,RandomForestRegressor,Train,154,21.2041
C2,RandomForestRegressor,Train,582,194.643
C2,RandomForestRegressor,Train,140,5.2675
C2,RandomForestRegressor,Train,125,8.0539
C2,RandomForestRegressor,Train,60,32.1593
C2,RandomForestRegressor,Train,52,44.2483
C2,RandomForestRegressor,Train,560,18.6576
C2,RandomForestRegressor,Train,225,116.4338
C2,RandomForestRegressor,Train,287,15
C2,RandomForestRegressor,Train,403,239.2408
C2,RandomForestRegressor,Train,158,85.5833
C2,RandomForestRegressor,Train,389,58.658
C2,RandomForestRegressor,Train,250,35
C2,RandomForestRegressor,Train,361,7.7554
C2,RandomForestRegressor,Train,234,0
C2,RandomForestRegressor,Train,457,0.124
C2,RandomForestRegressor,Train,66,60.1467
C2,RandomForestRegressor,Train,523,1.2087
C2,RandomForestRegressor,Train,639,3.6199
C2,RandomForestRegressor,Train,390,239.6104
C2,RandomForestRegressor,Train,369,11.7391
C2,RandomForestRegressor,Train,360,9.5371
C2,RandomForestRegressor,Train,215,63.7857
C2,RandomForestRegressor,Train,98,11.6115
C2,RandomForestRegressor,Train,207,58.5204
C2,RandomForestRegressor,Train,464,0.6822
C2,RandomForestRegressor,Train,208,64.3514
C2,RandomForestRegressor,Train,538,0.0122
C2,RandomForestRegressor,Train,276,21.2415
C2,RandomForestRegressor,Train,264,28
C2,RandomForestRegressor,Train,214,31.2926
C2,RandomForestRegressor,Train,169,5.6234
C2,RandomForestRegressor,Train,668,11.9228
C2,RandomForestRegressor,Train,284,16.1
C2,RandomForestRegressor,Train,168,3.4065
C2,RandomForestRegressor,Train,293,249
C2,RandomForestRegressor,Train,448,2.4127
C2,RandomForestRegressor,Train,599,9.4379
C2,RandomForestRegressor,Train,232,0
C2,RandomForestRegressor,Train,559,18.6567
C2,RandomForestRegressor,Train,593,4.2261
C2,RandomForestRegressor,Train,373,153.8961
C2,RandomForestRegressor,Train,411,1.8375
C2,RandomForestRegressor,Train,667,11.2467
C2,RandomForestRegressor,Train,64,62.9539
C2,RandomForestRegressor,Train,126,8.924
C2,RandomForestRegressor,Train,170,6.1214
C2,RandomForestRegressor,Train,156,57.1515
C2,RandomForestRegressor,Train,32,130
C2,RandomForestRegressor,Train,554,23.5187
C2,RandomForestRegressor,Train,310,160
C2,RandomForestRegressor,Train,555,24.7525
C2,RandomForestRegressor,Train,566,97.2533
C2,RandomForestRegressor,Train,9,198.1857
C2,RandomForestRegressor,Train,648,11.7647
C2,RandomForestRegressor,Train,610,190.2757
C2,RandomForestRegressor,Train,139,4.6607
C2,RandomForestRegressor,Train,306,199
C2,RandomForestRegressor,Train,428,4.562
C2,RandomForestRegressor,Train,551,21.0396
C2,RandomForestRegressor,Train,53,66.997
C2,RandomForestRegressor,Train,393,231.8182
C2,RandomForestRegressor,Train,338,0.1872
C2,RandomForestRegressor,Train,595,4.6602
C2,RandomForestRegressor,Train,381,203.2466
C2,RandomForestRegressor,Train,607,188.4733
C2,RandomForestRegressor,Train,71,12
C2,RandomForestRegressor,Train,320,9.6
C2,RandomForestRegressor,Train,313,110
C2,RandomForestRegressor,Train,451,2.784
C2,RandomForestRegressor,Train,530,0.5275
C2,RandomForestRegressor,Train,162,1.7279
C2,RandomForestRegressor,Train,144,7.4757
C2,RandomForestRegressor,Train,65,64.5069
C2,RandomForestRegressor,Train,513,1.0911
C2,RandomForestRegressor,Train,590,3.9695
C2,RandomForestRegressor,Train,167,3.4122
C2,RandomForestRegressor,Train,153,8.2082
C2,RandomForestRegressor,Train,67,58.7044
C2,RandomForestRegressor,Train,10,189.6709
C2,RandomForestRegressor,Train,576,194.3514
C2,RandomForestRegressor,Train,422,2.4793
C2,RandomForestRegressor,Train,309,170
C2,RandomForestRegressor,Train,348,8.0216
C2,RandomForestRegressor,Train,563,19.9014
C2,RandomForestRegressor,Train,653,178.2805
C2,RandomForestRegressor,Train,585,204.3982
C2,RandomForestRegressor,Train,471,2.3226
C2,RandomForestRegressor,Train,180,52.7921
C2,RandomForestRegressor,Train,611,190.3014
C2,RandomForestRegressor,Train,103,15.0427
C2,RandomForestRegressor,Train,472,2.5161
C2,RandomForestRegressor,Train,467,0.4355
C2,RandomForestRegressor,Train,54,69.8308
C2,RandomForestRegressor,Train,506,0.4892
C2,RandomForestRegressor,Train,175,9.6674
C2,RandomForestRegressor,Train,469,1.6452
C2,RandomForestRegressor,Train,594,4.5061
C2,RandomForestRegressor,Train,606,182.4439
C2,RandomForestRegressor,Train,136,2.4124
C2,RandomForestRegressor,Train,500,0.8782
C2,RandomForestRegressor,Train,528,-0.0329
C2,RandomForestRegressor,Train,356,10.9285
C2,RandomForestRegressor,Train,101,8.3687
C2,RandomForestRegressor,Train,176,3.9349
C2,RandomForestRegressor,Train,407,0.1875
C2,RandomForestRegressor,Train,508,0.7214
C2,RandomForestRegressor,Train,277,25.3552
C2,RandomForestRegressor,Train,439,0.8125
C2,RandomForestRegressor,Train,316,9.8
C2,RandomForestRegressor,Train,486,0.5937
C2,RandomForestRegressor,Train,110,10
C2,RandomForestRegressor,Train,44,55.2411
C2,RandomForestRegressor,Train,452,2.832
C2,RandomForestRegressor,Train,241,18
C2,RandomForestRegressor,Train,195,98.0734
C2,RandomForestRegressor,Train,182,40.2656
C2,RandomForestRegressor,Train,351,9.76
C2,RandomForestRegressor,Train,385,266.4502
C2,RandomForestRegressor,Train,296,210
C2,RandomForestRegressor,Train,478,0.0625
C2,RandomForestRegressor,Train,399,206.4592
C2,RandomForestRegressor,Train,155,42.7149
C2,RandomForestRegressor,Train,299,160
C2,RandomForestRegressor,Train,56,71.4614
C2,RandomForestRegressor,Train,11,55.825
C2,RandomForestRegressor,Train,178,32.7076
C2,RandomForestRegressor,Train,603,10.7927
C2,RandomForestRegressor,Train,663,3.9662
C2,RandomForestRegressor,Train,5,178.1616
C2,RandomForestRegressor,Train,263,36
C2,RandomForestRegressor,Train,300,115
C2,RandomForestRegressor,Train,669,4.6774
C2,RandomForestRegressor,Train,315,0
C2,RandomForestRegressor,Train,518,0.541
C2,RandomForestRegressor,Train,216,75.6454
C2,RandomForestRegressor,Train,22,169.1834
C2,RandomForestRegressor,Train,397,178.0901
C2,RandomForestRegressor,Train,609,190.1513
C2,RandomForestRegressor,Train,121,14.8143
C2,RandomForestRegressor,Train,628,128.5068
C2,RandomForestRegressor,Train,177,15.8993
C2,RandomForestRegressor,Train,61,45.1337
C2,RandomForestRegressor,Train,501,0.8787
C2,RandomForestRegressor,Train,243,17
C2,RandomForestRegressor,Train,260,55
C2,RandomForestRegressor,Train,504,0.3351
C2,RandomForestRegressor,Train,649,145.2489
C2,RandomForestRegressor,Train,127,9.7231
C2,RandomForestRegressor,Train,510,0.9325
C2,RandomForestRegressor,Train,69,90
C2,RandomForestRegressor,Train,303,200
C2,RandomForestRegressor,Train,285,16.1
C2,RandomForestRegressor,Train,194,88.3651
C2,RandomForestRegressor,Train,415,2.6875
C2,RandomForestRegressor,Train,253,26
C2,RandomForestRegressor,Train,507,0.6363
C2,RandomForestRegressor,Train,197,16.661
C2,RandomForestRegressor,Train,84,12.411
C2,RandomForestRegressor,Train,495,0.439
C2,RandomForestRegressor,Train,540,0.2479
C2,RandomForestRegressor,Train,337,0.1123
C2,RandomForestRegressor,Train,406,0.0568
C2,RandomForestRegressor,Train,161,95.3006
C2,RandomForestRegressor,Train,6,196.9007
C2,RandomForestRegressor,Train,624,113.5747
C2,RandomForestRegressor,Train,382,176.4069
C2,RandomForestRegressor,Train,569,117.0022
C2,RandomForestRegressor,Train,172,8.9135
C2,RandomForestRegressor,Train,660,19.09
C2,RandomForestRegressor,Train,666,11.2
C2,RandomForestRegressor,Train,488,0.6875
C2,RandomForestRegressor,Train,191,50.0692
C2,RandomForestRegressor,Train,379,256.0606
C2,RandomForestRegressor,Train,545,2.9256
C2,RandomForestRegressor,Train,218,140.1645
C2,RandomForestRegressor,Train,416,2.75
C2,RandomForestRegressor,Train,288,14.5
C2,RandomForestRegressor,Train,187,67.1065
C2,RandomForestRegressor,Train,163,2.005
C2,RandomForestRegressor,Train,543,2.033
C2,RandomForestRegressor,Train,124,4.7621
C2,RandomForestRegressor,Train,463,0.6518
C2,RandomForestRegressor,Train,157,70.5282
C2,RandomForestRegressor,Train,236,0
C2,RandomForestRegressor,Train,129,11.7748
C2,RandomForestRegressor,Train,134,4.7968
C2,RandomForestRegressor,Train,570,120.2191
C2,RandomForestRegressor,Train,616,32.1267
C2,RandomForestRegressor,Train,634,177.3756
C2,RandomForestRegressor,Train,13,164.5415
C2,RandomForestRegressor,Train,245,15.5
C2,RandomForestRegressor,Train,347,12.5401
C2,RandomForestRegressor,Train,7,203.5289
C2,RandomForestRegressor,Train,332,8.8
C2,RandomForestRegressor,Train,196,10.8544
C2,RandomForestRegressor,Train,330,9
C2,RandomForestRegressor,Train,365,3.4934
C2,RandomForestRegressor,Train,433,0.25
C2,RandomForestRegressor,Train,489,0.7188
C2,RandomForestRegressor,Train,363,5.2402
C2,RandomForestRegressor,Train,70,30
C2,RandomForestRegressor,Train,499,0.878
C2,RandomForestRegressor,Train,36,171.4973
C2,RandomForestRegressor,Train,211,143.58
C2,RandomForestRegressor,Train,118,11.7251
C2,RandomForestRegressor,Train,619,2.2624
C2,RandomForestRegressor,Train,179,47.5037
C2,RandomForestRegressor,Train,573,120.9294
C2,RandomForestRegressor,Train,86,12.286
C2,RandomForestRegressor,Train,661,12.93
C2,RandomForestRegressor,Train,79,62.9884
C2,RandomForestRegressor,Train,143,7.4165
C2,RandomForestRegressor,Train,524,1.2789
C2,RandomForestRegressor,Train,380,249.1342
C2,RandomForestRegressor,Train,423,3.4215
C2,RandomForestRegressor,Train,357,13.1703
C2,RandomForestRegressor,Train,184,3.8774
C2,RandomForestRegressor,Train,352,10.1342
C2,RandomForestRegressor,Train,492,-0.0488
C2,RandomForestRegressor,Train,152,8.0988
C2,RandomForestRegressor,Train,73,2
C2,RandomForestRegressor,Train,289,14.2
C2,RandomForestRegressor,Train,16,187.171
C2,RandomForestRegressor,Train,273,16.5508
C2,RandomForestRegressor,Train,542,1.0405
C2,RandomForestRegressor,Train,487,0.6573
C2,RandomForestRegressor,Train,629,162.4434
C2,RandomForestRegressor,Train,261,48
C2,RandomForestRegressor,Train,122,14.0871
C2,RandomForestRegressor,Train,335,0.1123
C2,RandomForestRegressor,Train,417,2.7813
C2,RandomForestRegressor,Train,578,199.8271
C2,RandomForestRegressor,Train,587,207.3981
C2,RandomForestRegressor,Train,414,2.5938
C2,RandomForestRegressor,Train,251,34
C2,RandomForestRegressor,Train,662,9.42
C2,RandomForestRegressor,Train,235,0
C2,RandomForestRegressor,Train,374,151.0303
C2,RandomForestRegressor,Train,326,8.6
C2,RandomForestRegressor,Train,281,30.1344
C2,RandomForestRegressor,Train,620,4.0724
C2,RandomForestRegressor,Train,90,20.1088
C2,RandomForestRegressor,Train,419,0.2975
C2,RandomForestRegressor,Train,453,2.7841
C2,RandomForestRegressor,Train,592,3.7292
C2,RandomForestRegressor,Train,479,0.0833
C2,RandomForestRegressor,Train,562,19.9007
C2,RandomForestRegressor,Train,618,33.9367
C2,RandomForestRegressor,Train,133,7.7838
C2,RandomForestRegressor,Train,483,0.4379
C2,RandomForestRegressor,Train,391,261.2554
C2,RandomForestRegressor,Train,18,180.7351
C2,RandomForestRegressor,Train,396,160.5788
C2,RandomForestRegressor,Train,355,10.9333
C2,RandomForestRegressor,Train,636,202.2624
C2,RandomForestRegressor,Train,547,3.3719
C2,RandomForestRegressor,Train,204,10.8544
C2,RandomForestRegressor,Train,468,1.1613
C2,RandomForestRegressor,Train,561,19.9005
C2,RandomForestRegressor,Train,183,56.7066
C2,RandomForestRegressor,Train,159,90.713
C2,RandomForestRegressor,Train,117,13.7027
C2,RandomForestRegressor,Train,394,179.8701
C2,RandomForestRegressor,Train,527,-0.1319
C2,RandomForestRegressor,Train,371,7.3913
C2,RandomForestRegressor,Train,333,8.2
C2,RandomForestRegressor,Train,45,77.8966
C2,RandomForestRegressor,Train,327,8.9
C2,RandomForestRegressor,Train,536,1.1869
C2,RandomForestRegressor,Train,671,5.4793
C2,RandomForestRegressor,Train,623,4.9773
C2,RandomForestRegressor,Train,221,16.661
C2,RandomForestRegressor,Train,512,1.0682
C2,RandomForestRegressor,Train,206,31.2926
C2,RandomForestRegressor,Train,612,190.7779
C2,RandomForestRegressor,Train,466,0.2074
C2,RandomForestRegressor,Train,346,11.1176
C2,RandomForestRegressor,Train,233,0
C2,RandomForestRegressor,Train,532,0.9231
C2,RandomForestRegressor,Train,370,10.8696
C2,RandomForestRegressor,Train,475,2.6613
C2,RandomForestRegressor,Train,87,17.4132
C2,RandomForestRegressor,Train,534,1.088
C2,RandomForestRegressor,Train,302,0
C2,RandomForestRegressor,Train,665,9.5675
C2,RandomForestRegressor,Train,314,80
C2,RandomForestRegressor,Train,219,144.8177
C2,RandomForestRegressor,Train,537,1.1935
C2,RandomForestRegressor,Train,142,6.9943
C2,RandomForestRegressor,Train,388,191.9913
C2,RandomForestRegressor,Train,465,0.6823
C2,RandomForestRegressor,Train,588,208.3905
C2,RandomForestRegressor,Train,108,16.7484
C2,RandomForestRegressor,Train,40,187.7603
C2,RandomForestRegressor,Train,14,175.7096
C2,RandomForestRegressor,Train,322,9.6
C2,RandomForestRegressor,Train,438,0.7813
C2,RandomForestRegressor,Train,622,4.5249
C2,RandomForestRegressor,Train,440,0.8125
C2,RandomForestRegressor,Train,384,246.5368
C2,RandomForestRegressor,Train,185,19.2773
C2,RandomForestRegressor,Train,192,60.0842
C2,RandomForestRegressor,Train,105,13.9905
C2,RandomForestRegressor,Train,223,60.2934
C2,RandomForestRegressor,Train,581,202.7626
C2,RandomForestRegressor,Train,30,178
C2,RandomForestRegressor,Train,262,43
C2,RandomForestRegressor,Train,116,12.2315
C2,RandomForestRegressor,Train,550,18.5644
C2,RandomForestRegressor,Train,401,222.5413
C2,RandomForestRegressor,Train,34,143.7129
C2,RandomForestRegressor,Train,269,14.1204
C2,RandomForestRegressor,Train,257,62
C2,RandomForestRegressor,Train,408,0.525
C2,RandomForestRegressor,Train,43,35.8031
C2,RandomForestRegressor,Train,517,0.4426
C2,RandomForestRegressor,Train,247,11
C2,RandomForestRegressor,Train,529,0.3956
C2,RandomForestRegressor,Train,97,12.9034
C2,RandomForestRegressor,Train,655,5.0188
C2,RandomForestRegressor,Train,584,203.5592
C2,RandomForestRegressor,Train,462,0.6512
C2,RandomForestRegressor,Train,637,206.7873
C2,RandomForestRegressor,Train,557,24.7571
C2,RandomForestRegressor,Train,443,1.008
C2,RandomForestRegressor,Train,640,5.4298
C2,RandomForestRegressor,Train,301,99
C2,RandomForestRegressor,Train,398,189.0305
C2,RandomForestRegressor,Train,377,31.8134
C2,RandomForestRegressor,Train,297,205
C2,RandomForestRegressor,Train,230,0
C2,RandomForestRegressor,Train,201,88.117
C2,RandomForestRegressor,Train,454,-0.0311
C2,RandomForestRegressor,Train,589,209.3641
C2,RandomForestRegressor,Train,378,235.2814
C2,RandomForestRegressor,Train,186,46.1627
C2,RandomForestRegressor,Train,456,0.0318
C2,RandomForestRegressor,Train,254,22
C2,RandomForestRegressor,Train,498,0.7805
C2,RandomForestRegressor,Train,614,28.5068
C2,RandomForestRegressor,Train,564,19.9019
C2,RandomForestRegressor,Train,386,265.5844
C2,RandomForestRegressor,Train,459,0.3721
C2,RandomForestRegressor,Train,295,225
C2,RandomForestRegressor,Train,450,2.74
C2,RandomForestRegressor,Train,339,0.1497
C2,RandomForestRegressor,Train,23,185.6084
C2,RandomForestRegressor,Train,345,10.3316
C2,RandomForestRegressor,Train,342,3.5187
C2,RandomForestRegressor,Train,102,14.3145
C2,RandomForestRegressor,Train,658,13.7265
C2,RandomForestRegressor,Train,266,9.2885
C2,RandomForestRegressor,Train,202,105.5386
C2,RandomForestRegressor,Train,33,75
C2,RandomForestRegressor,Train,672,7.9032
C2,RandomForestRegressor,Train,577,199.826
C2,RandomForestRegressor,Train,112,2
C2,RandomForestRegressor,Train,94,12.6758
C2,RandomForestRegressor,Train,47,100.5808
C2,RandomForestRegressor,Train,26,184.3807
C2,RandomForestRegressor,Train,552,21.0401
C2,RandomForestRegressor,Train,317,9.7
C2,RandomForestRegressor,Train,128,10.5788
C2,RandomForestRegressor,Train,198,31.2926
C2,RandomForestRegressor,Train,354,10.8798
C2,RandomForestRegressor,Train,37,175.4161
C2,RandomForestRegressor,Train,193,82.2821
C2,RandomForestRegressor,Train,88,17.5699
C2,RandomForestRegressor,Train,275,15.5572
C2,RandomForestRegressor,Train,111,5
C2,RandomForestRegressor,Train,268,12.5684
C2,RandomForestRegressor,Train,267,11.5498
C2,RandomForestRegressor,Train,20,37.4042
C2,RandomForestRegressor,Train,312,148
C2,RandomForestRegressor,Train,3,45.9523
C2,RandomForestRegressor,Train,402,229.0834
C2,RandomForestRegressor,Train,344,8.8717
C2,RandomForestRegressor,Train,644,6.7873
C2,RandomForestRegressor,Train,120,12.3402
C2,RandomForestRegressor,Train,359,11.4585
C2,RandomForestRegressor,Train,364,4.7511
C2,RandomForestRegressor,Train,83,4.2137
C2,RandomForestRegressor,Train,519,0.7869
C2,RandomForestRegressor,Train,231,0
C2,RandomForestRegressor,Train,141,6.4234
C2,RandomForestRegressor,Train,410,1.375
C2,RandomForestRegressor,Train,279,28.4955
C2,RandomForestRegressor,Train,228,0
C2,RandomForestRegressor,Train,224,79.7532
C2,RandomForestRegressor,Train,95,19.3671
C2,RandomForestRegressor,Train,248,35
C2,RandomForestRegressor,Train,31,145
C2,RandomForestRegressor,Train,81,56.3548
C2,RandomForestRegressor,Train,568,114.8951
C2,RandomForestRegressor,Train,553,23.5149
C2,RandomForestRegressor,Train,449,2.736
C2,RandomForestRegressor,Train,387,240.4761
C2,RandomForestRegressor,Train,174,9.5591
C2,RandomForestRegressor,Train,630,175.1131
C2,RandomForestRegressor,Train,240,18
C2,RandomForestRegressor,Train,358,13.9039
C2,RandomForestRegressor,Train,19,182.1148
C2,RandomForestRegressor,Train,645,8.5973
C2,RandomForestRegressor,Train,189,16.661
C2,RandomForestRegressor,Train,643,8.5973
C2,RandomForestRegressor,Train,63,73.8302
C2,RandomForestRegressor,Train,205,16.661
C2,RandomForestRegressor,Train,325,8.8
C2,RandomForestRegressor,Train,329,9.2
C2,RandomForestRegressor,Train,368,15.2174
C2,RandomForestRegressor,Train,321,9.6
C2,RandomForestRegressor,Train,565,19.9022
C2,RandomForestRegressor,Train,77,62.9884
C2,RandomForestRegressor,Train,674,4.8387
C2,RandomForestRegressor,Train,190,31.2926
C2,RandomForestRegressor,Train,546,3.124
C2,RandomForestRegressor,Train,580,201.6556
C2,RandomForestRegressor,Train,328,9
C2,RandomForestRegressor,Train,343,6.4011
C2,RandomForestRegressor,Train,324,8
C2,RandomForestRegressor,Train,35,163.7025
C2,RandomForestRegressor,Train,657,12.7399
C2,RandomForestRegressor,Train,400,213.0824
C2,RandomForestRegressor,Train,298,198
C2,RandomForestRegressor,Train,509,0.8453
C2,RandomForestRegressor,Train,426,4.4132
C2,RandomForestRegressor,Train,119,13.7934
C2,RandomForestRegressor,Train,642,7.6923
C2,RandomForestRegressor,Train,74,53.0534
C2,RandomForestRegressor,Train,602,10.7843
C2,RandomForestRegressor,Train,574,177.8478
C2,RandomForestRegressor,Train,106,15.3742
C2,RandomForestRegressor,Test,458,0.186
C2,RandomForestRegressor,Test,641,7.2398
C2,RandomForestRegressor,Test,318,9.6
C2,RandomForestRegressor,Test,436,0.5022
C2,RandomForestRegressor,Test,283,16.2
C2,RandomForestRegressor,Test,24,190.4266
C2,RandomForestRegressor,Test,473,2.613
C2,RandomForestRegressor,Test,29,189
C2,RandomForestRegressor,Test,282,16.3
C2,RandomForestRegressor,Test,362,6.4279
C2,RandomForestRegressor,Test,104,11.6415
C2,RandomForestRegressor,Test,617,33.0317
C2,RandomForestRegressor,Test,229,0
C2,RandomForestRegressor,Test,404,250.7447
C2,RandomForestRegressor,Test,209,111.1716
C2,RandomForestRegressor,Test,613,190.898
C2,RandomForestRegressor,Test,621,4.5249
C2,RandomForestRegressor,Test,604,10.9963
C2,RandomForestRegressor,Test,659,15.0992
C2,RandomForestRegressor,Test,600,9.8831
C2,RandomForestRegressor,Test,670,5.4838
C2,RandomForestRegressor,Test,526,-0.2037
C2,RandomForestRegressor,Test,115,13.052
C2,RandomForestRegressor,Test,635,192.7602
C2,RandomForestRegressor,Test,434,0.2912
C2,RandomForestRegressor,Test,59,68.9452
C2,RandomForestRegressor,Test,503,0.2767
C2,RandomForestRegressor,Test,631,185.9728
C2,RandomForestRegressor,Test,270,15.1055
C2,RandomForestRegressor,Test,259,58
C2,RandomForestRegressor,Test,625,120.8145
C2,RandomForestRegressor,Test,367,16.087
C2,RandomForestRegressor,Test,336,0.1123
C2,RandomForestRegressor,Test,226,145.1216
C2,RandomForestRegressor,Test,477,2.7581
C2,RandomForestRegressor,Test,181,18.4769
C2,RandomForestRegressor,Test,427,4.5124
C2,RandomForestRegressor,Test,294,249
C2,RandomForestRegressor,Test,8,206.3056
C2,RandomForestRegressor,Test,238,0
C2,RandomForestRegressor,Test,533,1.0549
C2,RandomForestRegressor,Test,586,206.4247
C2,RandomForestRegressor,Test,160,89.7899
C2,RandomForestRegressor,Test,505,0.4294
C2,RandomForestRegressor,Test,272,16.0074
C2,RandomForestRegressor,Test,12,106.0565
C2,RandomForestRegressor,Test,598,9.1233
C2,RandomForestRegressor,Test,138,4.1633
C2,RandomForestRegressor,Test,652,175.5656
C2,RandomForestRegressor,Test,485,0.5314
C2,RandomForestRegressor,Test,646,9.9547
C2,RandomForestRegressor,Test,583,202.3422
C2,RandomForestRegressor,Test,200,64.3502
C2,RandomForestRegressor,Test,237,0
C2,RandomForestRegressor,Test,591,4.8793
C2,RandomForestRegressor,Test,265,12
C2,RandomForestRegressor,Test,76,59.3029
C2,RandomForestRegressor,Test,57,69.7061
C2,RandomForestRegressor,Test,307,180
C2,RandomForestRegressor,Test,46,99.3482
C2,RandomForestRegressor,Test,447,2.16
C2,RandomForestRegressor,Test,481,0.2188
C2,RandomForestRegressor,Test,597,5.0142
C2,RandomForestRegressor,Test,520,0.7869
C2,RandomForestRegressor,Test,148,7.5219
C2,RandomForestRegressor,Test,412,2.25
C2,RandomForestRegressor,Test,246,14
C2,RandomForestRegressor,Test,255,18
C2,RandomForestRegressor,Test,575,192.2679
C2,RandomForestRegressor,Test,114,11.8012
C2,RandomForestRegressor,Test,441,0.9063
C2,RandomForestRegressor,Test,405,259.154
C2,RandomForestRegressor,Test,278,27.2644
C2,RandomForestRegressor,Test,430,0.125
C2,RandomForestRegressor,Test,490,-0.453
C2,RandomForestRegressor,Test,608,189.3702
C2,RandomForestRegressor,Test,199,52.5128
C2,RandomForestRegressor,Test,353,10.6981
C2,RandomForestRegressor,Test,673,5.4839
C2,RandomForestRegressor,Test,135,3.1846
C2,RandomForestRegressor,Test,130,13.7867
C2,RandomForestRegressor,Test,147,7.4193
C2,RandomForestRegressor,Test,340,0.8984
C2,RandomForestRegressor,Test,493,0.0876
C2,RandomForestRegressor,Test,521,0.9836
C2,RandomForestRegressor,Test,435,0.4375
C2,RandomForestRegressor,Test,38,183.7787
C2,RandomForestRegressor,Test,571,121.2021
C2,RandomForestRegressor,Test,256,15
C2,RandomForestRegressor,Test,496,0.5853
C2,RandomForestRegressor,Test,601,10.6555
C2,RandomForestRegressor,Test,173,9.3506
C2,RandomForestRegressor,Test,212,10.8544
C2,RandomForestRegressor,Test,311,150
C2,RandomForestRegressor,Test,249,35
C2,RandomForestRegressor,Test,131,10.1205
C2,RandomForestRegressor,Test,647,11.3122
C2,RandomForestRegressor,Test,579,200.6631
C2,RandomForestRegressor,Test,239,18
C2,RandomForestRegressor,Test,171,6.9537
C2,RandomForestRegressor,Test,244,16.5
C2,RandomForestRegressor,Test,334,4.9
C2,RandomForestRegressor,Test,89,19.6706
C2,RandomForestRegressor,Test,137,1.8648
C2,RandomForestRegressor,Test,107,12.3805
C2,RandomForestRegressor,Test,376,122.7272
C2,RandomForestRegressor,Test,91,5.3316
C2,RandomForestRegressor,Test,25,187.3878
C2,RandomForestRegressor,Test,319,9.6
C2,RandomForestRegressor,Test,72,10
C2,RandomForestRegressor,Test,164,2.3002
C2,RandomForestRegressor,Test,49,102.0029
C2,RandomForestRegressor,Test,395,51.7316
C2,RandomForestRegressor,Test,650,159.7285
C2,RandomForestRegressor,Test,149,7.6785
C2,RandomForestRegressor,Test,242,18
C2,RandomForestRegressor,Test,429,4.6612
C2,RandomForestRegressor,Test,166,2.9654
C2,RandomForestRegressor,Test,515,0.1475
C2,RandomForestRegressor,Test,271,15.6958
C2,RandomForestRegressor,Test,292,249
C2,RandomForestRegressor,Test,491,-0.2089
C2,RandomForestRegressor,Test,100,6.0072
C2,RandomForestRegressor,Test,39,184.0091
C2,RandomForestRegressor,Test,145,7.5232
C2,RandomForestRegressor,Test,549,3.4711
C2,RandomForestRegressor,Test,227,154.6933
C2,RandomForestRegressor,Test,615,30.3167
C2,RandomForestRegressor,Test,502,0.0911
C2,RandomForestRegressor,Test,420,1.1893
C2,RandomForestRegressor,Test,476,2.6625
C2,RandomForestRegressor,Test,372,140.919
C2,RandomForestRegressor,Test,151,8.0482
C2,RandomForestRegressor,Test,68,59.7839
C2,RandomForestRegressor,Test,556,24.7564
C2,SVR_RBF,Train,424,4.0661
C2,SVR_RBF,Train,146,7.4684
C2,SVR_RBF,Train,93,15.107
C2,SVR_RBF,Train,323,9.5
C2,SVR_RBF,Train,539,0.0157
C2,SVR_RBF,Train,99,10.9416
C2,SVR_RBF,Train,92,5.6837
C2,SVR_RBF,Train,28,192.4421
C2,SVR_RBF,Train,258,62
C2,SVR_RBF,Train,632,190.4977
C2,SVR_RBF,Train,366,11.7391
C2,SVR_RBF,Train,150,7.8279
C2,SVR_RBF,Train,572,121.0705
C2,SVR_RBF,Train,638,208.5973
C2,SVR_RBF,Train,421,1.8843
C2,SVR_RBF,Train,27,188.2349
C2,SVR_RBF,Train,50,99.7175
C2,SVR_RBF,Train,286,16
C2,SVR_RBF,Train,213,16.661
C2,SVR_RBF,Train,445,1.4355
C2,SVR_RBF,Train,252,31
C2,SVR_RBF,Train,85,7.7779
C2,SVR_RBF,Train,461,0.5271
C2,SVR_RBF,Train,455,0.0117
C2,SVR_RBF,Train,375,137.4459
C2,SVR_RBF,Train,210,132.1477
C2,SVR_RBF,Train,290,11.9
C2,SVR_RBF,Train,15,186.1441
C2,SVR_RBF,Train,535,1.1538
C2,SVR_RBF,Train,596,4.6697
C2,SVR_RBF,Train,514,0.0991
C2,SVR_RBF,Train,651,168.7782
C2,SVR_RBF,Train,62,67.104
C2,SVR_RBF,Train,58,70.945
C2,SVR_RBF,Train,78,62.2973
C2,SVR_RBF,Train,274,16.7407
C2,SVR_RBF,Train,418,0.0232
C2,SVR_RBF,Train,522,1.1411
C2,SVR_RBF,Train,516,0.3443
C2,SVR_RBF,Train,633,193.6651
C2,SVR_RBF,Train,656,9.8231
C2,SVR_RBF,Train,431,0.1437
C2,SVR_RBF,Train,51,36.1086
C2,SVR_RBF,Train,497,0.7317
C2,SVR_RBF,Train,425,4.3637
C2,SVR_RBF,Train,331,8.9
C2,SVR_RBF,Train,413,2.5006
C2,SVR_RBF,Train,109,15
C2,SVR_RBF,Train,42,187.2488
C2,SVR_RBF,Train,75,54.9536
C2,SVR_RBF,Train,432,0.1875
C2,SVR_RBF,Train,626,123.9819
C2,SVR_RBF,Train,480,0.1562
C2,SVR_RBF,Train,222,31.2926
C2,SVR_RBF,Train,442,0.0274
C2,SVR_RBF,Train,460,0.4651
C2,SVR_RBF,Train,21,106.0925
C2,SVR_RBF,Train,55,75.5317
C2,SVR_RBF,Train,291,250
C2,SVR_RBF,Train,217,110.3519
C2,SVR_RBF,Train,392,258.758
C2,SVR_RBF,Train,544,2.5785
C2,SVR_RBF,Train,203,128.8589
C2,SVR_RBF,Train,305,199
C2,SVR_RBF,Train,664,8.0733
C2,SVR_RBF,Train,558,14.9253
C2,SVR_RBF,Train,113,1
C2,SVR_RBF,Train,188,10.8544
C2,SVR_RBF,Train,220,10.8544
C2,SVR_RBF,Train,80,64.4519
C2,SVR_RBF,Train,383,50.8758
C2,SVR_RBF,Train,41,187.5173
C2,SVR_RBF,Train,654,2.3164
C2,SVR_RBF,Train,548,3.3721
C2,SVR_RBF,Train,484,0.4688
C2,SVR_RBF,Train,17,182.9271
C2,SVR_RBF,Train,123,1.9281
C2,SVR_RBF,Train,132,10.8016
C2,SVR_RBF,Train,341,1.9465
C2,SVR_RBF,Train,511,1.0309
C2,SVR_RBF,Train,482,0.2813
C2,SVR_RBF,Train,48,107.2474
C2,SVR_RBF,Train,349,8.6133
C2,SVR_RBF,Train,494,0.1951
C2,SVR_RBF,Train,304,199
C2,SVR_RBF,Train,525,1.3279
C2,SVR_RBF,Train,308,175
C2,SVR_RBF,Train,4,100.6216
C2,SVR_RBF,Train,437,0.625
C2,SVR_RBF,Train,531,0.7582
C2,SVR_RBF,Train,165,2.4016
C2,SVR_RBF,Train,474,2.6613
C2,SVR_RBF,Train,409,0.9991
C2,SVR_RBF,Train,627,126.6968
C2,SVR_RBF,Train,567,110.5493
C2,SVR_RBF,Train,280,29.322
C2,SVR_RBF,Train,82,59.9138
C2,SVR_RBF,Train,605,11.3206
C2,SVR_RBF,Train,350,9.2547
C2,SVR_RBF,Train,470,1.9355
C2,SVR_RBF,Train,446,1.68
C2,SVR_RBF,Train,541,0.3471
C2,SVR_RBF,Train,96,18.5037
C2,SVR_RBF,Train,444,1.392
C2,SVR_RBF,Train,154,21.2041
C2,SVR_RBF,Train,582,194.643
C2,SVR_RBF,Train,140,5.2675
C2,SVR_RBF,Train,125,8.0539
C2,SVR_RBF,Train,60,32.1593
C2,SVR_RBF,Train,52,44.2483
C2,SVR_RBF,Train,560,18.6576
C2,SVR_RBF,Train,225,116.4338
C2,SVR_RBF,Train,287,15
C2,SVR_RBF,Train,403,239.2408
C2,SVR_RBF,Train,158,85.5833
C2,SVR_RBF,Train,389,58.658
C2,SVR_RBF,Train,250,35
C2,SVR_RBF,Train,361,7.7554
C2,SVR_RBF,Train,234,0
C2,SVR_RBF,Train,457,0.124
C2,SVR_RBF,Train,66,60.1467
C2,SVR_RBF,Train,523,1.2087
C2,SVR_RBF,Train,639,3.6199
C2,SVR_RBF,Train,390,239.6104
C2,SVR_RBF,Train,369,11.7391
C2,SVR_RBF,Train,360,9.5371
C2,SVR_RBF,Train,215,63.7857
C2,SVR_RBF,Train,98,11.6115
C2,SVR_RBF,Train,207,58.5204
C2,SVR_RBF,Train,464,0.6822
C2,SVR_RBF,Train,208,64.3514
C2,SVR_RBF,Train,538,0.0122
C2,SVR_RBF,Train,276,21.2415
C2,SVR_RBF,Train,264,28
C2,SVR_RBF,Train,214,31.2926
C2,SVR_RBF,Train,169,5.6234
C2,SVR_RBF,Train,668,11.9228
C2,SVR_RBF,Train,284,16.1
C2,SVR_RBF,Train,168,3.4065
C2,SVR_RBF,Train,293,249
C2,SVR_RBF,Train,448,2.4127
C2,SVR_RBF,Train,599,9.4379
C2,SVR_RBF,Train,232,0
C2,SVR_RBF,Train,559,18.6567
C2,SVR_RBF,Train,593,4.2261
C2,SVR_RBF,Train,373,153.8961
C2,SVR_RBF,Train,411,1.8375
C2,SVR_RBF,Train,667,11.2467
C2,SVR_RBF,Train,64,62.9539
C2,SVR_RBF,Train,126,8.924
C2,SVR_RBF,Train,170,6.1214
C2,SVR_RBF,Train,156,57.1515
C2,SVR_RBF,Train,32,130
C2,SVR_RBF,Train,554,23.5187
C2,SVR_RBF,Train,310,160
C2,SVR_RBF,Train,555,24.7525
C2,SVR_RBF,Train,566,97.2533
C2,SVR_RBF,Train,9,198.1857
C2,SVR_RBF,Train,648,11.7647
C2,SVR_RBF,Train,610,190.2757
C2,SVR_RBF,Train,139,4.6607
C2,SVR_RBF,Train,306,199
C2,SVR_RBF,Train,428,4.562
C2,SVR_RBF,Train,551,21.0396
C2,SVR_RBF,Train,53,66.997
C2,SVR_RBF,Train,393,231.8182
C2,SVR_RBF,Train,338,0.1872
C2,SVR_RBF,Train,595,4.6602
C2,SVR_RBF,Train,381,203.2466
C2,SVR_RBF,Train,607,188.4733
C2,SVR_RBF,Train,71,12
C2,SVR_RBF,Train,320,9.6
C2,SVR_RBF,Train,313,110
C2,SVR_RBF,Train,451,2.784
C2,SVR_RBF,Train,530,0.5275
C2,SVR_RBF,Train,162,1.7279
C2,SVR_RBF,Train,144,7.4757
C2,SVR_RBF,Train,65,64.5069
C2,SVR_RBF,Train,513,1.0911
C2,SVR_RBF,Train,590,3.9695
C2,SVR_RBF,Train,167,3.4122
C2,SVR_RBF,Train,153,8.2082
C2,SVR_RBF,Train,67,58.7044
C2,SVR_RBF,Train,10,189.6709
C2,SVR_RBF,Train,576,194.3514
C2,SVR_RBF,Train,422,2.4793
C2,SVR_RBF,Train,309,170
C2,SVR_RBF,Train,348,8.0216
C2,SVR_RBF,Train,563,19.9014
C2,SVR_RBF,Train,653,178.2805
C2,SVR_RBF,Train,585,204.3982
C2,SVR_RBF,Train,471,2.3226
C2,SVR_RBF,Train,180,52.7921
C2,SVR_RBF,Train,611,190.3014
C2,SVR_RBF,Train,103,15.0427
C2,SVR_RBF,Train,472,2.5161
C2,SVR_RBF,Train,467,0.4355
C2,SVR_RBF,Train,54,69.8308
C2,SVR_RBF,Train,506,0.4892
C2,SVR_RBF,Train,175,9.6674
C2,SVR_RBF,Train,469,1.6452
C2,SVR_RBF,Train,594,4.5061
C2,SVR_RBF,Train,606,182.4439
C2,SVR_RBF,Train,136,2.4124
C2,SVR_RBF,Train,500,0.8782
C2,SVR_RBF,Train,528,-0.0329
C2,SVR_RBF,Train,356,10.9285
C2,SVR_RBF,Train,101,8.3687
C2,SVR_RBF,Train,176,3.9349
C2,SVR_RBF,Train,407,0.1875
C2,SVR_RBF,Train,508,0.7214
C2,SVR_RBF,Train,277,25.3552
C2,SVR_RBF,Train,439,0.8125
C2,SVR_RBF,Train,316,9.8
C2,SVR_RBF,Train,486,0.5937
C2,SVR_RBF,Train,110,10
C2,SVR_RBF,Train,44,55.2411
C2,SVR_RBF,Train,452,2.832
C2,SVR_RBF,Train,241,18
C2,SVR_RBF,Train,195,98.0734
C2,SVR_RBF,Train,182,40.2656
C2,SVR_RBF,Train,351,9.76
C2,SVR_RBF,Train,385,266.4502
C2,SVR_RBF,Train,296,210
C2,SVR_RBF,Train,478,0.0625
C2,SVR_RBF,Train,399,206.4592
C2,SVR_RBF,Train,155,42.7149
C2,SVR_RBF,Train,299,160
C2,SVR_RBF,Train,56,71.4614
C2,SVR_RBF,Train,11,55.825
C2,SVR_RBF,Train,178,32.7076
C2,SVR_RBF,Train,603,10.7927
C2,SVR_RBF,Train,663,3.9662
C2,SVR_RBF,Train,5,178.1616
C2,SVR_RBF,Train,263,36
C2,SVR_RBF,Train,300,115
C2,SVR_RBF,Train,669,4.6774
C2,SVR_RBF,Train,315,0
C2,SVR_RBF,Train,518,0.541
C2,SVR_RBF,Train,216,75.6454
C2,SVR_RBF,Train,22,169.1834
C2,SVR_RBF,Train,397,178.0901
C2,SVR_RBF,Train,609,190.1513
C2,SVR_RBF,Train,121,14.8143
C2,SVR_RBF,Train,628,128.5068
C2,SVR_RBF,Train,177,15.8993
C2,SVR_RBF,Train,61,45.1337
C2,SVR_RBF,Train,501,0.8787
C2,SVR_RBF,Train,243,17
C2,SVR_RBF,Train,260,55
C2,SVR_RBF,Train,504,0.3351
C2,SVR_RBF,Train,649,145.2489
C2,SVR_RBF,Train,127,9.7231
C2,SVR_RBF,Train,510,0.9325
C2,SVR_RBF,Train,69,90
C2,SVR_RBF,Train,303,200
C2,SVR_RBF,Train,285,16.1
C2,SVR_RBF,Train,194,88.3651
C2,SVR_RBF,Train,415,2.6875
C2,SVR_RBF,Train,253,26
C2,SVR_RBF,Train,507,0.6363
C2,SVR_RBF,Train,197,16.661
C2,SVR_RBF,Train,84,12.411
C2,SVR_RBF,Train,495,0.439
C2,SVR_RBF,Train,540,0.2479
C2,SVR_RBF,Train,337,0.1123
C2,SVR_RBF,Train,406,0.0568
C2,SVR_RBF,Train,161,95.3006
C2,SVR_RBF,Train,6,196.9007
C2,SVR_RBF,Train,624,113.5747
C2,SVR_RBF,Train,382,176.4069
C2,SVR_RBF,Train,569,117.0022
C2,SVR_RBF,Train,172,8.9135
C2,SVR_RBF,Train,660,19.09
C2,SVR_RBF,Train,666,11.2
C2,SVR_RBF,Train,488,0.6875
C2,SVR_RBF,Train,191,50.0692
C2,SVR_RBF,Train,379,256.0606
C2,SVR_RBF,Train,545,2.9256
C2,SVR_RBF,Train,218,140.1645
C2,SVR_RBF,Train,416,2.75
C2,SVR_RBF,Train,288,14.5
C2,SVR_RBF,Train,187,67.1065
C2,SVR_RBF,Train,163,2.005
C2,SVR_RBF,Train,543,2.033
C2,SVR_RBF,Train,124,4.7621
C2,SVR_RBF,Train,463,0.6518
C2,SVR_RBF,Train,157,70.5282
C2,SVR_RBF,Train,236,0
C2,SVR_RBF,Train,129,11.7748
C2,SVR_RBF,Train,134,4.7968
C2,SVR_RBF,Train,570,120.2191
C2,SVR_RBF,Train,616,32.1267
C2,SVR_RBF,Train,634,177.3756
C2,SVR_RBF,Train,13,164.5415
C2,SVR_RBF,Train,245,15.5
C2,SVR_RBF,Train,347,12.5401
C2,SVR_RBF,Train,7,203.5289
C2,SVR_RBF,Train,332,8.8
C2,SVR_RBF,Train,196,10.8544
C2,SVR_RBF,Train,330,9
C2,SVR_RBF,Train,365,3.4934
C2,SVR_RBF,Train,433,0.25
C2,SVR_RBF,Train,489,0.7188
C2,SVR_RBF,Train,363,5.2402
C2,SVR_RBF,Train,70,30
C2,SVR_RBF,Train,499,0.878
C2,SVR_RBF,Train,36,171.4973
C2,SVR_RBF,Train,211,143.58
C2,SVR_RBF,Train,118,11.7251
C2,SVR_RBF,Train,619,2.2624
C2,SVR_RBF,Train,179,47.5037
C2,SVR_RBF,Train,573,120.9294
C2,SVR_RBF,Train,86,12.286
C2,SVR_RBF,Train,661,12.93
C2,SVR_RBF,Train,79,62.9884
C2,SVR_RBF,Train,143,7.4165
C2,SVR_RBF,Train,524,1.2789
C2,SVR_RBF,Train,380,249.1342
C2,SVR_RBF,Train,423,3.4215
C2,SVR_RBF,Train,357,13.1703
C2,SVR_RBF,Train,184,3.8774
C2,SVR_RBF,Train,352,10.1342
C2,SVR_RBF,Train,492,-0.0488
C2,SVR_RBF,Train,152,8.0988
C2,SVR_RBF,Train,73,2
C2,SVR_RBF,Train,289,14.2
C2,SVR_RBF,Train,16,187.171
C2,SVR_RBF,Train,273,16.5508
C2,SVR_RBF,Train,542,1.0405
C2,SVR_RBF,Train,487,0.6573
C2,SVR_RBF,Train,629,162.4434
C2,SVR_RBF,Train,261,48
C2,SVR_RBF,Train,122,14.0871
C2,SVR_RBF,Train,335,0.1123
C2,SVR_RBF,Train,417,2.7813
C2,SVR_RBF,Train,578,199.8271
C2,SVR_RBF,Train,587,207.3981
C2,SVR_RBF,Train,414,2.5938
C2,SVR_RBF,Train,251,34
C2,SVR_RBF,Train,662,9.42
C2,SVR_RBF,Train,235,0
C2,SVR_RBF,Train,374,151.0303
C2,SVR_RBF,Train,326,8.6
C2,SVR_RBF,Train,281,30.1344
C2,SVR_RBF,Train,620,4.0724
C2,SVR_RBF,Train,90,20.1088
C2,SVR_RBF,Train,419,0.2975
C2,SVR_RBF,Train,453,2.7841
C2,SVR_RBF,Train,592,3.7292
C2,SVR_RBF,Train,479,0.0833
C2,SVR_RBF,Train,562,19.9007
C2,SVR_RBF,Train,618,33.9367
C2,SVR_RBF,Train,133,7.7838
C2,SVR_RBF,Train,483,0.4379
C2,SVR_RBF,Train,391,261.2554
C2,SVR_RBF,Train,18,180.7351
C2,SVR_RBF,Train,396,160.5788
C2,SVR_RBF,Train,355,10.9333
C2,SVR_RBF,Train,636,202.2624
C2,SVR_RBF,Train,547,3.3719
C2,SVR_RBF,Train,204,10.8544
C2,SVR_RBF,Train,468,1.1613
C2,SVR_RBF,Train,561,19.9005
C2,SVR_RBF,Train,183,56.7066
C2,SVR_RBF,Train,159,90.713
C2,SVR_RBF,Train,117,13.7027
C2,SVR_RBF,Train,394,179.8701
C2,SVR_RBF,Train,527,-0.1319
C2,SVR_RBF,Train,371,7.3913
C2,SVR_RBF,Train,333,8.2
C2,SVR_RBF,Train,45,77.8966
C2,SVR_RBF,Train,327,8.9
C2,SVR_RBF,Train,536,1.1869
C2,SVR_RBF,Train,671,5.4793
C2,SVR_RBF,Train,623,4.9773
C2,SVR_RBF,Train,221,16.661
C2,SVR_RBF,Train,512,1.0682
C2,SVR_RBF,Train,206,31.2926
C2,SVR_RBF,Train,612,190.7779
C2,SVR_RBF,Train,466,0.2074
C2,SVR_RBF,Train,346,11.1176
C2,SVR_RBF,Train,233,0
C2,SVR_RBF,Train,532,0.9231
C2,SVR_RBF,Train,370,10.8696
C2,SVR_RBF,Train,475,2.6613
C2,SVR_RBF,Train,87,17.4132
C2,SVR_RBF,Train,534,1.088
C2,SVR_RBF,Train,302,0
C2,SVR_RBF,Train,665,9.5675
C2,SVR_RBF,Train,314,80
C2,SVR_RBF,Train,219,144.8177
C2,SVR_RBF,Train,537,1.1935
C2,SVR_RBF,Train,142,6.9943
C2,SVR_RBF,Train,388,191.9913
C2,SVR_RBF,Train,465,0.6823
C2,SVR_RBF,Train,588,208.3905
C2,SVR_RBF,Train,108,16.7484
C2,SVR_RBF,Train,40,187.7603
C2,SVR_RBF,Train,14,175.7096
C2,SVR_RBF,Train,322,9.6
C2,SVR_RBF,Train,438,0.7813
C2,SVR_RBF,Train,622,4.5249
C2,SVR_RBF,Train,440,0.8125
C2,SVR_RBF,Train,384,246.5368
C2,SVR_RBF,Train,185,19.2773
C2,SVR_RBF,Train,192,60.0842
C2,SVR_RBF,Train,105,13.9905
C2,SVR_RBF,Train,223,60.2934
C2,SVR_RBF,Train,581,202.7626
C2,SVR_RBF,Train,30,178
C2,SVR_RBF,Train,262,43
C2,SVR_RBF,Train,116,12.2315
C2,SVR_RBF,Train,550,18.5644
C2,SVR_RBF,Train,401,222.5413
C2,SVR_RBF,Train,34,143.7129
C2,SVR_RBF,Train,269,14.1204
C2,SVR_RBF,Train,257,62
C2,SVR_RBF,Train,408,0.525
C2,SVR_RBF,Train,43,35.8031
C2,SVR_RBF,Train,517,0.4426
C2,SVR_RBF,Train,247,11
C2,SVR_RBF,Train,529,0.3956
C2,SVR_RBF,Train,97,12.9034
C2,SVR_RBF,Train,655,5.0188
C2,SVR_RBF,Train,584,203.5592
C2,SVR_RBF,Train,462,0.6512
C2,SVR_RBF,Train,637,206.7873
C2,SVR_RBF,Train,557,24.7571
C2,SVR_RBF,Train,443,1.008
C2,SVR_RBF,Train,640,5.4298
C2,SVR_RBF,Train,301,99
C2,SVR_RBF,Train,398,189.0305
C2,SVR_RBF,Train,377,31.8134
C2,SVR_RBF,Train,297,205
C2,SVR_RBF,Train,230,0
C2,SVR_RBF,Train,201,88.117
C2,SVR_RBF,Train,454,-0.0311
C2,SVR_RBF,Train,589,209.3641
C2,SVR_RBF,Train,378,235.2814
C2,SVR_RBF,Train,186,46.1627
C2,SVR_RBF,Train,456,0.0318
C2,SVR_RBF,Train,254,22
C2,SVR_RBF,Train,498,0.7805
C2,SVR_RBF,Train,614,28.5068
C2,SVR_RBF,Train,564,19.9019
C2,SVR_RBF,Train,386,265.5844
C2,SVR_RBF,Train,459,0.3721
C2,SVR_RBF,Train,295,225
C2,SVR_RBF,Train,450,2.74
C2,SVR_RBF,Train,339,0.1497
C2,SVR_RBF,Train,23,185.6084
C2,SVR_RBF,Train,345,10.3316
C2,SVR_RBF,Train,342,3.5187
C2,SVR_RBF,Train,102,14.3145
C2,SVR_RBF,Train,658,13.7265
C2,SVR_RBF,Train,266,9.2885
C2,SVR_RBF,Train,202,105.5386
C2,SVR_RBF,Train,33,75
C2,SVR_RBF,Train,672,7.9032
C2,SVR_RBF,Train,577,199.826
C2,SVR_RBF,Train,112,2
C2,SVR_RBF,Train,94,12.6758
C2,SVR_RBF,Train,47,100.5808
C2,SVR_RBF,Train,26,184.3807
C2,SVR_RBF,Train,552,21.0401
C2,SVR_RBF,Train,317,9.7
C2,SVR_RBF,Train,128,10.5788
C2,SVR_RBF,Train,198,31.2926
C2,SVR_RBF,Train,354,10.8798
C2,SVR_RBF,Train,37,175.4161
C2,SVR_RBF,Train,193,82.2821
C2,SVR_RBF,Train,88,17.5699
C2,SVR_RBF,Train,275,15.5572
C2,SVR_RBF,Train,111,5
C2,SVR_RBF,Train,268,12.5684
C2,SVR_RBF,Train,267,11.5498
C2,SVR_RBF,Train,20,37.4042
C2,SVR_RBF,Train,312,148
C2,SVR_RBF,Train,3,45.9523
C2,SVR_RBF,Train,402,229.0834
C2,SVR_RBF,Train,344,8.8717
C2,SVR_RBF,Train,644,6.7873
C2,SVR_RBF,Train,120,12.3402
C2,SVR_RBF,Train,359,11.4585
C2,SVR_RBF,Train,364,4.7511
C2,SVR_RBF,Train,83,4.2137
C2,SVR_RBF,Train,519,0.7869
C2,SVR_RBF,Train,231,0
C2,SVR_RBF,Train,141,6.4234
C2,SVR_RBF,Train,410,1.375
C2,SVR_RBF,Train,279,28.4955
C2,SVR_RBF,Train,228,0
C2,SVR_RBF,Train,224,79.7532
C2,SVR_RBF,Train,95,19.3671
C2,SVR_RBF,Train,248,35
C2,SVR_RBF,Train,31,145
C2,SVR_RBF,Train,81,56.3548
C2,SVR_RBF,Train,568,114.8951
C2,SVR_RBF,Train,553,23.5149
C2,SVR_RBF,Train,449,2.736
C2,SVR_RBF,Train,387,240.4761
C2,SVR_RBF,Train,174,9.5591
C2,SVR_RBF,Train,630,175.1131
C2,SVR_RBF,Train,240,18
C2,SVR_RBF,Train,358,13.9039
C2,SVR_RBF,Train,19,182.1148
C2,SVR_RBF,Train,645,8.5973
C2,SVR_RBF,Train,189,16.661
C2,SVR_RBF,Train,643,8.5973
C2,SVR_RBF,Train,63,73.8302
C2,SVR_RBF,Train,205,16.661
C2,SVR_RBF,Train,325,8.8
C2,SVR_RBF,Train,329,9.2
C2,SVR_RBF,Train,368,15.2174
C2,SVR_RBF,Train,321,9.6
C2,SVR_RBF,Train,565,19.9022
C2,SVR_RBF,Train,77,62.9884
C2,SVR_RBF,Train,674,4.8387
C2,SVR_RBF,Train,190,31.2926
C2,SVR_RBF,Train,546,3.124
C2,SVR_RBF,Train,580,201.6556
C2,SVR_RBF,Train,328,9
C2,SVR_RBF,Train,343,6.4011
C2,SVR_RBF,Train,324,8
C2,SVR_RBF,Train,35,163.7025
C2,SVR_RBF,Train,657,12.7399
C2,SVR_RBF,Train,400,213.0824
C2,SVR_RBF,Train,298,198
C2,SVR_RBF,Train,509,0.8453
C2,SVR_RBF,Train,426,4.4132
C2,SVR_RBF,Train,119,13.7934
C2,SVR_RBF,Train,642,7.6923
C2,SVR_RBF,Train,74,53.0534
C2,SVR_RBF,Train,602,10.7843
C2,SVR_RBF,Train,574,177.8478
C2,SVR_RBF,Train,106,15.3742
C2,SVR_RBF,Test,458,0.186
C2,SVR_RBF,Test,641,7.2398
C2,SVR_RBF,Test,318,9.6
C2,SVR_RBF,Test,436,0.5022
C2,SVR_RBF,Test,283,16.2
C2,SVR_RBF,Test,24,190.4266
C2,SVR_RBF,Test,473,2.613
C2,SVR_RBF,Test,29,189
C2,SVR_RBF,Test,282,16.3
C2,SVR_RBF,Test,362,6.4279
C2,SVR_RBF,Test,104,11.6415
C2,SVR_RBF,Test,617,33.0317
C2,SVR_RBF,Test,229,0
C2,SVR_RBF,Test,404,250.7447
C2,SVR_RBF,Test,209,111.1716
C2,SVR_RBF,Test,613,190.898
C2,SVR_RBF,Test,621,4.5249
C2,SVR_RBF,Test,604,10.9963
C2,SVR_RBF,Test,659,15.0992
C2,SVR_RBF,Test,600,9.8831
C2,SVR_RBF,Test,670,5.4838
C2,SVR_RBF,Test,526,-0.2037
C2,SVR_RBF,Test,115,13.052
C2,SVR_RBF,Test,635,192.7602
C2,SVR_RBF,Test,434,0.2912
C2,SVR_RBF,Test,59,68.9452
C2,SVR_RBF,Test,503,0.2767
C2,SVR_RBF,Test,631,185.9728
C2,SVR_RBF,Test,270,15.1055
C2,SVR_RBF,Test,259,58
C2,SVR_RBF,Test,625,120.8145
C2,SVR_RBF,Test,367,16.087
C2,SVR_RBF,Test,336,0.1123
C2,SVR_RBF,Test,226,145.1216
C2,SVR_RBF,Test,477,2.7581
C2,SVR_RBF,Test,181,18.4769
C2,SVR_RBF,Test,427,4.5124
C2,SVR_RBF,Test,294,249
C2,SVR_RBF,Test,8,206.3056
C2,SVR_RBF,Test,238,0
C2,SVR_RBF,Test,533,1.0549
C2,SVR_RBF,Test,586,206.4247
C2,SVR_RBF,Test,160,89.7899
C2,SVR_RBF,Test,505,0.4294
C2,SVR_RBF,Test,272,16.0074
C2,SVR_RBF,Test,12,106.0565
C2,SVR_RBF,Test,598,9.1233
C2,SVR_RBF,Test,138,4.1633
C2,SVR_RBF,Test,652,175.5656
C2,SVR_RBF,Test,485,0.5314
C2,SVR_RBF,Test,646,9.9547
C2,SVR_RBF,Test,583,202.3422
C2,SVR_RBF,Test,200,64.3502
C2,SVR_RBF,Test,237,0
C2,SVR_RBF,Test,591,4.8793
C2,SVR_RBF,Test,265,12
C2,SVR_RBF,Test,76,59.3029
C2,SVR_RBF,Test,57,69.7061
C2,SVR_RBF,Test,307,180
C2,SVR_RBF,Test,46,99.3482
C2,SVR_RBF,Test,447,2.16
C2,SVR_RBF,Test,481,0.2188
C2,SVR_RBF,Test,597,5.0142
C2,SVR_RBF,Test,520,0.7869
C2,SVR_RBF,Test,148,7.5219
C2,SVR_RBF,Test,412,2.25
C2,SVR_RBF,Test,246,14
C2,SVR_RBF,Test,255,18
C2,SVR_RBF,Test,575,192.2679
C2,SVR_RBF,Test,114,11.8012
C2,SVR_RBF,Test,441,0.9063
C2,SVR_RBF,Test,405,259.154
C2,SVR_RBF,Test,278,27.2644
C2,SVR_RBF,Test,430,0.125
C2,SVR_RBF,Test,490,-0.453
C2,SVR_RBF,Test,608,189.3702
C2,SVR_RBF,Test,199,52.5128
C2,SVR_RBF,Test,353,10.6981
C2,SVR_RBF,Test,673,5.4839
C2,SVR_RBF,Test,135,3.1846
C2,SVR_RBF,Test,130,13.7867
C2,SVR_RBF,Test,147,7.4193
C2,SVR_RBF,Test,340,0.8984
C2,SVR_RBF,Test,493,0.0876
C2,SVR_RBF,Test,521,0.9836
C2,SVR_RBF,Test,435,0.4375
C2,SVR_RBF,Test,38,183.7787
C2,SVR_RBF,Test,571,121.2021
C2,SVR_RBF,Test,256,15
C2,SVR_RBF,Test,496,0.5853
C2,SVR_RBF,Test,601,10.6555
C2,SVR_RBF,Test,173,9.3506
C2,SVR_RBF,Test,212,10.8544
C2,SVR_RBF,Test,311,150
C2,SVR_RBF,Test,249,35
C2,SVR_RBF,Test,131,10.1205
C2,SVR_RBF,Test,647,11.3122
C2,SVR_RBF,Test,579,200.6631
C2,SVR_RBF,Test,239,18
C2,SVR_RBF,Test,171,6.9537
C2,SVR_RBF,Test,244,16.5
C2,SVR_RBF,Test,334,4.9
C2,SVR_RBF,Test,89,19.6706
C2,SVR_RBF,Test,137,1.8648
C2,SVR_RBF,Test,107,12.3805
C2,SVR_RBF,Test,376,122.7272
C2,SVR_RBF,Test,91,5.3316
C2,SVR_RBF,Test,25,187.3878
C2,SVR_RBF,Test,319,9.6
C2,SVR_RBF,Test,72,10
C2,SVR_RBF,Test,164,2.3002
C2,SVR_RBF,Test,49,102.0029
C2,SVR_RBF,Test,395,51.7316
C2,SVR_RBF,Test,650,159.7285
C2,SVR_RBF,Test,149,7.6785
C2,SVR_RBF,Test,242,18
C2,SVR_RBF,Test,429,4.6612
C2,SVR_RBF,Test,166,2.9654
C2,SVR_RBF,Test,515,0.1475
C2,SVR_RBF,Test,271,15.6958
C2,SVR_RBF,Test,292,249
C2,SVR_RBF,Test,491,-0.2089
C2,SVR_RBF,Test,100,6.0072
C2,SVR_RBF,Test,39,184.0091
C2,SVR_RBF,Test,145,7.5232
C2,SVR_RBF,Test,549,3.4711
C2,SVR_RBF,Test,227,154.6933
C2,SVR_RBF,Test,615,30.3167
C2,SVR_RBF,Test,502,0.0911
C2,SVR_RBF,Test,420,1.1893
C2,SVR_RBF,Test,476,2.6625
C2,SVR_RBF,Test,372,140.919
C2,SVR_RBF,Test,151,8.0482
C2,SVR_RBF,Test,68,59.7839
C2,SVR_RBF,Test,556,24.7564
C2,ExtraTreesRegressor,Train,424,4.0661
C2,ExtraTreesRegressor,Train,146,7.4684
C2,ExtraTreesRegressor,Train,93,15.107
C2,ExtraTreesRegressor,Train,323,9.5
C2,ExtraTreesRegressor,Train,539,0.0157
C2,ExtraTreesRegressor,Train,99,10.9416
C2,ExtraTreesRegressor,Train,92,5.6837
C2,ExtraTreesRegressor,Train,28,192.4421
C2,ExtraTreesRegressor,Train,258,62
C2,ExtraTreesRegressor,Train,632,190.4977
C2,ExtraTreesRegressor,Train,366,11.7391
C2,ExtraTreesRegressor,Train,150,7.8279
C2,ExtraTreesRegressor,Train,572,121.0705
C2,ExtraTreesRegressor,Train,638,208.5973
C2,ExtraTreesRegressor,Train,421,1.8843
C2,ExtraTreesRegressor,Train,27,188.2349
C2,ExtraTreesRegressor,Train,50,99.7175
C2,ExtraTreesRegressor,Train,286,16
C2,ExtraTreesRegressor,Train,213,16.661
C2,ExtraTreesRegressor,Train,445,1.4355
C2,ExtraTreesRegressor,Train,252,31
C2,ExtraTreesRegressor,Train,85,7.7779
C2,ExtraTreesRegressor,Train,461,0.5271
C2,ExtraTreesRegressor,Train,455,0.0117
C2,ExtraTreesRegressor,Train,375,137.4459
C2,ExtraTreesRegressor,Train,210,132.1477
C2,ExtraTreesRegressor,Train,290,11.9
C2,ExtraTreesRegressor,Train,15,186.1441
C2,ExtraTreesRegressor,Train,535,1.1538
C2,ExtraTreesRegressor,Train,596,4.6697
C2,ExtraTreesRegressor,Train,514,0.0991
C2,ExtraTreesRegressor,Train,651,168.7782
C2,ExtraTreesRegressor,Train,62,67.104
C2,ExtraTreesRegressor,Train,58,70.945
C2,ExtraTreesRegressor,Train,78,62.2973
C2,ExtraTreesRegressor,Train,274,16.7407
C2,ExtraTreesRegressor,Train,418,0.0232
C2,ExtraTreesRegressor,Train,522,1.1411
C2,ExtraTreesRegressor,Train,516,0.3443
C2,ExtraTreesRegressor,Train,633,193.6651
C2,ExtraTreesRegressor,Train,656,9.8231
C2,ExtraTreesRegressor,Train,431,0.1437
C2,ExtraTreesRegressor,Train,51,36.1086
C2,ExtraTreesRegressor,Train,497,0.7317
C2,ExtraTreesRegressor,Train,425,4.3637
C2,ExtraTreesRegressor,Train,331,8.9
C2,ExtraTreesRegressor,Train,413,2.5006
C2,ExtraTreesRegressor,Train,109,15
C2,ExtraTreesRegressor,Train,42,187.2488
C2,ExtraTreesRegressor,Train,75,54.9536
C2,ExtraTreesRegressor,Train,432,0.1875
C2,ExtraTreesRegressor,Train,626,123.9819
C2,ExtraTreesRegressor,Train,480,0.1562
C2,ExtraTreesRegressor,Train,222,31.2926
C2,ExtraTreesRegressor,Train,442,0.0274
C2,ExtraTreesRegressor,Train,460,0.4651
C2,ExtraTreesRegressor,Train,21,106.0925
C2,ExtraTreesRegressor,Train,55,75.5317
C2,ExtraTreesRegressor,Train,291,250
C2,ExtraTreesRegressor,Train,217,110.3519
C2,ExtraTreesRegressor,Train,392,258.758
C2,ExtraTreesRegressor,Train,544,2.5785
C2,ExtraTreesRegressor,Train,203,128.8589
C2,ExtraTreesRegressor,Train,305,199
C2,ExtraTreesRegressor,Train,664,8.0733
C2,ExtraTreesRegressor,Train,558,14.9253
C2,ExtraTreesRegressor,Train,113,1
C2,ExtraTreesRegressor,Train,188,10.8544
C2,ExtraTreesRegressor,Train,220,10.8544
C2,ExtraTreesRegressor,Train,80,64.4519
C2,ExtraTreesRegressor,Train,383,50.8758
C2,ExtraTreesRegressor,Train,41,187.5173
C2,ExtraTreesRegressor,Train,654,2.3164
C2,ExtraTreesRegressor,Train,548,3.3721
C2,ExtraTreesRegressor,Train,484,0.4688
C2,ExtraTreesRegressor,Train,17,182.9271
C2,ExtraTreesRegressor,Train,123,1.9281
C2,ExtraTreesRegressor,Train,132,10.8016
C2,ExtraTreesRegressor,Train,341,1.9465
C2,ExtraTreesRegressor,Train,511,1.0309
C2,ExtraTreesRegressor,Train,482,0.2813
C2,ExtraTreesRegressor,Train,48,107.2474
C2,ExtraTreesRegressor,Train,349,8.6133
C2,ExtraTreesRegressor,Train,494,0.1951
C2,ExtraTreesRegressor,Train,304,199
C2,ExtraTreesRegressor,Train,525,1.3279
C2,ExtraTreesRegressor,Train,308,175
C2,ExtraTreesRegressor,Train,4,100.6216
C2,ExtraTreesRegressor,Train,437,0.625
C2,ExtraTreesRegressor,Train,531,0.7582
C2,ExtraTreesRegressor,Train,165,2.4016
C2,ExtraTreesRegressor,Train,474,2.6613
C2,ExtraTreesRegressor,Train,409,0.9991
C2,ExtraTreesRegressor,Train,627,126.6968
C2,ExtraTreesRegressor,Train,567,110.5493
C2,ExtraTreesRegressor,Train,280,29.322
C2,ExtraTreesRegressor,Train,82,59.9138
C2,ExtraTreesRegressor,Train,605,11.3206
C2,ExtraTreesRegressor,Train,350,9.2547
C2,ExtraTreesRegressor,Train,470,1.9355
C2,ExtraTreesRegressor,Train,446,1.68
C2,ExtraTreesRegressor,Train,541,0.3471
C2,ExtraTreesRegressor,Train,96,18.5037
C2,ExtraTreesRegressor,Train,444,1.392
C2,ExtraTreesRegressor,Train,154,21.2041
C2,ExtraTreesRegressor,Train,582,194.643
C2,ExtraTreesRegressor,Train,140,5.2675
C2,ExtraTreesRegressor,Train,125,8.0539
C2,ExtraTreesRegressor,Train,60,32.1593
C2,ExtraTreesRegressor,Train,52,44.2483
C2,ExtraTreesRegressor,Train,560,18.6576
C2,ExtraTreesRegressor,Train,225,116.4338
C2,ExtraTreesRegressor,Train,287,15
C2,ExtraTreesRegressor,Train,403,239.2408
C2,ExtraTreesRegressor,Train,158,85.5833
C2,ExtraTreesRegressor,Train,389,58.658
C2,ExtraTreesRegressor,Train,250,35
C2,ExtraTreesRegressor,Train,361,7.7554
C2,ExtraTreesRegressor,Train,234,0
C2,ExtraTreesRegressor,Train,457,0.124
C2,ExtraTreesRegressor,Train,66,60.1467
C2,ExtraTreesRegressor,Train,523,1.2087
C2,ExtraTreesRegressor,Train,639,3.6199
C2,ExtraTreesRegressor,Train,390,239.6104
C2,ExtraTreesRegressor,Train,369,11.7391
C2,ExtraTreesRegressor,Train,360,9.5371
C2,ExtraTreesRegressor,Train,215,63.7857
C2,ExtraTreesRegressor,Train,98,11.6115
C2,ExtraTreesRegressor,Train,207,58.5204
C2,ExtraTreesRegressor,Train,464,0.6822
C2,ExtraTreesRegressor,Train,208,64.3514
C2,ExtraTreesRegressor,Train,538,0.0122
C2,ExtraTreesRegressor,Train,276,21.2415
C2,ExtraTreesRegressor,Train,264,28
C2,ExtraTreesRegressor,Train,214,31.2926
C2,ExtraTreesRegressor,Train,169,5.6234
C2,ExtraTreesRegressor,Train,668,11.9228
C2,ExtraTreesRegressor,Train,284,16.1
C2,ExtraTreesRegressor,Train,168,3.4065
C2,ExtraTreesRegressor,Train,293,249
C2,ExtraTreesRegressor,Train,448,2.4127
C2,ExtraTreesRegressor,Train,599,9.4379
C2,ExtraTreesRegressor,Train,232,0
C2,ExtraTreesRegressor,Train,559,18.6567
C2,ExtraTreesRegressor,Train,593,4.2261
C2,ExtraTreesRegressor,Train,373,153.8961
C2,ExtraTreesRegressor,Train,411,1.8375
C2,ExtraTreesRegressor,Train,667,11.2467
C2,ExtraTreesRegressor,Train,64,62.9539
C2,ExtraTreesRegressor,Train,126,8.924
C2,ExtraTreesRegressor,Train,170,6.1214
C2,ExtraTreesRegressor,Train,156,57.1515
C2,ExtraTreesRegressor,Train,32,130
C2,ExtraTreesRegressor,Train,554,23.5187
C2,ExtraTreesRegressor,Train,310,160
C2,ExtraTreesRegressor,Train,555,24.7525
C2,ExtraTreesRegressor,Train,566,97.2533
C2,ExtraTreesRegressor,Train,9,198.1857
C2,ExtraTreesRegressor,Train,648,11.7647
C2,ExtraTreesRegressor,Train,610,190.2757
C2,ExtraTreesRegressor,Train,139,4.6607
C2,ExtraTreesRegressor,Train,306,199
C2,ExtraTreesRegressor,Train,428,4.562
C2,ExtraTreesRegressor,Train,551,21.0396
C2,ExtraTreesRegressor,Train,53,66.997
C2,ExtraTreesRegressor,Train,393,231.8182
C2,ExtraTreesRegressor,Train,338,0.1872
C2,ExtraTreesRegressor,Train,595,4.6602
C2,ExtraTreesRegressor,Train,381,203.2466
C2,ExtraTreesRegressor,Train,607,188.4733
C2,ExtraTreesRegressor,Train,71,12
C2,ExtraTreesRegressor,Train,320,9.6
C2,ExtraTreesRegressor,Train,313,110
C2,ExtraTreesRegressor,Train,451,2.784
C2,ExtraTreesRegressor,Train,530,0.5275
C2,ExtraTreesRegressor,Train,162,1.7279
C2,ExtraTreesRegressor,Train,144,7.4757
C2,ExtraTreesRegressor,Train,65,64.5069
C2,ExtraTreesRegressor,Train,513,1.0911
C2,ExtraTreesRegressor,Train,590,3.9695
C2,ExtraTreesRegressor,Train,167,3.4122
C2,ExtraTreesRegressor,Train,153,8.2082
C2,ExtraTreesRegressor,Train,67,58.7044
C2,ExtraTreesRegressor,Train,10,189.6709
C2,ExtraTreesRegressor,Train,576,194.3514
C2,ExtraTreesRegressor,Train,422,2.4793
C2,ExtraTreesRegressor,Train,309,170
C2,ExtraTreesRegressor,Train,348,8.0216
C2,ExtraTreesRegressor,Train,563,19.9014
C2,ExtraTreesRegressor,Train,653,178.2805
C2,ExtraTreesRegressor,Train,585,204.3982
C2,ExtraTreesRegressor,Train,471,2.3226
C2,ExtraTreesRegressor,Train,180,52.7921
C2,ExtraTreesRegressor,Train,611,190.3014
C2,ExtraTreesRegressor,Train,103,15.0427
C2,ExtraTreesRegressor,Train,472,2.5161
C2,ExtraTreesRegressor,Train,467,0.4355
C2,ExtraTreesRegressor,Train,54,69.8308
C2,ExtraTreesRegressor,Train,506,0.4892
C2,ExtraTreesRegressor,Train,175,9.6674
C2,ExtraTreesRegressor,Train,469,1.6452
C2,ExtraTreesRegressor,Train,594,4.5061
C2,ExtraTreesRegressor,Train,606,182.4439
C2,ExtraTreesRegressor,Train,136,2.4124
C2,ExtraTreesRegressor,Train,500,0.8782
C2,ExtraTreesRegressor,Train,528,-0.0329
C2,ExtraTreesRegressor,Train,356,10.9285
C2,ExtraTreesRegressor,Train,101,8.3687
C2,ExtraTreesRegressor,Train,176,3.9349
C2,ExtraTreesRegressor,Train,407,0.1875
C2,ExtraTreesRegressor,Train,508,0.7214
C2,ExtraTreesRegressor,Train,277,25.3552
C2,ExtraTreesRegressor,Train,439,0.8125
C2,ExtraTreesRegressor,Train,316,9.8
C2,ExtraTreesRegressor,Train,486,0.5937
C2,ExtraTreesRegressor,Train,110,10
C2,ExtraTreesRegressor,Train,44,55.2411
C2,ExtraTreesRegressor,Train,452,2.832
C2,ExtraTreesRegressor,Train,241,18
C2,ExtraTreesRegressor,Train,195,98.0734
C2,ExtraTreesRegressor,Train,182,40.2656
C2,ExtraTreesRegressor,Train,351,9.76
C2,ExtraTreesRegressor,Train,385,266.4502
C2,ExtraTreesRegressor,Train,296,210
C2,ExtraTreesRegressor,Train,478,0.0625
C2,ExtraTreesRegressor,Train,399,206.4592
C2,ExtraTreesRegressor,Train,155,42.7149
C2,ExtraTreesRegressor,Train,299,160
C2,ExtraTreesRegressor,Train,56,71.4614
C2,ExtraTreesRegressor,Train,11,55.825
C2,ExtraTreesRegressor,Train,178,32.7076
C2,ExtraTreesRegressor,Train,603,10.7927
C2,ExtraTreesRegressor,Train,663,3.9662
C2,ExtraTreesRegressor,Train,5,178.1616
C2,ExtraTreesRegressor,Train,263,36
C2,ExtraTreesRegressor,Train,300,115
C2,ExtraTreesRegressor,Train,669,4.6774
C2,ExtraTreesRegressor,Train,315,0
C2,ExtraTreesRegressor,Train,518,0.541
C2,ExtraTreesRegressor,Train,216,75.6454
C2,ExtraTreesRegressor,Train,22,169.1834
C2,ExtraTreesRegressor,Train,397,178.0901
C2,ExtraTreesRegressor,Train,609,190.1513
C2,ExtraTreesRegressor,Train,121,14.8143
C2,ExtraTreesRegressor,Train,628,128.5068
C2,ExtraTreesRegressor,Train,177,15.8993
C2,ExtraTreesRegressor,Train,61,45.1337
C2,ExtraTreesRegressor,Train,501,0.8787
C2,ExtraTreesRegressor,Train,243,17
C2,ExtraTreesRegressor,Train,260,55
C2,ExtraTreesRegressor,Train,504,0.3351
C2,ExtraTreesRegressor,Train,649,145.2489
C2,ExtraTreesRegressor,Train,127,9.7231
C2,ExtraTreesRegressor,Train,510,0.9325
C2,ExtraTreesRegressor,Train,69,90
C2,ExtraTreesRegressor,Train,303,200
C2,ExtraTreesRegressor,Train,285,16.1
C2,ExtraTreesRegressor,Train,194,88.3651
C2,ExtraTreesRegressor,Train,415,2.6875
C2,ExtraTreesRegressor,Train,253,26
C2,ExtraTreesRegressor,Train,507,0.6363
C2,ExtraTreesRegressor,Train,197,16.661
C2,ExtraTreesRegressor,Train,84,12.411
C2,ExtraTreesRegressor,Train,495,0.439
C2,ExtraTreesRegressor,Train,540,0.2479
C2,ExtraTreesRegressor,Train,337,0.1123
C2,ExtraTreesRegressor,Train,406,0.0568
C2,ExtraTreesRegressor,Train,161,95.3006
C2,ExtraTreesRegressor,Train,6,196.9007
C2,ExtraTreesRegressor,Train,624,113.5747
C2,ExtraTreesRegressor,Train,382,176.4069
C2,ExtraTreesRegressor,Train,569,117.0022
C2,ExtraTreesRegressor,Train,172,8.9135
C2,ExtraTreesRegressor,Train,660,19.09
C2,ExtraTreesRegressor,Train,666,11.2
C2,ExtraTreesRegressor,Train,488,0.6875
C2,ExtraTreesRegressor,Train,191,50.0692
C2,ExtraTreesRegressor,Train,379,256.0606
C2,ExtraTreesRegressor,Train,545,2.9256
C2,ExtraTreesRegressor,Train,218,140.1645
C2,ExtraTreesRegressor,Train,416,2.75
C2,ExtraTreesRegressor,Train,288,14.5
C2,ExtraTreesRegressor,Train,187,67.1065
C2,ExtraTreesRegressor,Train,163,2.005
C2,ExtraTreesRegressor,Train,543,2.033
C2,ExtraTreesRegressor,Train,124,4.7621
C2,ExtraTreesRegressor,Train,463,0.6518
C2,ExtraTreesRegressor,Train,157,70.5282
C2,ExtraTreesRegressor,Train,236,0
C2,ExtraTreesRegressor,Train,129,11.7748
C2,ExtraTreesRegressor,Train,134,4.7968
C2,ExtraTreesRegressor,Train,570,120.2191
C2,ExtraTreesRegressor,Train,616,32.1267
C2,ExtraTreesRegressor,Train,634,177.3756
C2,ExtraTreesRegressor,Train,13,164.5415
C2,ExtraTreesRegressor,Train,245,15.5
C2,ExtraTreesRegressor,Train,347,12.5401
C2,ExtraTreesRegressor,Train,7,203.5289
C2,ExtraTreesRegressor,Train,332,8.8
C2,ExtraTreesRegressor,Train,196,10.8544
C2,ExtraTreesRegressor,Train,330,9
C2,ExtraTreesRegressor,Train,365,3.4934
C2,ExtraTreesRegressor,Train,433,0.25
C2,ExtraTreesRegressor,Train,489,0.7188
C2,ExtraTreesRegressor,Train,363,5.2402
C2,ExtraTreesRegressor,Train,70,30
C2,ExtraTreesRegressor,Train,499,0.878
C2,ExtraTreesRegressor,Train,36,171.4973
C2,ExtraTreesRegressor,Train,211,143.58
C2,ExtraTreesRegressor,Train,118,11.7251
C2,ExtraTreesRegressor,Train,619,2.2624
C2,ExtraTreesRegressor,Train,179,47.5037
C2,ExtraTreesRegressor,Train,573,120.9294
C2,ExtraTreesRegressor,Train,86,12.286
C2,ExtraTreesRegressor,Train,661,12.93
C2,ExtraTreesRegressor,Train,79,62.9884
C2,ExtraTreesRegressor,Train,143,7.4165
C2,ExtraTreesRegressor,Train,524,1.2789
C2,ExtraTreesRegressor,Train,380,249.1342
C2,ExtraTreesRegressor,Train,423,3.4215
C2,ExtraTreesRegressor,Train,357,13.1703
C2,ExtraTreesRegressor,Train,184,3.8774
C2,ExtraTreesRegressor,Train,352,10.1342
C2,ExtraTreesRegressor,Train,492,-0.0488
C2,ExtraTreesRegressor,Train,152,8.0988
C2,ExtraTreesRegressor,Train,73,2
C2,ExtraTreesRegressor,Train,289,14.2
C2,ExtraTreesRegressor,Train,16,187.171
C2,ExtraTreesRegressor,Train,273,16.5508
C2,ExtraTreesRegressor,Train,542,1.0405
C2,ExtraTreesRegressor,Train,487,0.6573
C2,ExtraTreesRegressor,Train,629,162.4434
C2,ExtraTreesRegressor,Train,261,48
C2,ExtraTreesRegressor,Train,122,14.0871
C2,ExtraTreesRegressor,Train,335,0.1123
C2,ExtraTreesRegressor,Train,417,2.7813
C2,ExtraTreesRegressor,Train,578,199.8271
C2,ExtraTreesRegressor,Train,587,207.3981
C2,ExtraTreesRegressor,Train,414,2.5938
C2,ExtraTreesRegressor,Train,251,34
C2,ExtraTreesRegressor,Train,662,9.42
C2,ExtraTreesRegressor,Train,235,0
C2,ExtraTreesRegressor,Train,374,151.0303
C2,ExtraTreesRegressor,Train,326,8.6
C2,ExtraTreesRegressor,Train,281,30.1344
C2,ExtraTreesRegressor,Train,620,4.0724
C2,ExtraTreesRegressor,Train,90,20.1088
C2,ExtraTreesRegressor,Train,419,0.2975
C2,ExtraTreesRegressor,Train,453,2.7841
C2,ExtraTreesRegressor,Train,592,3.7292
C2,ExtraTreesRegressor,Train,479,0.0833
C2,ExtraTreesRegressor,Train,562,19.9007
C2,ExtraTreesRegressor,Train,618,33.9367
C2,ExtraTreesRegressor,Train,133,7.7838
C2,ExtraTreesRegressor,Train,483,0.4379
C2,ExtraTreesRegressor,Train,391,261.2554
C2,ExtraTreesRegressor,Train,18,180.7351
C2,ExtraTreesRegressor,Train,396,160.5788
C2,ExtraTreesRegressor,Train,355,10.9333
C2,ExtraTreesRegressor,Train,636,202.2624
C2,ExtraTreesRegressor,Train,547,3.3719
C2,ExtraTreesRegressor,Train,204,10.8544
C2,ExtraTreesRegressor,Train,468,1.1613
C2,ExtraTreesRegressor,Train,561,19.9005
C2,ExtraTreesRegressor,Train,183,56.7066
C2,ExtraTreesRegressor,Train,159,90.713
C2,ExtraTreesRegressor,Train,117,13.7027
C2,ExtraTreesRegressor,Train,394,179.8701
C2,ExtraTreesRegressor,Train,527,-0.1319
C2,ExtraTreesRegressor,Train,371,7.3913
C2,ExtraTreesRegressor,Train,333,8.2
C2,ExtraTreesRegressor,Train,45,77.8966
C2,ExtraTreesRegressor,Train,327,8.9
C2,ExtraTreesRegressor,Train,536,1.1869
C2,ExtraTreesRegressor,Train,671,5.4793
C2,ExtraTreesRegressor,Train,623,4.9773
C2,ExtraTreesRegressor,Train,221,16.661
C2,ExtraTreesRegressor,Train,512,1.0682
C2,ExtraTreesRegressor,Train,206,31.2926
C2,ExtraTreesRegressor,Train,612,190.7779
C2,ExtraTreesRegressor,Train,466,0.2074
C2,ExtraTreesRegressor,Train,346,11.1176
C2,ExtraTreesRegressor,Train,233,0
C2,ExtraTreesRegressor,Train,532,0.9231
C2,ExtraTreesRegressor,Train,370,10.8696
C2,ExtraTreesRegressor,Train,475,2.6613
C2,ExtraTreesRegressor,Train,87,17.4132
C2,ExtraTreesRegressor,Train,534,1.088
C2,ExtraTreesRegressor,Train,302,0
C2,ExtraTreesRegressor,Train,665,9.5675
C2,ExtraTreesRegressor,Train,314,80
C2,ExtraTreesRegressor,Train,219,144.8177
C2,ExtraTreesRegressor,Train,537,1.1935
C2,ExtraTreesRegressor,Train,142,6.9943
C2,ExtraTreesRegressor,Train,388,191.9913
C2,ExtraTreesRegressor,Train,465,0.6823
C2,ExtraTreesRegressor,Train,588,208.3905
C2,ExtraTreesRegressor,Train,108,16.7484
C2,ExtraTreesRegressor,Train,40,187.7603
C2,ExtraTreesRegressor,Train,14,175.7096
C2,ExtraTreesRegressor,Train,322,9.6
C2,ExtraTreesRegressor,Train,438,0.7813
C2,ExtraTreesRegressor,Train,622,4.5249
C2,ExtraTreesRegressor,Train,440,0.8125
C2,ExtraTreesRegressor,Train,384,246.5368
C2,ExtraTreesRegressor,Train,185,19.2773
C2,ExtraTreesRegressor,Train,192,60.0842
C2,ExtraTreesRegressor,Train,105,13.9905
C2,ExtraTreesRegressor,Train,223,60.2934
C2,ExtraTreesRegressor,Train,581,202.7626
C2,ExtraTreesRegressor,Train,30,178
C2,ExtraTreesRegressor,Train,262,43
C2,ExtraTreesRegressor,Train,116,12.2315
C2,ExtraTreesRegressor,Train,550,18.5644
C2,ExtraTreesRegressor,Train,401,222.5413
C2,ExtraTreesRegressor,Train,34,143.7129
C2,ExtraTreesRegressor,Train,269,14.1204
C2,ExtraTreesRegressor,Train,257,62
C2,ExtraTreesRegressor,Train,408,0.525
C2,ExtraTreesRegressor,Train,43,35.8031
C2,ExtraTreesRegressor,Train,517,0.4426
C2,ExtraTreesRegressor,Train,247,11
C2,ExtraTreesRegressor,Train,529,0.3956
C2,ExtraTreesRegressor,Train,97,12.9034
C2,ExtraTreesRegressor,Train,655,5.0188
C2,ExtraTreesRegressor,Train,584,203.5592
C2,ExtraTreesRegressor,Train,462,0.6512
C2,ExtraTreesRegressor,Train,637,206.7873
C2,ExtraTreesRegressor,Train,557,24.7571
C2,ExtraTreesRegressor,Train,443,1.008
C2,ExtraTreesRegressor,Train,640,5.4298
C2,ExtraTreesRegressor,Train,301,99
C2,ExtraTreesRegressor,Train,398,189.0305
C2,ExtraTreesRegressor,Train,377,31.8134
C2,ExtraTreesRegressor,Train,297,205
C2,ExtraTreesRegressor,Train,230,0
C2,ExtraTreesRegressor,Train,201,88.117
C2,ExtraTreesRegressor,Train,454,-0.0311
C2,ExtraTreesRegressor,Train,589,209.3641
C2,ExtraTreesRegressor,Train,378,235.2814
C2,ExtraTreesRegressor,Train,186,46.1627
C2,ExtraTreesRegressor,Train,456,0.0318
C2,ExtraTreesRegressor,Train,254,22
C2,ExtraTreesRegressor,Train,498,0.7805
C2,ExtraTreesRegressor,Train,614,28.5068
C2,ExtraTreesRegressor,Train,564,19.9019
C2,ExtraTreesRegressor,Train,386,265.5844
C2,ExtraTreesRegressor,Train,459,0.3721
C2,ExtraTreesRegressor,Train,295,225
C2,ExtraTreesRegressor,Train,450,2.74
C2,ExtraTreesRegressor,Train,339,0.1497
C2,ExtraTreesRegressor,Train,23,185.6084
C2,ExtraTreesRegressor,Train,345,10.3316
C2,ExtraTreesRegressor,Train,342,3.5187
C2,ExtraTreesRegressor,Train,102,14.3145
C2,ExtraTreesRegressor,Train,658,13.7265
C2,ExtraTreesRegressor,Train,266,9.2885
C2,ExtraTreesRegressor,Train,202,105.5386
C2,ExtraTreesRegressor,Train,33,75
C2,ExtraTreesRegressor,Train,672,7.9032
C2,ExtraTreesRegressor,Train,577,199.826
C2,ExtraTreesRegressor,Train,112,2
C2,ExtraTreesRegressor,Train,94,12.6758
C2,ExtraTreesRegressor,Train,47,100.5808
C2,ExtraTreesRegressor,Train,26,184.3807
C2,ExtraTreesRegressor,Train,552,21.0401
C2,ExtraTreesRegressor,Train,317,9.7
C2,ExtraTreesRegressor,Train,128,10.5788
C2,ExtraTreesRegressor,Train,198,31.2926
C2,ExtraTreesRegressor,Train,354,10.8798
C2,ExtraTreesRegressor,Train,37,175.4161
C2,ExtraTreesRegressor,Train,193,82.2821
C2,ExtraTreesRegressor,Train,88,17.5699
C2,ExtraTreesRegressor,Train,275,15.5572
C2,ExtraTreesRegressor,Train,111,5
C2,ExtraTreesRegressor,Train,268,12.5684
C2,ExtraTreesRegressor,Train,267,11.5498
C2,ExtraTreesRegressor,Train,20,37.4042
C2,ExtraTreesRegressor,Train,312,148
C2,ExtraTreesRegressor,Train,3,45.9523
C2,ExtraTreesRegressor,Train,402,229.0834
C2,ExtraTreesRegressor,Train,344,8.8717
C2,ExtraTreesRegressor,Train,644,6.7873
C2,ExtraTreesRegressor,Train,120,12.3402
C2,ExtraTreesRegressor,Train,359,11.4585
C2,ExtraTreesRegressor,Train,364,4.7511
C2,ExtraTreesRegressor,Train,83,4.2137
C2,ExtraTreesRegressor,Train,519,0.7869
C2,ExtraTreesRegressor,Train,231,0
C2,ExtraTreesRegressor,Train,141,6.4234
C2,ExtraTreesRegressor,Train,410,1.375
C2,ExtraTreesRegressor,Train,279,28.4955
C2,ExtraTreesRegressor,Train,228,0
C2,ExtraTreesRegressor,Train,224,79.7532
C2,ExtraTreesRegressor,Train,95,19.3671
C2,ExtraTreesRegressor,Train,248,35
C2,ExtraTreesRegressor,Train,31,145
C2,ExtraTreesRegressor,Train,81,56.3548
C2,ExtraTreesRegressor,Train,568,114.8951
C2,ExtraTreesRegressor,Train,553,23.5149
C2,ExtraTreesRegressor,Train,449,2.736
C2,ExtraTreesRegressor,Train,387,240.4761
C2,ExtraTreesRegressor,Train,174,9.5591
C2,ExtraTreesRegressor,Train,630,175.1131
C2,ExtraTreesRegressor,Train,240,18
C2,ExtraTreesRegressor,Train,358,13.9039
C2,ExtraTreesRegressor,Train,19,182.1148
C2,ExtraTreesRegressor,Train,645,8.5973
C2,ExtraTreesRegressor,Train,189,16.661
C2,ExtraTreesRegressor,Train,643,8.5973
C2,ExtraTreesRegressor,Train,63,73.8302
C2,ExtraTreesRegressor,Train,205,16.661
C2,ExtraTreesRegressor,Train,325,8.8
C2,ExtraTreesRegressor,Train,329,9.2
C2,ExtraTreesRegressor,Train,368,15.2174
C2,ExtraTreesRegressor,Train,321,9.6
C2,ExtraTreesRegressor,Train,565,19.9022
C2,ExtraTreesRegressor,Train,77,62.9884
C2,ExtraTreesRegressor,Train,674,4.8387
C2,ExtraTreesRegressor,Train,190,31.2926
C2,ExtraTreesRegressor,Train,546,3.124
C2,ExtraTreesRegressor,Train,580,201.6556
C2,ExtraTreesRegressor,Train,328,9
C2,ExtraTreesRegressor,Train,343,6.4011
C2,ExtraTreesRegressor,Train,324,8
C2,ExtraTreesRegressor,Train,35,163.7025
C2,ExtraTreesRegressor,Train,657,12.7399
C2,ExtraTreesRegressor,Train,400,213.0824
C2,ExtraTreesRegressor,Train,298,198
C2,ExtraTreesRegressor,Train,509,0.8453
C2,ExtraTreesRegressor,Train,426,4.4132
C2,ExtraTreesRegressor,Train,119,13.7934
C2,ExtraTreesRegressor,Train,642,7.6923
C2,ExtraTreesRegressor,Train,74,53.0534
C2,ExtraTreesRegressor,Train,602,10.7843
C2,ExtraTreesRegressor,Train,574,177.8478
C2,ExtraTreesRegressor,Train,106,15.3742
C2,ExtraTreesRegressor,Test,458,0.186
C2,ExtraTreesRegressor,Test,641,7.2398
C2,ExtraTreesRegressor,Test,318,9.6
C2,ExtraTreesRegressor,Test,436,0.5022
C2,ExtraTreesRegressor,Test,283,16.2
C2,ExtraTreesRegressor,Test,24,190.4266
C2,ExtraTreesRegressor,Test,473,2.613
C2,ExtraTreesRegressor,Test,29,189
C2,ExtraTreesRegressor,Test,282,16.3
C2,ExtraTreesRegressor,Test,362,6.4279
C2,ExtraTreesRegressor,Test,104,11.6415
C2,ExtraTreesRegressor,Test,617,33.0317
C2,ExtraTreesRegressor,Test,229,0
C2,ExtraTreesRegressor,Test,404,250.7447
C2,ExtraTreesRegressor,Test,209,111.1716
C2,ExtraTreesRegressor,Test,613,190.898
C2,ExtraTreesRegressor,Test,621,4.5249
C2,ExtraTreesRegressor,Test,604,10.9963
C2,ExtraTreesRegressor,Test,659,15.0992
C2,ExtraTreesRegressor,Test,600,9.8831
C2,ExtraTreesRegressor,Test,670,5.4838
C2,ExtraTreesRegressor,Test,526,-0.2037
C2,ExtraTreesRegressor,Test,115,13.052
C2,ExtraTreesRegressor,Test,635,192.7602
C2,ExtraTreesRegressor,Test,434,0.2912
C2,ExtraTreesRegressor,Test,59,68.9452
C2,ExtraTreesRegressor,Test,503,0.2767
C2,ExtraTreesRegressor,Test,631,185.9728
C2,ExtraTreesRegressor,Test,270,15.1055
C2,ExtraTreesRegressor,Test,259,58
C2,ExtraTreesRegressor,Test,625,120.8145
C2,ExtraTreesRegressor,Test,367,16.087
C2,ExtraTreesRegressor,Test,336,0.1123
C2,ExtraTreesRegressor,Test,226,145.1216
C2,ExtraTreesRegressor,Test,477,2.7581
C2,ExtraTreesRegressor,Test,181,18.4769
C2,ExtraTreesRegressor,Test,427,4.5124
C2,ExtraTreesRegressor,Test,294,249
C2,ExtraTreesRegressor,Test,8,206.3056
C2,ExtraTreesRegressor,Test,238,0
C2,ExtraTreesRegressor,Test,533,1.0549
C2,ExtraTreesRegressor,Test,586,206.4247
C2,ExtraTreesRegressor,Test,160,89.7899
C2,ExtraTreesRegressor,Test,505,0.4294
C2,ExtraTreesRegressor,Test,272,16.0074
C2,ExtraTreesRegressor,Test,12,106.0565
C2,ExtraTreesRegressor,Test,598,9.1233
C2,ExtraTreesRegressor,Test,138,4.1633
C2,ExtraTreesRegressor,Test,652,175.5656
C2,ExtraTreesRegressor,Test,485,0.5314
C2,ExtraTreesRegressor,Test,646,9.9547
C2,ExtraTreesRegressor,Test,583,202.3422
C2,ExtraTreesRegressor,Test,200,64.3502
C2,ExtraTreesRegressor,Test,237,0
C2,ExtraTreesRegressor,Test,591,4.8793
C2,ExtraTreesRegressor,Test,265,12
C2,ExtraTreesRegressor,Test,76,59.3029
C2,ExtraTreesRegressor,Test,57,69.7061
C2,ExtraTreesRegressor,Test,307,180
C2,ExtraTreesRegressor,Test,46,99.3482
C2,ExtraTreesRegressor,Test,447,2.16
C2,ExtraTreesRegressor,Test,481,0.2188
C2,ExtraTreesRegressor,Test,597,5.0142
C2,ExtraTreesRegressor,Test,520,0.7869
C2,ExtraTreesRegressor,Test,148,7.5219
C2,ExtraTreesRegressor,Test,412,2.25
C2,ExtraTreesRegressor,Test,246,14
C2,ExtraTreesRegressor,Test,255,18
C2,ExtraTreesRegressor,Test,575,192.2679
C2,ExtraTreesRegressor,Test,114,11.8012
C2,ExtraTreesRegressor,Test,441,0.9063
C2,ExtraTreesRegressor,Test,405,259.154
C2,ExtraTreesRegressor,Test,278,27.2644
C2,ExtraTreesRegressor,Test,430,0.125
C2,ExtraTreesRegressor,Test,490,-0.453
C2,ExtraTreesRegressor,Test,608,189.3702
C2,ExtraTreesRegressor,Test,199,52.5128
C2,ExtraTreesRegressor,Test,353,10.6981
C2,ExtraTreesRegressor,Test,673,5.4839
C2,ExtraTreesRegressor,Test,135,3.1846
C2,ExtraTreesRegressor,Test,130,13.7867
C2,ExtraTreesRegressor,Test,147,7.4193
C2,ExtraTreesRegressor,Test,340,0.8984
C2,ExtraTreesRegressor,Test,493,0.0876
C2,ExtraTreesRegressor,Test,521,0.9836
C2,ExtraTreesRegressor,Test,435,0.4375
C2,ExtraTreesRegressor,Test,38,183.7787
C2,ExtraTreesRegressor,Test,571,121.2021
C2,ExtraTreesRegressor,Test,256,15
C2,ExtraTreesRegressor,Test,496,0.5853
C2,ExtraTreesRegressor,Test,601,10.6555
C2,ExtraTreesRegressor,Test,173,9.3506
C2,ExtraTreesRegressor,Test,212,10.8544
C2,ExtraTreesRegressor,Test,311,150
C2,ExtraTreesRegressor,Test,249,35
C2,ExtraTreesRegressor,Test,131,10.1205
C2,ExtraTreesRegressor,Test,647,11.3122
C2,ExtraTreesRegressor,Test,579,200.6631
C2,ExtraTreesRegressor,Test,239,18
C2,ExtraTreesRegressor,Test,171,6.9537
C2,ExtraTreesRegressor,Test,244,16.5
C2,ExtraTreesRegressor,Test,334,4.9
C2,ExtraTreesRegressor,Test,89,19.6706
C2,ExtraTreesRegressor,Test,137,1.8648
C2,ExtraTreesRegressor,Test,107,12.3805
C2,ExtraTreesRegressor,Test,376,122.7272
C2,ExtraTreesRegressor,Test,91,5.3316
C2,ExtraTreesRegressor,Test,25,187.3878
C2,ExtraTreesRegressor,Test,319,9.6
C2,ExtraTreesRegressor,Test,72,10
C2,ExtraTreesRegressor,Test,164,2.3002
C2,ExtraTreesRegressor,Test,49,102.0029
C2,ExtraTreesRegressor,Test,395,51.7316
C2,ExtraTreesRegressor,Test,650,159.7285
C2,ExtraTreesRegressor,Test,149,7.6785
C2,ExtraTreesRegressor,Test,242,18
C2,ExtraTreesRegressor,Test,429,4.6612
C2,ExtraTreesRegressor,Test,166,2.9654
C2,ExtraTreesRegressor,Test,515,0.1475
C2,ExtraTreesRegressor,Test,271,15.6958
C2,ExtraTreesRegressor,Test,292,249
C2,ExtraTreesRegressor,Test,491,-0.2089
C2,ExtraTreesRegressor,Test,100,6.0072
C2,ExtraTreesRegressor,Test,39,184.0091
C2,ExtraTreesRegressor,Test,145,7.5232
C2,ExtraTreesRegressor,Test,549,3.4711
C2,ExtraTreesRegressor,Test,227,154.6933
C2,ExtraTreesRegressor,Test,615,30.3167
C2,ExtraTreesRegressor,Test,502,0.0911
C2,ExtraTreesRegressor,Test,420,1.1893
C2,ExtraTreesRegressor,Test,476,2.6625
C2,ExtraTreesRegressor,Test,372,140.919
C2,ExtraTreesRegressor,Test,151,8.0482
C2,ExtraTreesRegressor,Test,68,59.7839
C2,ExtraTreesRegressor,Test,556,24.7564
C2,PyTorch_TabularMLP,Train,424,4.0661
C2,PyTorch_TabularMLP,Train,146,7.4684
C2,PyTorch_TabularMLP,Train,93,15.107
C2,PyTorch_TabularMLP,Train,323,9.5
C2,PyTorch_TabularMLP,Train,539,0.0157
C2,PyTorch_TabularMLP,Train,99,10.9416
C2,PyTorch_TabularMLP,Train,92,5.6837
C2,PyTorch_TabularMLP,Train,28,192.4421
C2,PyTorch_TabularMLP,Train,258,62
C2,PyTorch_TabularMLP,Train,632,190.4977
C2,PyTorch_TabularMLP,Train,366,11.7391
C2,PyTorch_TabularMLP,Train,150,7.8279
C2,PyTorch_TabularMLP,Train,572,121.0705
C2,PyTorch_TabularMLP,Train,638,208.5973
C2,PyTorch_TabularMLP,Train,421,1.8843
C2,PyTorch_TabularMLP,Train,27,188.2349
C2,PyTorch_TabularMLP,Train,50,99.7175
C2,PyTorch_TabularMLP,Train,286,16
C2,PyTorch_TabularMLP,Train,213,16.661
C2,PyTorch_TabularMLP,Train,445,1.4355
C2,PyTorch_TabularMLP,Train,252,31
C2,PyTorch_TabularMLP,Train,85,7.7779
C2,PyTorch_TabularMLP,Train,461,0.5271
C2,PyTorch_TabularMLP,Train,455,0.0117
C2,PyTorch_TabularMLP,Train,375,137.4459
C2,PyTorch_TabularMLP,Train,210,132.1477
C2,PyTorch_TabularMLP,Train,290,11.9
C2,PyTorch_TabularMLP,Train,15,186.1441
C2,PyTorch_TabularMLP,Train,535,1.1538
C2,PyTorch_TabularMLP,Train,596,4.6697
C2,PyTorch_TabularMLP,Train,514,0.0991
C2,PyTorch_TabularMLP,Train,651,168.7782
C2,PyTorch_TabularMLP,Train,62,67.104
C2,PyTorch_TabularMLP,Train,58,70.945
C2,PyTorch_TabularMLP,Train,78,62.2973
C2,PyTorch_TabularMLP,Train,274,16.7407
C2,PyTorch_TabularMLP,Train,418,0.0232
C2,PyTorch_TabularMLP,Train,522,1.1411
C2,PyTorch_TabularMLP,Train,516,0.3443
C2,PyTorch_TabularMLP,Train,633,193.6651
C2,PyTorch_TabularMLP,Train,656,9.8231
C2,PyTorch_TabularMLP,Train,431,0.1437
C2,PyTorch_TabularMLP,Train,51,36.1086
C2,PyTorch_TabularMLP,Train,497,0.7317
C2,PyTorch_TabularMLP,Train,425,4.3637
C2,PyTorch_TabularMLP,Train,331,8.9
C2,PyTorch_TabularMLP,Train,413,2.5006
C2,PyTorch_TabularMLP,Train,109,15
C2,PyTorch_TabularMLP,Train,42,187.2488
C2,PyTorch_TabularMLP,Train,75,54.9536
C2,PyTorch_TabularMLP,Train,432,0.1875
C2,PyTorch_TabularMLP,Train,626,123.9819
C2,PyTorch_TabularMLP,Train,480,0.1562
C2,PyTorch_TabularMLP,Train,222,31.2926
C2,PyTorch_TabularMLP,Train,442,0.0274
C2,PyTorch_TabularMLP,Train,460,0.4651
C2,PyTorch_TabularMLP,Train,21,106.0925
C2,PyTorch_TabularMLP,Train,55,75.5317
C2,PyTorch_TabularMLP,Train,291,250
C2,PyTorch_TabularMLP,Train,217,110.3519
C2,PyTorch_TabularMLP,Train,392,258.758
C2,PyTorch_TabularMLP,Train,544,2.5785
C2,PyTorch_TabularMLP,Train,203,128.8589
C2,PyTorch_TabularMLP,Train,305,199
C2,PyTorch_TabularMLP,Train,664,8.0733
C2,PyTorch_TabularMLP,Train,558,14.9253
C2,PyTorch_TabularMLP,Train,113,1
C2,PyTorch_TabularMLP,Train,188,10.8544
C2,PyTorch_TabularMLP,Train,220,10.8544
C2,PyTorch_TabularMLP,Train,80,64.4519
C2,PyTorch_TabularMLP,Train,383,50.8758
C2,PyTorch_TabularMLP,Train,41,187.5173
C2,PyTorch_TabularMLP,Train,654,2.3164
C2,PyTorch_TabularMLP,Train,548,3.3721
C2,PyTorch_TabularMLP,Train,484,0.4688
C2,PyTorch_TabularMLP,Train,17,182.9271
C2,PyTorch_TabularMLP,Train,123,1.9281
C2,PyTorch_TabularMLP,Train,132,10.8016
C2,PyTorch_TabularMLP,Train,341,1.9465
C2,PyTorch_TabularMLP,Train,511,1.0309
C2,PyTorch_TabularMLP,Train,482,0.2813
C2,PyTorch_TabularMLP,Train,48,107.2474
C2,PyTorch_TabularMLP,Train,349,8.6133
C2,PyTorch_TabularMLP,Train,494,0.1951
C2,PyTorch_TabularMLP,Train,304,199
C2,PyTorch_TabularMLP,Train,525,1.3279
C2,PyTorch_TabularMLP,Train,308,175
C2,PyTorch_TabularMLP,Train,4,100.6216
C2,PyTorch_TabularMLP,Train,437,0.625
C2,PyTorch_TabularMLP,Train,531,0.7582
C2,PyTorch_TabularMLP,Train,165,2.4016
C2,PyTorch_TabularMLP,Train,474,2.6613
C2,PyTorch_TabularMLP,Train,409,0.9991
C2,PyTorch_TabularMLP,Train,627,126.6968
C2,PyTorch_TabularMLP,Train,567,110.5493
C2,PyTorch_TabularMLP,Train,280,29.322
C2,PyTorch_TabularMLP,Train,82,59.9138
C2,PyTorch_TabularMLP,Train,605,11.3206
C2,PyTorch_TabularMLP,Train,350,9.2547
C2,PyTorch_TabularMLP,Train,470,1.9355
C2,PyTorch_TabularMLP,Train,446,1.68
C2,PyTorch_TabularMLP,Train,541,0.3471
C2,PyTorch_TabularMLP,Train,96,18.5037
C2,PyTorch_TabularMLP,Train,444,1.392
C2,PyTorch_TabularMLP,Train,154,21.2041
C2,PyTorch_TabularMLP,Train,582,194.643
C2,PyTorch_TabularMLP,Train,140,5.2675
C2,PyTorch_TabularMLP,Train,125,8.0539
C2,PyTorch_TabularMLP,Train,60,32.1593
C2,PyTorch_TabularMLP,Train,52,44.2483
C2,PyTorch_TabularMLP,Train,560,18.6576
C2,PyTorch_TabularMLP,Train,225,116.4338
C2,PyTorch_TabularMLP,Train,287,15
C2,PyTorch_TabularMLP,Train,403,239.2408
C2,PyTorch_TabularMLP,Train,158,85.5833
C2,PyTorch_TabularMLP,Train,389,58.658
C2,PyTorch_TabularMLP,Train,250,35
C2,PyTorch_TabularMLP,Train,361,7.7554
C2,PyTorch_TabularMLP,Train,234,0
C2,PyTorch_TabularMLP,Train,457,0.124
C2,PyTorch_TabularMLP,Train,66,60.1467
C2,PyTorch_TabularMLP,Train,523,1.2087
C2,PyTorch_TabularMLP,Train,639,3.6199
C2,PyTorch_TabularMLP,Train,390,239.6104
C2,PyTorch_TabularMLP,Train,369,11.7391
C2,PyTorch_TabularMLP,Train,360,9.5371
C2,PyTorch_TabularMLP,Train,215,63.7857
C2,PyTorch_TabularMLP,Train,98,11.6115
C2,PyTorch_TabularMLP,Train,207,58.5204
C2,PyTorch_TabularMLP,Train,464,0.6822
C2,PyTorch_TabularMLP,Train,208,64.3514
C2,PyTorch_TabularMLP,Train,538,0.0122
C2,PyTorch_TabularMLP,Train,276,21.2415
C2,PyTorch_TabularMLP,Train,264,28
C2,PyTorch_TabularMLP,Train,214,31.2926
C2,PyTorch_TabularMLP,Train,169,5.6234
C2,PyTorch_TabularMLP,Train,668,11.9228
C2,PyTorch_TabularMLP,Train,284,16.1
C2,PyTorch_TabularMLP,Train,168,3.4065
C2,PyTorch_TabularMLP,Train,293,249
C2,PyTorch_TabularMLP,Train,448,2.4127
C2,PyTorch_TabularMLP,Train,599,9.4379
C2,PyTorch_TabularMLP,Train,232,0
C2,PyTorch_TabularMLP,Train,559,18.6567
C2,PyTorch_TabularMLP,Train,593,4.2261
C2,PyTorch_TabularMLP,Train,373,153.8961
C2,PyTorch_TabularMLP,Train,411,1.8375
C2,PyTorch_TabularMLP,Train,667,11.2467
C2,PyTorch_TabularMLP,Train,64,62.9539
C2,PyTorch_TabularMLP,Train,126,8.924
C2,PyTorch_TabularMLP,Train,170,6.1214
C2,PyTorch_TabularMLP,Train,156,57.1515
C2,PyTorch_TabularMLP,Train,32,130
C2,PyTorch_TabularMLP,Train,554,23.5187
C2,PyTorch_TabularMLP,Train,310,160
C2,PyTorch_TabularMLP,Train,555,24.7525
C2,PyTorch_TabularMLP,Train,566,97.2533
C2,PyTorch_TabularMLP,Train,9,198.1857
C2,PyTorch_TabularMLP,Train,648,11.7647
C2,PyTorch_TabularMLP,Train,610,190.2757
C2,PyTorch_TabularMLP,Train,139,4.6607
C2,PyTorch_TabularMLP,Train,306,199
C2,PyTorch_TabularMLP,Train,428,4.562
C2,PyTorch_TabularMLP,Train,551,21.0396
C2,PyTorch_TabularMLP,Train,53,66.997
C2,PyTorch_TabularMLP,Train,393,231.8182
C2,PyTorch_TabularMLP,Train,338,0.1872
C2,PyTorch_TabularMLP,Train,595,4.6602
C2,PyTorch_TabularMLP,Train,381,203.2466
C2,PyTorch_TabularMLP,Train,607,188.4733
C2,PyTorch_TabularMLP,Train,71,12
C2,PyTorch_TabularMLP,Train,320,9.6
C2,PyTorch_TabularMLP,Train,313,110
C2,PyTorch_TabularMLP,Train,451,2.784
C2,PyTorch_TabularMLP,Train,530,0.5275
C2,PyTorch_TabularMLP,Train,162,1.7279
C2,PyTorch_TabularMLP,Train,144,7.4757
C2,PyTorch_TabularMLP,Train,65,64.5069
C2,PyTorch_TabularMLP,Train,513,1.0911
C2,PyTorch_TabularMLP,Train,590,3.9695
C2,PyTorch_TabularMLP,Train,167,3.4122
C2,PyTorch_TabularMLP,Train,153,8.2082
C2,PyTorch_TabularMLP,Train,67,58.7044
C2,PyTorch_TabularMLP,Train,10,189.6709
C2,PyTorch_TabularMLP,Train,576,194.3514
C2,PyTorch_TabularMLP,Train,422,2.4793
C2,PyTorch_TabularMLP,Train,309,170
C2,PyTorch_TabularMLP,Train,348,8.0216
C2,PyTorch_TabularMLP,Train,563,19.9014
C2,PyTorch_TabularMLP,Train,653,178.2805
C2,PyTorch_TabularMLP,Train,585,204.3982
C2,PyTorch_TabularMLP,Train,471,2.3226
C2,PyTorch_TabularMLP,Train,180,52.7921
C2,PyTorch_TabularMLP,Train,611,190.3014
C2,PyTorch_TabularMLP,Train,103,15.0427
C2,PyTorch_TabularMLP,Train,472,2.5161
C2,PyTorch_TabularMLP,Train,467,0.4355
C2,PyTorch_TabularMLP,Train,54,69.8308
C2,PyTorch_TabularMLP,Train,506,0.4892
C2,PyTorch_TabularMLP,Train,175,9.6674
C2,PyTorch_TabularMLP,Train,469,1.6452
C2,PyTorch_TabularMLP,Train,594,4.5061
C2,PyTorch_TabularMLP,Train,606,182.4439
C2,PyTorch_TabularMLP,Train,136,2.4124
C2,PyTorch_TabularMLP,Train,500,0.8782
C2,PyTorch_TabularMLP,Train,528,-0.0329
C2,PyTorch_TabularMLP,Train,356,10.9285
C2,PyTorch_TabularMLP,Train,101,8.3687
C2,PyTorch_TabularMLP,Train,176,3.9349
C2,PyTorch_TabularMLP,Train,407,0.1875
C2,PyTorch_TabularMLP,Train,508,0.7214
C2,PyTorch_TabularMLP,Train,277,25.3552
C2,PyTorch_TabularMLP,Train,439,0.8125
C2,PyTorch_TabularMLP,Train,316,9.8
C2,PyTorch_TabularMLP,Train,486,0.5937
C2,PyTorch_TabularMLP,Train,110,10
C2,PyTorch_TabularMLP,Train,44,55.2411
C2,PyTorch_TabularMLP,Train,452,2.832
C2,PyTorch_TabularMLP,Train,241,18
C2,PyTorch_TabularMLP,Train,195,98.0734
C2,PyTorch_TabularMLP,Train,182,40.2656
C2,PyTorch_TabularMLP,Train,351,9.76
C2,PyTorch_TabularMLP,Train,385,266.4502
C2,PyTorch_TabularMLP,Train,296,210
C2,PyTorch_TabularMLP,Train,478,0.0625
C2,PyTorch_TabularMLP,Train,399,206.4592
C2,PyTorch_TabularMLP,Train,155,42.7149
C2,PyTorch_TabularMLP,Train,299,160
C2,PyTorch_TabularMLP,Train,56,71.4614
C2,PyTorch_TabularMLP,Train,11,55.825
C2,PyTorch_TabularMLP,Train,178,32.7076
C2,PyTorch_TabularMLP,Train,603,10.7927
C2,PyTorch_TabularMLP,Train,663,3.9662
C2,PyTorch_TabularMLP,Train,5,178.1616
C2,PyTorch_TabularMLP,Train,263,36
C2,PyTorch_TabularMLP,Train,300,115
C2,PyTorch_TabularMLP,Train,669,4.6774
C2,PyTorch_TabularMLP,Train,315,0
C2,PyTorch_TabularMLP,Train,518,0.541
C2,PyTorch_TabularMLP,Train,216,75.6454
C2,PyTorch_TabularMLP,Train,22,169.1834
C2,PyTorch_TabularMLP,Train,397,178.0901
C2,PyTorch_TabularMLP,Train,609,190.1513
C2,PyTorch_TabularMLP,Train,121,14.8143
C2,PyTorch_TabularMLP,Train,628,128.5068
C2,PyTorch_TabularMLP,Train,177,15.8993
C2,PyTorch_TabularMLP,Train,61,45.1337
C2,PyTorch_TabularMLP,Train,501,0.8787
C2,PyTorch_TabularMLP,Train,243,17
C2,PyTorch_TabularMLP,Train,260,55
C2,PyTorch_TabularMLP,Train,504,0.3351
C2,PyTorch_TabularMLP,Train,649,145.2489
C2,PyTorch_TabularMLP,Train,127,9.7231
C2,PyTorch_TabularMLP,Train,510,0.9325
C2,PyTorch_TabularMLP,Train,69,90
C2,PyTorch_TabularMLP,Train,303,200
C2,PyTorch_TabularMLP,Train,285,16.1
C2,PyTorch_TabularMLP,Train,194,88.3651
C2,PyTorch_TabularMLP,Train,415,2.6875
C2,PyTorch_TabularMLP,Train,253,26
C2,PyTorch_TabularMLP,Train,507,0.6363
C2,PyTorch_TabularMLP,Train,197,16.661
C2,PyTorch_TabularMLP,Train,84,12.411
C2,PyTorch_TabularMLP,Train,495,0.439
C2,PyTorch_TabularMLP,Train,540,0.2479
C2,PyTorch_TabularMLP,Train,337,0.1123
C2,PyTorch_TabularMLP,Train,406,0.0568
C2,PyTorch_TabularMLP,Train,161,95.3006
C2,PyTorch_TabularMLP,Train,6,196.9007
C2,PyTorch_TabularMLP,Train,624,113.5747
C2,PyTorch_TabularMLP,Train,382,176.4069
C2,PyTorch_TabularMLP,Train,569,117.0022
C2,PyTorch_TabularMLP,Train,172,8.9135
C2,PyTorch_TabularMLP,Train,660,19.09
C2,PyTorch_TabularMLP,Train,666,11.2
C2,PyTorch_TabularMLP,Train,488,0.6875
C2,PyTorch_TabularMLP,Train,191,50.0692
C2,PyTorch_TabularMLP,Train,379,256.0606
C2,PyTorch_TabularMLP,Train,545,2.9256
C2,PyTorch_TabularMLP,Train,218,140.1645
C2,PyTorch_TabularMLP,Train,416,2.75
C2,PyTorch_TabularMLP,Train,288,14.5
C2,PyTorch_TabularMLP,Train,187,67.1065
C2,PyTorch_TabularMLP,Train,163,2.005
C2,PyTorch_TabularMLP,Train,543,2.033
C2,PyTorch_TabularMLP,Train,124,4.7621
C2,PyTorch_TabularMLP,Train,463,0.6518
C2,PyTorch_TabularMLP,Train,157,70.5282
C2,PyTorch_TabularMLP,Train,236,0
C2,PyTorch_TabularMLP,Train,129,11.7748
C2,PyTorch_TabularMLP,Train,134,4.7968
C2,PyTorch_TabularMLP,Train,570,120.2191
C2,PyTorch_TabularMLP,Train,616,32.1267
C2,PyTorch_TabularMLP,Train,634,177.3756
C2,PyTorch_TabularMLP,Train,13,164.5415
C2,PyTorch_TabularMLP,Train,245,15.5
C2,PyTorch_TabularMLP,Train,347,12.5401
C2,PyTorch_TabularMLP,Train,7,203.5289
C2,PyTorch_TabularMLP,Train,332,8.8
C2,PyTorch_TabularMLP,Train,196,10.8544
C2,PyTorch_TabularMLP,Train,330,9
C2,PyTorch_TabularMLP,Train,365,3.4934
C2,PyTorch_TabularMLP,Train,433,0.25
C2,PyTorch_TabularMLP,Train,489,0.7188
C2,PyTorch_TabularMLP,Train,363,5.2402
C2,PyTorch_TabularMLP,Train,70,30
C2,PyTorch_TabularMLP,Train,499,0.878
C2,PyTorch_TabularMLP,Train,36,171.4973
C2,PyTorch_TabularMLP,Train,211,143.58
C2,PyTorch_TabularMLP,Train,118,11.7251
C2,PyTorch_TabularMLP,Train,619,2.2624
C2,PyTorch_TabularMLP,Train,179,47.5037
C2,PyTorch_TabularMLP,Train,573,120.9294
C2,PyTorch_TabularMLP,Train,86,12.286
C2,PyTorch_TabularMLP,Train,661,12.93
C2,PyTorch_TabularMLP,Train,79,62.9884
C2,PyTorch_TabularMLP,Train,143,7.4165
C2,PyTorch_TabularMLP,Train,524,1.2789
C2,PyTorch_TabularMLP,Train,380,249.1342
C2,PyTorch_TabularMLP,Train,423,3.4215
C2,PyTorch_TabularMLP,Train,357,13.1703
C2,PyTorch_TabularMLP,Train,184,3.8774
C2,PyTorch_TabularMLP,Train,352,10.1342
C2,PyTorch_TabularMLP,Train,492,-0.0488
C2,PyTorch_TabularMLP,Train,152,8.0988
C2,PyTorch_TabularMLP,Train,73,2
C2,PyTorch_TabularMLP,Train,289,14.2
C2,PyTorch_TabularMLP,Train,16,187.171
C2,PyTorch_TabularMLP,Train,273,16.5508
C2,PyTorch_TabularMLP,Train,542,1.0405
C2,PyTorch_TabularMLP,Train,487,0.6573
C2,PyTorch_TabularMLP,Train,629,162.4434
C2,PyTorch_TabularMLP,Train,261,48
C2,PyTorch_TabularMLP,Train,122,14.0871
C2,PyTorch_TabularMLP,Train,335,0.1123
C2,PyTorch_TabularMLP,Train,417,2.7813
C2,PyTorch_TabularMLP,Train,578,199.8271
C2,PyTorch_TabularMLP,Train,587,207.3981
C2,PyTorch_TabularMLP,Train,414,2.5938
C2,PyTorch_TabularMLP,Train,251,34
C2,PyTorch_TabularMLP,Train,662,9.42
C2,PyTorch_TabularMLP,Train,235,0
C2,PyTorch_TabularMLP,Train,374,151.0303
C2,PyTorch_TabularMLP,Train,326,8.6
C2,PyTorch_TabularMLP,Train,281,30.1344
C2,PyTorch_TabularMLP,Train,620,4.0724
C2,PyTorch_TabularMLP,Train,90,20.1088
C2,PyTorch_TabularMLP,Train,419,0.2975
C2,PyTorch_TabularMLP,Train,453,2.7841
C2,PyTorch_TabularMLP,Train,592,3.7292
C2,PyTorch_TabularMLP,Train,479,0.0833
C2,PyTorch_TabularMLP,Train,562,19.9007
C2,PyTorch_TabularMLP,Train,618,33.9367
C2,PyTorch_TabularMLP,Train,133,7.7838
C2,PyTorch_TabularMLP,Train,483,0.4379
C2,PyTorch_TabularMLP,Train,391,261.2554
C2,PyTorch_TabularMLP,Train,18,180.7351
C2,PyTorch_TabularMLP,Train,396,160.5788
C2,PyTorch_TabularMLP,Train,355,10.9333
C2,PyTorch_TabularMLP,Train,636,202.2624
C2,PyTorch_TabularMLP,Train,547,3.3719
C2,PyTorch_TabularMLP,Train,204,10.8544
C2,PyTorch_TabularMLP,Train,468,1.1613
C2,PyTorch_TabularMLP,Train,561,19.9005
C2,PyTorch_TabularMLP,Train,183,56.7066
C2,PyTorch_TabularMLP,Train,159,90.713
C2,PyTorch_TabularMLP,Train,117,13.7027
C2,PyTorch_TabularMLP,Train,394,179.8701
C2,PyTorch_TabularMLP,Train,527,-0.1319
C2,PyTorch_TabularMLP,Train,371,7.3913
C2,PyTorch_TabularMLP,Train,333,8.2
C2,PyTorch_TabularMLP,Train,45,77.8966
C2,PyTorch_TabularMLP,Train,327,8.9
C2,PyTorch_TabularMLP,Train,536,1.1869
C2,PyTorch_TabularMLP,Train,671,5.4793
C2,PyTorch_TabularMLP,Train,623,4.9773
C2,PyTorch_TabularMLP,Train,221,16.661
C2,PyTorch_TabularMLP,Train,512,1.0682
C2,PyTorch_TabularMLP,Train,206,31.2926
C2,PyTorch_TabularMLP,Train,612,190.7779
C2,PyTorch_TabularMLP,Train,466,0.2074
C2,PyTorch_TabularMLP,Train,346,11.1176
C2,PyTorch_TabularMLP,Train,233,0
C2,PyTorch_TabularMLP,Train,532,0.9231
C2,PyTorch_TabularMLP,Train,370,10.8696
C2,PyTorch_TabularMLP,Train,475,2.6613
C2,PyTorch_TabularMLP,Train,87,17.4132
C2,PyTorch_TabularMLP,Train,534,1.088
C2,PyTorch_TabularMLP,Train,302,0
C2,PyTorch_TabularMLP,Train,665,9.5675
C2,PyTorch_TabularMLP,Train,314,80
C2,PyTorch_TabularMLP,Train,219,144.8177
C2,PyTorch_TabularMLP,Train,537,1.1935
C2,PyTorch_TabularMLP,Train,142,6.9943
C2,PyTorch_TabularMLP,Train,388,191.9913
C2,PyTorch_TabularMLP,Train,465,0.6823
C2,PyTorch_TabularMLP,Train,588,208.3905
C2,PyTorch_TabularMLP,Train,108,16.7484
C2,PyTorch_TabularMLP,Train,40,187.7603
C2,PyTorch_TabularMLP,Train,14,175.7096
C2,PyTorch_TabularMLP,Train,322,9.6
C2,PyTorch_TabularMLP,Train,438,0.7813
C2,PyTorch_TabularMLP,Train,622,4.5249
C2,PyTorch_TabularMLP,Train,440,0.8125
C2,PyTorch_TabularMLP,Train,384,246.5368
C2,PyTorch_TabularMLP,Train,185,19.2773
C2,PyTorch_TabularMLP,Train,192,60.0842
C2,PyTorch_TabularMLP,Train,105,13.9905
C2,PyTorch_TabularMLP,Train,223,60.2934
C2,PyTorch_TabularMLP,Train,581,202.7626
C2,PyTorch_TabularMLP,Train,30,178
C2,PyTorch_TabularMLP,Train,262,43
C2,PyTorch_TabularMLP,Train,116,12.2315
C2,PyTorch_TabularMLP,Train,550,18.5644
C2,PyTorch_TabularMLP,Train,401,222.5413
C2,PyTorch_TabularMLP,Train,34,143.7129
C2,PyTorch_TabularMLP,Train,269,14.1204
C2,PyTorch_TabularMLP,Train,257,62
C2,PyTorch_TabularMLP,Train,408,0.525
C2,PyTorch_TabularMLP,Train,43,35.8031
C2,PyTorch_TabularMLP,Train,517,0.4426
C2,PyTorch_TabularMLP,Train,247,11
C2,PyTorch_TabularMLP,Train,529,0.3956
C2,PyTorch_TabularMLP,Train,97,12.9034
C2,PyTorch_TabularMLP,Train,655,5.0188
C2,PyTorch_TabularMLP,Train,584,203.5592
C2,PyTorch_TabularMLP,Train,462,0.6512
C2,PyTorch_TabularMLP,Train,637,206.7873
C2,PyTorch_TabularMLP,Train,557,24.7571
C2,PyTorch_TabularMLP,Train,443,1.008
C2,PyTorch_TabularMLP,Train,640,5.4298
C2,PyTorch_TabularMLP,Train,301,99
C2,PyTorch_TabularMLP,Train,398,189.0305
C2,PyTorch_TabularMLP,Train,377,31.8134
C2,PyTorch_TabularMLP,Train,297,205
C2,PyTorch_TabularMLP,Train,230,0
C2,PyTorch_TabularMLP,Train,201,88.117
C2,PyTorch_TabularMLP,Train,454,-0.0311
C2,PyTorch_TabularMLP,Train,589,209.3641
C2,PyTorch_TabularMLP,Train,378,235.2814
C2,PyTorch_TabularMLP,Train,186,46.1627
C2,PyTorch_TabularMLP,Train,456,0.0318
C2,PyTorch_TabularMLP,Train,254,22
C2,PyTorch_TabularMLP,Train,498,0.7805
C2,PyTorch_TabularMLP,Train,614,28.5068
C2,PyTorch_TabularMLP,Train,564,19.9019
C2,PyTorch_TabularMLP,Train,386,265.5844
C2,PyTorch_TabularMLP,Train,459,0.3721
C2,PyTorch_TabularMLP,Train,295,225
C2,PyTorch_TabularMLP,Train,450,2.74
C2,PyTorch_TabularMLP,Train,339,0.1497
C2,PyTorch_TabularMLP,Train,23,185.6084
C2,PyTorch_TabularMLP,Train,345,10.3316
C2,PyTorch_TabularMLP,Train,342,3.5187
C2,PyTorch_TabularMLP,Train,102,14.3145
C2,PyTorch_TabularMLP,Train,658,13.7265
C2,PyTorch_TabularMLP,Train,266,9.2885
C2,PyTorch_TabularMLP,Train,202,105.5386
C2,PyTorch_TabularMLP,Train,33,75
C2,PyTorch_TabularMLP,Train,672,7.9032
C2,PyTorch_TabularMLP,Train,577,199.826
C2,PyTorch_TabularMLP,Train,112,2
C2,PyTorch_TabularMLP,Train,94,12.6758
C2,PyTorch_TabularMLP,Train,47,100.5808
C2,PyTorch_TabularMLP,Train,26,184.3807
C2,PyTorch_TabularMLP,Train,552,21.0401
C2,PyTorch_TabularMLP,Train,317,9.7
C2,PyTorch_TabularMLP,Train,128,10.5788
C2,PyTorch_TabularMLP,Train,198,31.2926
C2,PyTorch_TabularMLP,Train,354,10.8798
C2,PyTorch_TabularMLP,Train,37,175.4161
C2,PyTorch_TabularMLP,Train,193,82.2821
C2,PyTorch_TabularMLP,Train,88,17.5699
C2,PyTorch_TabularMLP,Train,275,15.5572
C2,PyTorch_TabularMLP,Train,111,5
C2,PyTorch_TabularMLP,Train,268,12.5684
C2,PyTorch_TabularMLP,Train,267,11.5498
C2,PyTorch_TabularMLP,Train,20,37.4042
C2,PyTorch_TabularMLP,Train,312,148
C2,PyTorch_TabularMLP,Train,3,45.9523
C2,PyTorch_TabularMLP,Train,402,229.0834
C2,PyTorch_TabularMLP,Train,344,8.8717
C2,PyTorch_TabularMLP,Train,644,6.7873
C2,PyTorch_TabularMLP,Train,120,12.3402
C2,PyTorch_TabularMLP,Train,359,11.4585
C2,PyTorch_TabularMLP,Train,364,4.7511
C2,PyTorch_TabularMLP,Train,83,4.2137
C2,PyTorch_TabularMLP,Train,519,0.7869
C2,PyTorch_TabularMLP,Train,231,0
C2,PyTorch_TabularMLP,Train,141,6.4234
C2,PyTorch_TabularMLP,Train,410,1.375
C2,PyTorch_TabularMLP,Train,279,28.4955
C2,PyTorch_TabularMLP,Train,228,0
C2,PyTorch_TabularMLP,Train,224,79.7532
C2,PyTorch_TabularMLP,Train,95,19.3671
C2,PyTorch_TabularMLP,Train,248,35
C2,PyTorch_TabularMLP,Train,31,145
C2,PyTorch_TabularMLP,Train,81,56.3548
C2,PyTorch_TabularMLP,Train,568,114.8951
C2,PyTorch_TabularMLP,Train,553,23.5149
C2,PyTorch_TabularMLP,Train,449,2.736
C2,PyTorch_TabularMLP,Train,387,240.4761
C2,PyTorch_TabularMLP,Train,174,9.5591
C2,PyTorch_TabularMLP,Train,630,175.1131
C2,PyTorch_TabularMLP,Train,240,18
C2,PyTorch_TabularMLP,Train,358,13.9039
C2,PyTorch_TabularMLP,Train,19,182.1148
C2,PyTorch_TabularMLP,Train,645,8.5973
C2,PyTorch_TabularMLP,Train,189,16.661
C2,PyTorch_TabularMLP,Train,643,8.5973
C2,PyTorch_TabularMLP,Train,63,73.8302
C2,PyTorch_TabularMLP,Train,205,16.661
C2,PyTorch_TabularMLP,Train,325,8.8
C2,PyTorch_TabularMLP,Train,329,9.2
C2,PyTorch_TabularMLP,Train,368,15.2174
C2,PyTorch_TabularMLP,Train,321,9.6
C2,PyTorch_TabularMLP,Train,565,19.9022
C2,PyTorch_TabularMLP,Train,77,62.9884
C2,PyTorch_TabularMLP,Train,674,4.8387
C2,PyTorch_TabularMLP,Train,190,31.2926
C2,PyTorch_TabularMLP,Train,546,3.124
C2,PyTorch_TabularMLP,Train,580,201.6556
C2,PyTorch_TabularMLP,Train,328,9
C2,PyTorch_TabularMLP,Train,343,6.4011
C2,PyTorch_TabularMLP,Train,324,8
C2,PyTorch_TabularMLP,Train,35,163.7025
C2,PyTorch_TabularMLP,Train,657,12.7399
C2,PyTorch_TabularMLP,Train,400,213.0824
C2,PyTorch_TabularMLP,Train,298,198
C2,PyTorch_TabularMLP,Train,509,0.8453
C2,PyTorch_TabularMLP,Train,426,4.4132
C2,PyTorch_TabularMLP,Train,119,13.7934
C2,PyTorch_TabularMLP,Train,642,7.6923
C2,PyTorch_TabularMLP,Train,74,53.0534
C2,PyTorch_TabularMLP,Train,602,10.7843
C2,PyTorch_TabularMLP,Train,574,177.8478
C2,PyTorch_TabularMLP,Train,106,15.3742
C2,PyTorch_TabularMLP,Test,458,0.186
C2,PyTorch_TabularMLP,Test,641,7.2398
C2,PyTorch_TabularMLP,Test,318,9.6
C2,PyTorch_TabularMLP,Test,436,0.5022
C2,PyTorch_TabularMLP,Test,283,16.2
C2,PyTorch_TabularMLP,Test,24,190.4266
C2,PyTorch_TabularMLP,Test,473,2.613
C2,PyTorch_TabularMLP,Test,29,189
C2,PyTorch_TabularMLP,Test,282,16.3
C2,PyTorch_TabularMLP,Test,362,6.4279
C2,PyTorch_TabularMLP,Test,104,11.6415
C2,PyTorch_TabularMLP,Test,617,33.0317
C2,PyTorch_TabularMLP,Test,229,0
C2,PyTorch_TabularMLP,Test,404,250.7447
C2,PyTorch_TabularMLP,Test,209,111.1716
C2,PyTorch_TabularMLP,Test,613,190.898
C2,PyTorch_TabularMLP,Test,621,4.5249
C2,PyTorch_TabularMLP,Test,604,10.9963
C2,PyTorch_TabularMLP,Test,659,15.0992
C2,PyTorch_TabularMLP,Test,600,9.8831
C2,PyTorch_TabularMLP,Test,670,5.4838
C2,PyTorch_TabularMLP,Test,526,-0.2037
C2,PyTorch_TabularMLP,Test,115,13.052
C2,PyTorch_TabularMLP,Test,635,192.7602
C2,PyTorch_TabularMLP,Test,434,0.2912
C2,PyTorch_TabularMLP,Test,59,68.9452
C2,PyTorch_TabularMLP,Test,503,0.2767
C2,PyTorch_TabularMLP,Test,631,185.9728
C2,PyTorch_TabularMLP,Test,270,15.1055
C2,PyTorch_TabularMLP,Test,259,58
C2,PyTorch_TabularMLP,Test,625,120.8145
C2,PyTorch_TabularMLP,Test,367,16.087
C2,PyTorch_TabularMLP,Test,336,0.1123
C2,PyTorch_TabularMLP,Test,226,145.1216
C2,PyTorch_TabularMLP,Test,477,2.7581
C2,PyTorch_TabularMLP,Test,181,18.4769
C2,PyTorch_TabularMLP,Test,427,4.5124
C2,PyTorch_TabularMLP,Test,294,249
C2,PyTorch_TabularMLP,Test,8,206.3056
C2,PyTorch_TabularMLP,Test,238,0
C2,PyTorch_TabularMLP,Test,533,1.0549
C2,PyTorch_TabularMLP,Test,586,206.4247
C2,PyTorch_TabularMLP,Test,160,89.7899
C2,PyTorch_TabularMLP,Test,505,0.4294
C2,PyTorch_TabularMLP,Test,272,16.0074
C2,PyTorch_TabularMLP,Test,12,106.0565
C2,PyTorch_TabularMLP,Test,598,9.1233
C2,PyTorch_TabularMLP,Test,138,4.1633
C2,PyTorch_TabularMLP,Test,652,175.5656
C2,PyTorch_TabularMLP,Test,485,0.5314
C2,PyTorch_TabularMLP,Test,646,9.9547
C2,PyTorch_TabularMLP,Test,583,202.3422
C2,PyTorch_TabularMLP,Test,200,64.3502
C2,PyTorch_TabularMLP,Test,237,0
C2,PyTorch_TabularMLP,Test,591,4.8793
C2,PyTorch_TabularMLP,Test,265,12
C2,PyTorch_TabularMLP,Test,76,59.3029
C2,PyTorch_TabularMLP,Test,57,69.7061
C2,PyTorch_TabularMLP,Test,307,180
C2,PyTorch_TabularMLP,Test,46,99.3482
C2,PyTorch_TabularMLP,Test,447,2.16
C2,PyTorch_TabularMLP,Test,481,0.2188
C2,PyTorch_TabularMLP,Test,597,5.0142
C2,PyTorch_TabularMLP,Test,520,0.7869
C2,PyTorch_TabularMLP,Test,148,7.5219
C2,PyTorch_TabularMLP,Test,412,2.25
C2,PyTorch_TabularMLP,Test,246,14
C2,PyTorch_TabularMLP,Test,255,18
C2,PyTorch_TabularMLP,Test,575,192.2679
C2,PyTorch_TabularMLP,Test,114,11.8012
C2,PyTorch_TabularMLP,Test,441,0.9063
C2,PyTorch_TabularMLP,Test,405,259.154
C2,PyTorch_TabularMLP,Test,278,27.2644
C2,PyTorch_TabularMLP,Test,430,0.125
C2,PyTorch_TabularMLP,Test,490,-0.453
C2,PyTorch_TabularMLP,Test,608,189.3702
C2,PyTorch_TabularMLP,Test,199,52.5128
C2,PyTorch_TabularMLP,Test,353,10.6981
C2,PyTorch_TabularMLP,Test,673,5.4839
C2,PyTorch_TabularMLP,Test,135,3.1846
C2,PyTorch_TabularMLP,Test,130,13.7867
C2,PyTorch_TabularMLP,Test,147,7.4193
C2,PyTorch_TabularMLP,Test,340,0.8984
C2,PyTorch_TabularMLP,Test,493,0.0876
C2,PyTorch_TabularMLP,Test,521,0.9836
C2,PyTorch_TabularMLP,Test,435,0.4375
C2,PyTorch_TabularMLP,Test,38,183.7787
C2,PyTorch_TabularMLP,Test,571,121.2021
C2,PyTorch_TabularMLP,Test,256,15
C2,PyTorch_TabularMLP,Test,496,0.5853
C2,PyTorch_TabularMLP,Test,601,10.6555
C2,PyTorch_TabularMLP,Test,173,9.3506
C2,PyTorch_TabularMLP,Test,212,10.8544
C2,PyTorch_TabularMLP,Test,311,150
C2,PyTorch_TabularMLP,Test,249,35
C2,PyTorch_TabularMLP,Test,131,10.1205
C2,PyTorch_TabularMLP,Test,647,11.3122
C2,PyTorch_TabularMLP,Test,579,200.6631
C2,PyTorch_TabularMLP,Test,239,18
C2,PyTorch_TabularMLP,Test,171,6.9537
C2,PyTorch_TabularMLP,Test,244,16.5
C2,PyTorch_TabularMLP,Test,334,4.9
C2,PyTorch_TabularMLP,Test,89,19.6706
C2,PyTorch_TabularMLP,Test,137,1.8648
C2,PyTorch_TabularMLP,Test,107,12.3805
C2,PyTorch_TabularMLP,Test,376,122.7272
C2,PyTorch_TabularMLP,Test,91,5.3316
C2,PyTorch_TabularMLP,Test,25,187.3878
C2,PyTorch_TabularMLP,Test,319,9.6
C2,PyTorch_TabularMLP,Test,72,10
C2,PyTorch_TabularMLP,Test,164,2.3002
C2,PyTorch_TabularMLP,Test,49,102.0029
C2,PyTorch_TabularMLP,Test,395,51.7316
C2,PyTorch_TabularMLP,Test,650,159.7285
C2,PyTorch_TabularMLP,Test,149,7.6785
C2,PyTorch_TabularMLP,Test,242,18
C2,PyTorch_TabularMLP,Test,429,4.6612
C2,PyTorch_TabularMLP,Test,166,2.9654
C2,PyTorch_TabularMLP,Test,515,0.1475
C2,PyTorch_TabularMLP,Test,271,15.6958
C2,PyTorch_TabularMLP,Test,292,249
C2,PyTorch_TabularMLP,Test,491,-0.2089
C2,PyTorch_TabularMLP,Test,100,6.0072
C2,PyTorch_TabularMLP,Test,39,184.0091
C2,PyTorch_TabularMLP,Test,145,7.5232
C2,PyTorch_TabularMLP,Test,549,3.4711
C2,PyTorch_TabularMLP,Test,227,154.6933
C2,PyTorch_TabularMLP,Test,615,30.3167
C2,PyTorch_TabularMLP,Test,502,0.0911
C2,PyTorch_TabularMLP,Test,420,1.1893
C2,PyTorch_TabularMLP,Test,476,2.6625
C2,PyTorch_TabularMLP,Test,372,140.919
C2,PyTorch_TabularMLP,Test,151,8.0482
C2,PyTorch_TabularMLP,Test,68,59.7839
C2,PyTorch_TabularMLP,Test,556,24.7564
C3,RandomForestRegressor,Train,424,4.0661
C3,RandomForestRegressor,Train,146,7.4684
C3,RandomForestRegressor,Train,93,15.107
C3,RandomForestRegressor,Train,323,9.5
C3,RandomForestRegressor,Train,539,0.0157
C3,RandomForestRegressor,Train,99,10.9416
C3,RandomForestRegressor,Train,92,5.6837
C3,RandomForestRegressor,Train,28,192.4421
C3,RandomForestRegressor,Train,258,62
C3,RandomForestRegressor,Train,632,190.4977
C3,RandomForestRegressor,Train,366,11.7391
C3,RandomForestRegressor,Train,150,7.8279
C3,RandomForestRegressor,Train,572,121.0705
C3,RandomForestRegressor,Train,638,208.5973
C3,RandomForestRegressor,Train,421,1.8843
C3,RandomForestRegressor,Train,27,188.2349
C3,RandomForestRegressor,Train,50,99.7175
C3,RandomForestRegressor,Train,286,16
C3,RandomForestRegressor,Train,213,16.661
C3,RandomForestRegressor,Train,445,1.4355
C3,RandomForestRegressor,Train,252,31
C3,RandomForestRegressor,Train,85,7.7779
C3,RandomForestRegressor,Train,461,0.5271
C3,RandomForestRegressor,Train,455,0.0117
C3,RandomForestRegressor,Train,375,137.4459
C3,RandomForestRegressor,Train,210,132.1477
C3,RandomForestRegressor,Train,290,11.9
C3,RandomForestRegressor,Train,15,186.1441
C3,RandomForestRegressor,Train,535,1.1538
C3,RandomForestRegressor,Train,596,4.6697
C3,RandomForestRegressor,Train,514,0.0991
C3,RandomForestRegressor,Train,651,168.7782
C3,RandomForestRegressor,Train,62,67.104
C3,RandomForestRegressor,Train,58,70.945
C3,RandomForestRegressor,Train,78,62.2973
C3,RandomForestRegressor,Train,274,16.7407
C3,RandomForestRegressor,Train,418,0.0232
C3,RandomForestRegressor,Train,522,1.1411
C3,RandomForestRegressor,Train,516,0.3443
C3,RandomForestRegressor,Train,633,193.6651
C3,RandomForestRegressor,Train,656,9.8231
C3,RandomForestRegressor,Train,431,0.1437
C3,RandomForestRegressor,Train,51,36.1086
C3,RandomForestRegressor,Train,497,0.7317
C3,RandomForestRegressor,Train,425,4.3637
C3,RandomForestRegressor,Train,331,8.9
C3,RandomForestRegressor,Train,413,2.5006
C3,RandomForestRegressor,Train,109,15
C3,RandomForestRegressor,Train,42,187.2488
C3,RandomForestRegressor,Train,75,54.9536
C3,RandomForestRegressor,Train,432,0.1875
C3,RandomForestRegressor,Train,626,123.9819
C3,RandomForestRegressor,Train,480,0.1562
C3,RandomForestRegressor,Train,222,31.2926
C3,RandomForestRegressor,Train,442,0.0274
C3,RandomForestRegressor,Train,460,0.4651
C3,RandomForestRegressor,Train,21,106.0925
C3,RandomForestRegressor,Train,55,75.5317
C3,RandomForestRegressor,Train,291,250
C3,RandomForestRegressor,Train,217,110.3519
C3,RandomForestRegressor,Train,392,258.758
C3,RandomForestRegressor,Train,544,2.5785
C3,RandomForestRegressor,Train,203,128.8589
C3,RandomForestRegressor,Train,305,199
C3,RandomForestRegressor,Train,664,8.0733
C3,RandomForestRegressor,Train,558,14.9253
C3,RandomForestRegressor,Train,113,1
C3,RandomForestRegressor,Train,188,10.8544
C3,RandomForestRegressor,Train,220,10.8544
C3,RandomForestRegressor,Train,80,64.4519
C3,RandomForestRegressor,Train,383,50.8758
C3,RandomForestRegressor,Train,41,187.5173
C3,RandomForestRegressor,Train,654,2.3164
C3,RandomForestRegressor,Train,548,3.3721
C3,RandomForestRegressor,Train,484,0.4688
C3,RandomForestRegressor,Train,17,182.9271
C3,RandomForestRegressor,Train,123,1.9281
C3,RandomForestRegressor,Train,132,10.8016
C3,RandomForestRegressor,Train,341,1.9465
C3,RandomForestRegressor,Train,511,1.0309
C3,RandomForestRegressor,Train,482,0.2813
C3,RandomForestRegressor,Train,48,107.2474
C3,RandomForestRegressor,Train,349,8.6133
C3,RandomForestRegressor,Train,494,0.1951
C3,RandomForestRegressor,Train,304,199
C3,RandomForestRegressor,Train,525,1.3279
C3,RandomForestRegressor,Train,308,175
C3,RandomForestRegressor,Train,4,100.6216
C3,RandomForestRegressor,Train,437,0.625
C3,RandomForestRegressor,Train,531,0.7582
C3,RandomForestRegressor,Train,165,2.4016
C3,RandomForestRegressor,Train,474,2.6613
C3,RandomForestRegressor,Train,409,0.9991
C3,RandomForestRegressor,Train,627,126.6968
C3,RandomForestRegressor,Train,567,110.5493
C3,RandomForestRegressor,Train,280,29.322
C3,RandomForestRegressor,Train,82,59.9138
C3,RandomForestRegressor,Train,605,11.3206
C3,RandomForestRegressor,Train,350,9.2547
C3,RandomForestRegressor,Train,470,1.9355
C3,RandomForestRegressor,Train,446,1.68
C3,RandomForestRegressor,Train,541,0.3471
C3,RandomForestRegressor,Train,96,18.5037
C3,RandomForestRegressor,Train,444,1.392
C3,RandomForestRegressor,Train,154,21.2041
C3,RandomForestRegressor,Train,582,194.643
C3,RandomForestRegressor,Train,140,5.2675
C3,RandomForestRegressor,Train,125,8.0539
C3,RandomForestRegressor,Train,60,32.1593
C3,RandomForestRegressor,Train,52,44.2483
C3,RandomForestRegressor,Train,560,18.6576
C3,RandomForestRegressor,Train,225,116.4338
C3,RandomForestRegressor,Train,287,15
C3,RandomForestRegressor,Train,403,239.2408
C3,RandomForestRegressor,Train,158,85.5833
C3,RandomForestRegressor,Train,389,58.658
C3,RandomForestRegressor,Train,250,35
C3,RandomForestRegressor,Train,361,7.7554
C3,RandomForestRegressor,Train,234,0
C3,RandomForestRegressor,Train,457,0.124
C3,RandomForestRegressor,Train,66,60.1467
C3,RandomForestRegressor,Train,523,1.2087
C3,RandomForestRegressor,Train,639,3.6199
C3,RandomForestRegressor,Train,390,239.6104
C3,RandomForestRegressor,Train,369,11.7391
C3,RandomForestRegressor,Train,360,9.5371
C3,RandomForestRegressor,Train,215,63.7857
C3,RandomForestRegressor,Train,98,11.6115
C3,RandomForestRegressor,Train,207,58.5204
C3,RandomForestRegressor,Train,464,0.6822
C3,RandomForestRegressor,Train,208,64.3514
C3,RandomForestRegressor,Train,538,0.0122
C3,RandomForestRegressor,Train,276,21.2415
C3,RandomForestRegressor,Train,264,28
C3,RandomForestRegressor,Train,214,31.2926
C3,RandomForestRegressor,Train,169,5.6234
C3,RandomForestRegressor,Train,668,11.9228
C3,RandomForestRegressor,Train,284,16.1
C3,RandomForestRegressor,Train,168,3.4065
C3,RandomForestRegressor,Train,293,249
C3,RandomForestRegressor,Train,448,2.4127
C3,RandomForestRegressor,Train,599,9.4379
C3,RandomForestRegressor,Train,232,0
C3,RandomForestRegressor,Train,559,18.6567
C3,RandomForestRegressor,Train,593,4.2261
C3,RandomForestRegressor,Train,373,153.8961
C3,RandomForestRegressor,Train,411,1.8375
C3,RandomForestRegressor,Train,667,11.2467
C3,RandomForestRegressor,Train,64,62.9539
C3,RandomForestRegressor,Train,126,8.924
C3,RandomForestRegressor,Train,170,6.1214
C3,RandomForestRegressor,Train,156,57.1515
C3,RandomForestRegressor,Train,32,130
C3,RandomForestRegressor,Train,554,23.5187
C3,RandomForestRegressor,Train,310,160
C3,RandomForestRegressor,Train,555,24.7525
C3,RandomForestRegressor,Train,566,97.2533
C3,RandomForestRegressor,Train,9,198.1857
C3,RandomForestRegressor,Train,648,11.7647
C3,RandomForestRegressor,Train,610,190.2757
C3,RandomForestRegressor,Train,139,4.6607
C3,RandomForestRegressor,Train,306,199
C3,RandomForestRegressor,Train,428,4.562
C3,RandomForestRegressor,Train,551,21.0396
C3,RandomForestRegressor,Train,53,66.997
C3,RandomForestRegressor,Train,393,231.8182
C3,RandomForestRegressor,Train,338,0.1872
C3,RandomForestRegressor,Train,595,4.6602
C3,RandomForestRegressor,Train,381,203.2466
C3,RandomForestRegressor,Train,607,188.4733
C3,RandomForestRegressor,Train,71,12
C3,RandomForestRegressor,Train,320,9.6
C3,RandomForestRegressor,Train,313,110
C3,RandomForestRegressor,Train,451,2.784
C3,RandomForestRegressor,Train,530,0.5275
C3,RandomForestRegressor,Train,162,1.7279
C3,RandomForestRegressor,Train,144,7.4757
C3,RandomForestRegressor,Train,65,64.5069
C3,RandomForestRegressor,Train,513,1.0911
C3,RandomForestRegressor,Train,590,3.9695
C3,RandomForestRegressor,Train,167,3.4122
C3,RandomForestRegressor,Train,153,8.2082
C3,RandomForestRegressor,Train,67,58.7044
C3,RandomForestRegressor,Train,10,189.6709
C3,RandomForestRegressor,Train,576,194.3514
C3,RandomForestRegressor,Train,422,2.4793
C3,RandomForestRegressor,Train,309,170
C3,RandomForestRegressor,Train,348,8.0216
C3,RandomForestRegressor,Train,563,19.9014
C3,RandomForestRegressor,Train,653,178.2805
C3,RandomForestRegressor,Train,585,204.3982
C3,RandomForestRegressor,Train,471,2.3226
C3,RandomForestRegressor,Train,180,52.7921
C3,RandomForestRegressor,Train,611,190.3014
C3,RandomForestRegressor,Train,103,15.0427
C3,RandomForestRegressor,Train,472,2.5161
C3,RandomForestRegressor,Train,467,0.4355
C3,RandomForestRegressor,Train,54,69.8308
C3,RandomForestRegressor,Train,506,0.4892
C3,RandomForestRegressor,Train,175,9.6674
C3,RandomForestRegressor,Train,469,1.6452
C3,RandomForestRegressor,Train,594,4.5061
C3,RandomForestRegressor,Train,606,182.4439
C3,RandomForestRegressor,Train,136,2.4124
C3,RandomForestRegressor,Train,500,0.8782
C3,RandomForestRegressor,Train,528,-0.0329
C3,RandomForestRegressor,Train,356,10.9285
C3,RandomForestRegressor,Train,101,8.3687
C3,RandomForestRegressor,Train,176,3.9349
C3,RandomForestRegressor,Train,407,0.1875
C3,RandomForestRegressor,Train,508,0.7214
C3,RandomForestRegressor,Train,277,25.3552
C3,RandomForestRegressor,Train,439,0.8125
C3,RandomForestRegressor,Train,316,9.8
C3,RandomForestRegressor,Train,486,0.5937
C3,RandomForestRegressor,Train,110,10
C3,RandomForestRegressor,Train,44,55.2411
C3,RandomForestRegressor,Train,452,2.832
C3,RandomForestRegressor,Train,241,18
C3,RandomForestRegressor,Train,195,98.0734
C3,RandomForestRegressor,Train,182,40.2656
C3,RandomForestRegressor,Train,351,9.76
C3,RandomForestRegressor,Train,385,266.4502
C3,RandomForestRegressor,Train,296,210
C3,RandomForestRegressor,Train,478,0.0625
C3,RandomForestRegressor,Train,399,206.4592
C3,RandomForestRegressor,Train,155,42.7149
C3,RandomForestRegressor,Train,299,160
C3,RandomForestRegressor,Train,56,71.4614
C3,RandomForestRegressor,Train,11,55.825
C3,RandomForestRegressor,Train,178,32.7076
C3,RandomForestRegressor,Train,603,10.7927
C3,RandomForestRegressor,Train,663,3.9662
C3,RandomForestRegressor,Train,5,178.1616
C3,RandomForestRegressor,Train,263,36
C3,RandomForestRegressor,Train,300,115
C3,RandomForestRegressor,Train,669,4.6774
C3,RandomForestRegressor,Train,315,0
C3,RandomForestRegressor,Train,518,0.541
C3,RandomForestRegressor,Train,216,75.6454
C3,RandomForestRegressor,Train,22,169.1834
C3,RandomForestRegressor,Train,397,178.0901
C3,RandomForestRegressor,Train,609,190.1513
C3,RandomForestRegressor,Train,121,14.8143
C3,RandomForestRegressor,Train,628,128.5068
C3,RandomForestRegressor,Train,177,15.8993
C3,RandomForestRegressor,Train,61,45.1337
C3,RandomForestRegressor,Train,501,0.8787
C3,RandomForestRegressor,Train,243,17
C3,RandomForestRegressor,Train,260,55
C3,RandomForestRegressor,Train,504,0.3351
C3,RandomForestRegressor,Train,649,145.2489
C3,RandomForestRegressor,Train,127,9.7231
C3,RandomForestRegressor,Train,510,0.9325
C3,RandomForestRegressor,Train,69,90
C3,RandomForestRegressor,Train,303,200
C3,RandomForestRegressor,Train,285,16.1
C3,RandomForestRegressor,Train,194,88.3651
C3,RandomForestRegressor,Train,415,2.6875
C3,RandomForestRegressor,Train,253,26
C3,RandomForestRegressor,Train,507,0.6363
C3,RandomForestRegressor,Train,197,16.661
C3,RandomForestRegressor,Train,84,12.411
C3,RandomForestRegressor,Train,495,0.439
C3,RandomForestRegressor,Train,540,0.2479
C3,RandomForestRegressor,Train,337,0.1123
C3,RandomForestRegressor,Train,406,0.0568
C3,RandomForestRegressor,Train,161,95.3006
C3,RandomForestRegressor,Train,6,196.9007
C3,RandomForestRegressor,Train,624,113.5747
C3,RandomForestRegressor,Train,382,176.4069
C3,RandomForestRegressor,Train,569,117.0022
C3,RandomForestRegressor,Train,172,8.9135
C3,RandomForestRegressor,Train,660,19.09
C3,RandomForestRegressor,Train,666,11.2
C3,RandomForestRegressor,Train,488,0.6875
C3,RandomForestRegressor,Train,191,50.0692
C3,RandomForestRegressor,Train,379,256.0606
C3,RandomForestRegressor,Train,545,2.9256
C3,RandomForestRegressor,Train,218,140.1645
C3,RandomForestRegressor,Train,416,2.75
C3,RandomForestRegressor,Train,288,14.5
C3,RandomForestRegressor,Train,187,67.1065
C3,RandomForestRegressor,Train,163,2.005
C3,RandomForestRegressor,Train,543,2.033
C3,RandomForestRegressor,Train,124,4.7621
C3,RandomForestRegressor,Train,463,0.6518
C3,RandomForestRegressor,Train,157,70.5282
C3,RandomForestRegressor,Train,236,0
C3,RandomForestRegressor,Train,129,11.7748
C3,RandomForestRegressor,Train,134,4.7968
C3,RandomForestRegressor,Train,570,120.2191
C3,RandomForestRegressor,Train,616,32.1267
C3,RandomForestRegressor,Train,634,177.3756
C3,RandomForestRegressor,Train,13,164.5415
C3,RandomForestRegressor,Train,245,15.5
C3,RandomForestRegressor,Train,347,12.5401
C3,RandomForestRegressor,Train,7,203.5289
C3,RandomForestRegressor,Train,332,8.8
C3,RandomForestRegressor,Train,196,10.8544
C3,RandomForestRegressor,Train,330,9
C3,RandomForestRegressor,Train,365,3.4934
C3,RandomForestRegressor,Train,433,0.25
C3,RandomForestRegressor,Train,489,0.7188
C3,RandomForestRegressor,Train,363,5.2402
C3,RandomForestRegressor,Train,70,30
C3,RandomForestRegressor,Train,499,0.878
C3,RandomForestRegressor,Train,36,171.4973
C3,RandomForestRegressor,Train,211,143.58
C3,RandomForestRegressor,Train,118,11.7251
C3,RandomForestRegressor,Train,619,2.2624
C3,RandomForestRegressor,Train,179,47.5037
C3,RandomForestRegressor,Train,573,120.9294
C3,RandomForestRegressor,Train,86,12.286
C3,RandomForestRegressor,Train,661,12.93
C3,RandomForestRegressor,Train,79,62.9884
C3,RandomForestRegressor,Train,143,7.4165
C3,RandomForestRegressor,Train,524,1.2789
C3,RandomForestRegressor,Train,380,249.1342
C3,RandomForestRegressor,Train,423,3.4215
C3,RandomForestRegressor,Train,357,13.1703
C3,RandomForestRegressor,Train,184,3.8774
C3,RandomForestRegressor,Train,352,10.1342
C3,RandomForestRegressor,Train,492,-0.0488
C3,RandomForestRegressor,Train,152,8.0988
C3,RandomForestRegressor,Train,73,2
C3,RandomForestRegressor,Train,289,14.2
C3,RandomForestRegressor,Train,16,187.171
C3,RandomForestRegressor,Train,273,16.5508
C3,RandomForestRegressor,Train,542,1.0405
C3,RandomForestRegressor,Train,487,0.6573
C3,RandomForestRegressor,Train,629,162.4434
C3,RandomForestRegressor,Train,261,48
C3,RandomForestRegressor,Train,122,14.0871
C3,RandomForestRegressor,Train,335,0.1123
C3,RandomForestRegressor,Train,417,2.7813
C3,RandomForestRegressor,Train,578,199.8271
C3,RandomForestRegressor,Train,587,207.3981
C3,RandomForestRegressor,Train,414,2.5938
C3,RandomForestRegressor,Train,251,34
C3,RandomForestRegressor,Train,662,9.42
C3,RandomForestRegressor,Train,235,0
C3,RandomForestRegressor,Train,374,151.0303
C3,RandomForestRegressor,Train,326,8.6
C3,RandomForestRegressor,Train,281,30.1344
C3,RandomForestRegressor,Train,620,4.0724
C3,RandomForestRegressor,Train,90,20.1088
C3,RandomForestRegressor,Train,419,0.2975
C3,RandomForestRegressor,Train,453,2.7841
C3,RandomForestRegressor,Train,592,3.7292
C3,RandomForestRegressor,Train,479,0.0833
C3,RandomForestRegressor,Train,562,19.9007
C3,RandomForestRegressor,Train,618,33.9367
C3,RandomForestRegressor,Train,133,7.7838
C3,RandomForestRegressor,Train,483,0.4379
C3,RandomForestRegressor,Train,391,261.2554
C3,RandomForestRegressor,Train,18,180.7351
C3,RandomForestRegressor,Train,396,160.5788
C3,RandomForestRegressor,Train,355,10.9333
C3,RandomForestRegressor,Train,636,202.2624
C3,RandomForestRegressor,Train,547,3.3719
C3,RandomForestRegressor,Train,204,10.8544
C3,RandomForestRegressor,Train,468,1.1613
C3,RandomForestRegressor,Train,561,19.9005
C3,RandomForestRegressor,Train,183,56.7066
C3,RandomForestRegressor,Train,159,90.713
C3,RandomForestRegressor,Train,117,13.7027
C3,RandomForestRegressor,Train,394,179.8701
C3,RandomForestRegressor,Train,527,-0.1319
C3,RandomForestRegressor,Train,371,7.3913
C3,RandomForestRegressor,Train,333,8.2
C3,RandomForestRegressor,Train,45,77.8966
C3,RandomForestRegressor,Train,327,8.9
C3,RandomForestRegressor,Train,536,1.1869
C3,RandomForestRegressor,Train,671,5.4793
C3,RandomForestRegressor,Train,623,4.9773
C3,RandomForestRegressor,Train,221,16.661
C3,RandomForestRegressor,Train,512,1.0682
C3,RandomForestRegressor,Train,206,31.2926
C3,RandomForestRegressor,Train,612,190.7779
C3,RandomForestRegressor,Train,466,0.2074
C3,RandomForestRegressor,Train,346,11.1176
C3,RandomForestRegressor,Train,233,0
C3,RandomForestRegressor,Train,532,0.9231
C3,RandomForestRegressor,Train,370,10.8696
C3,RandomForestRegressor,Train,475,2.6613
C3,RandomForestRegressor,Train,87,17.4132
C3,RandomForestRegressor,Train,534,1.088
C3,RandomForestRegressor,Train,302,0
C3,RandomForestRegressor,Train,665,9.5675
C3,RandomForestRegressor,Train,314,80
C3,RandomForestRegressor,Train,219,144.8177
C3,RandomForestRegressor,Train,537,1.1935
C3,RandomForestRegressor,Train,142,6.9943
C3,RandomForestRegressor,Train,388,191.9913
C3,RandomForestRegressor,Train,465,0.6823
C3,RandomForestRegressor,Train,588,208.3905
C3,RandomForestRegressor,Train,108,16.7484
C3,RandomForestRegressor,Train,40,187.7603
C3,RandomForestRegressor,Train,14,175.7096
C3,RandomForestRegressor,Train,322,9.6
C3,RandomForestRegressor,Train,438,0.7813
C3,RandomForestRegressor,Train,622,4.5249
C3,RandomForestRegressor,Train,440,0.8125
C3,RandomForestRegressor,Train,384,246.5368
C3,RandomForestRegressor,Train,185,19.2773
C3,RandomForestRegressor,Train,192,60.0842
C3,RandomForestRegressor,Train,105,13.9905
C3,RandomForestRegressor,Train,223,60.2934
C3,RandomForestRegressor,Train,581,202.7626
C3,RandomForestRegressor,Train,30,178
C3,RandomForestRegressor,Train,262,43
C3,RandomForestRegressor,Train,116,12.2315
C3,RandomForestRegressor,Train,550,18.5644
C3,RandomForestRegressor,Train,401,222.5413
C3,RandomForestRegressor,Train,34,143.7129
C3,RandomForestRegressor,Train,269,14.1204
C3,RandomForestRegressor,Train,257,62
C3,RandomForestRegressor,Train,408,0.525
C3,RandomForestRegressor,Train,43,35.8031
C3,RandomForestRegressor,Train,517,0.4426
C3,RandomForestRegressor,Train,247,11
C3,RandomForestRegressor,Train,529,0.3956
C3,RandomForestRegressor,Train,97,12.9034
C3,RandomForestRegressor,Train,655,5.0188
C3,RandomForestRegressor,Train,584,203.5592
C3,RandomForestRegressor,Train,462,0.6512
C3,RandomForestRegressor,Train,637,206.7873
C3,RandomForestRegressor,Train,557,24.7571
C3,RandomForestRegressor,Train,443,1.008
C3,RandomForestRegressor,Train,640,5.4298
C3,RandomForestRegressor,Train,301,99
C3,RandomForestRegressor,Train,398,189.0305
C3,RandomForestRegressor,Train,377,31.8134
C3,RandomForestRegressor,Train,297,205
C3,RandomForestRegressor,Train,230,0
C3,RandomForestRegressor,Train,201,88.117
C3,RandomForestRegressor,Train,454,-0.0311
C3,RandomForestRegressor,Train,589,209.3641
C3,RandomForestRegressor,Train,378,235.2814
C3,RandomForestRegressor,Train,186,46.1627
C3,RandomForestRegressor,Train,456,0.0318
C3,RandomForestRegressor,Train,254,22
C3,RandomForestRegressor,Train,498,0.7805
C3,RandomForestRegressor,Train,614,28.5068
C3,RandomForestRegressor,Train,564,19.9019
C3,RandomForestRegressor,Train,386,265.5844
C3,RandomForestRegressor,Train,459,0.3721
C3,RandomForestRegressor,Train,295,225
C3,RandomForestRegressor,Train,450,2.74
C3,RandomForestRegressor,Train,339,0.1497
C3,RandomForestRegressor,Train,23,185.6084
C3,RandomForestRegressor,Train,345,10.3316
C3,RandomForestRegressor,Train,342,3.5187
C3,RandomForestRegressor,Train,102,14.3145
C3,RandomForestRegressor,Train,658,13.7265
C3,RandomForestRegressor,Train,266,9.2885
C3,RandomForestRegressor,Train,202,105.5386
C3,RandomForestRegressor,Train,33,75
C3,RandomForestRegressor,Train,672,7.9032
C3,RandomForestRegressor,Train,577,199.826
C3,RandomForestRegressor,Train,112,2
C3,RandomForestRegressor,Train,94,12.6758
C3,RandomForestRegressor,Train,47,100.5808
C3,RandomForestRegressor,Train,26,184.3807
C3,RandomForestRegressor,Train,552,21.0401
C3,RandomForestRegressor,Train,317,9.7
C3,RandomForestRegressor,Train,128,10.5788
C3,RandomForestRegressor,Train,198,31.2926
C3,RandomForestRegressor,Train,354,10.8798
C3,RandomForestRegressor,Train,37,175.4161
C3,RandomForestRegressor,Train,193,82.2821
C3,RandomForestRegressor,Train,88,17.5699
C3,RandomForestRegressor,Train,275,15.5572
C3,RandomForestRegressor,Train,111,5
C3,RandomForestRegressor,Train,268,12.5684
C3,RandomForestRegressor,Train,267,11.5498
C3,RandomForestRegressor,Train,20,37.4042
C3,RandomForestRegressor,Train,312,148
C3,RandomForestRegressor,Train,3,45.9523
C3,RandomForestRegressor,Train,402,229.0834
C3,RandomForestRegressor,Train,344,8.8717
C3,RandomForestRegressor,Train,644,6.7873
C3,RandomForestRegressor,Train,120,12.3402
C3,RandomForestRegressor,Train,359,11.4585
C3,RandomForestRegressor,Train,364,4.7511
C3,RandomForestRegressor,Train,83,4.2137
C3,RandomForestRegressor,Train,519,0.7869
C3,RandomForestRegressor,Train,231,0
C3,RandomForestRegressor,Train,141,6.4234
C3,RandomForestRegressor,Train,410,1.375
C3,RandomForestRegressor,Train,279,28.4955
C3,RandomForestRegressor,Train,228,0
C3,RandomForestRegressor,Train,224,79.7532
C3,RandomForestRegressor,Train,95,19.3671
C3,RandomForestRegressor,Train,248,35
C3,RandomForestRegressor,Train,31,145
C3,RandomForestRegressor,Train,81,56.3548
C3,RandomForestRegressor,Train,568,114.8951
C3,RandomForestRegressor,Train,553,23.5149
C3,RandomForestRegressor,Train,449,2.736
C3,RandomForestRegressor,Train,387,240.4761
C3,RandomForestRegressor,Train,174,9.5591
C3,RandomForestRegressor,Train,630,175.1131
C3,RandomForestRegressor,Train,240,18
C3,RandomForestRegressor,Train,358,13.9039
C3,RandomForestRegressor,Train,19,182.1148
C3,RandomForestRegressor,Train,645,8.5973
C3,RandomForestRegressor,Train,189,16.661
C3,RandomForestRegressor,Train,643,8.5973
C3,RandomForestRegressor,Train,63,73.8302
C3,RandomForestRegressor,Train,205,16.661
C3,RandomForestRegressor,Train,325,8.8
C3,RandomForestRegressor,Train,329,9.2
C3,RandomForestRegressor,Train,368,15.2174
C3,RandomForestRegressor,Train,321,9.6
C3,RandomForestRegressor,Train,565,19.9022
C3,RandomForestRegressor,Train,77,62.9884
C3,RandomForestRegressor,Train,674,4.8387
C3,RandomForestRegressor,Train,190,31.2926
C3,RandomForestRegressor,Train,546,3.124
C3,RandomForestRegressor,Train,580,201.6556
C3,RandomForestRegressor,Train,328,9
C3,RandomForestRegressor,Train,343,6.4011
C3,RandomForestRegressor,Train,324,8
C3,RandomForestRegressor,Train,35,163.7025
C3,RandomForestRegressor,Train,657,12.7399
C3,RandomForestRegressor,Train,400,213.0824
C3,RandomForestRegressor,Train,298,198
C3,RandomForestRegressor,Train,509,0.8453
C3,RandomForestRegressor,Train,426,4.4132
C3,RandomForestRegressor,Train,119,13.7934
C3,RandomForestRegressor,Train,642,7.6923
C3,RandomForestRegressor,Train,74,53.0534
C3,RandomForestRegressor,Train,602,10.7843
C3,RandomForestRegressor,Train,574,177.8478
C3,RandomForestRegressor,Train,106,15.3742
C3,RandomForestRegressor,Test,458,0.186
C3,RandomForestRegressor,Test,641,7.2398
C3,RandomForestRegressor,Test,318,9.6
C3,RandomForestRegressor,Test,436,0.5022
C3,RandomForestRegressor,Test,283,16.2
C3,RandomForestRegressor,Test,24,190.4266
C3,RandomForestRegressor,Test,473,2.613
C3,RandomForestRegressor,Test,29,189
C3,RandomForestRegressor,Test,282,16.3
C3,RandomForestRegressor,Test,362,6.4279
C3,RandomForestRegressor,Test,104,11.6415
C3,RandomForestRegressor,Test,617,33.0317
C3,RandomForestRegressor,Test,229,0
C3,RandomForestRegressor,Test,404,250.7447
C3,RandomForestRegressor,Test,209,111.1716
C3,RandomForestRegressor,Test,613,190.898
C3,RandomForestRegressor,Test,621,4.5249
C3,RandomForestRegressor,Test,604,10.9963
C3,RandomForestRegressor,Test,659,15.0992
C3,RandomForestRegressor,Test,600,9.8831
C3,RandomForestRegressor,Test,670,5.4838
C3,RandomForestRegressor,Test,526,-0.2037
C3,RandomForestRegressor,Test,115,13.052
C3,RandomForestRegressor,Test,635,192.7602
C3,RandomForestRegressor,Test,434,0.2912
C3,RandomForestRegressor,Test,59,68.9452
C3,RandomForestRegressor,Test,503,0.2767
C3,RandomForestRegressor,Test,631,185.9728
C3,RandomForestRegressor,Test,270,15.1055
C3,RandomForestRegressor,Test,259,58
C3,RandomForestRegressor,Test,625,120.8145
C3,RandomForestRegressor,Test,367,16.087
C3,RandomForestRegressor,Test,336,0.1123
C3,RandomForestRegressor,Test,226,145.1216
C3,RandomForestRegressor,Test,477,2.7581
C3,RandomForestRegressor,Test,181,18.4769
C3,RandomForestRegressor,Test,427,4.5124
C3,RandomForestRegressor,Test,294,249
C3,RandomForestRegressor,Test,8,206.3056
C3,RandomForestRegressor,Test,238,0
C3,RandomForestRegressor,Test,533,1.0549
C3,RandomForestRegressor,Test,586,206.4247
C3,RandomForestRegressor,Test,160,89.7899
C3,RandomForestRegressor,Test,505,0.4294
C3,RandomForestRegressor,Test,272,16.0074
C3,RandomForestRegressor,Test,12,106.0565
C3,RandomForestRegressor,Test,598,9.1233
C3,RandomForestRegressor,Test,138,4.1633
C3,RandomForestRegressor,Test,652,175.5656
C3,RandomForestRegressor,Test,485,0.5314
C3,RandomForestRegressor,Test,646,9.9547
C3,RandomForestRegressor,Test,583,202.3422
C3,RandomForestRegressor,Test,200,64.3502
C3,RandomForestRegressor,Test,237,0
C3,RandomForestRegressor,Test,591,4.8793
C3,RandomForestRegressor,Test,265,12
C3,RandomForestRegressor,Test,76,59.3029
C3,RandomForestRegressor,Test,57,69.7061
C3,RandomForestRegressor,Test,307,180
C3,RandomForestRegressor,Test,46,99.3482
C3,RandomForestRegressor,Test,447,2.16
C3,RandomForestRegressor,Test,481,0.2188
C3,RandomForestRegressor,Test,597,5.0142
C3,RandomForestRegressor,Test,520,0.7869
C3,RandomForestRegressor,Test,148,7.5219
C3,RandomForestRegressor,Test,412,2.25
C3,RandomForestRegressor,Test,246,14
C3,RandomForestRegressor,Test,255,18
C3,RandomForestRegressor,Test,575,192.2679
C3,RandomForestRegressor,Test,114,11.8012
C3,RandomForestRegressor,Test,441,0.9063
C3,RandomForestRegressor,Test,405,259.154
C3,RandomForestRegressor,Test,278,27.2644
C3,RandomForestRegressor,Test,430,0.125
C3,RandomForestRegressor,Test,490,-0.453
C3,RandomForestRegressor,Test,608,189.3702
C3,RandomForestRegressor,Test,199,52.5128
C3,RandomForestRegressor,Test,353,10.6981
C3,RandomForestRegressor,Test,673,5.4839
C3,RandomForestRegressor,Test,135,3.1846
C3,RandomForestRegressor,Test,130,13.7867
C3,RandomForestRegressor,Test,147,7.4193
C3,RandomForestRegressor,Test,340,0.8984
C3,RandomForestRegressor,Test,493,0.0876
C3,RandomForestRegressor,Test,521,0.9836
C3,RandomForestRegressor,Test,435,0.4375
C3,RandomForestRegressor,Test,38,183.7787
C3,RandomForestRegressor,Test,571,121.2021
C3,RandomForestRegressor,Test,256,15
C3,RandomForestRegressor,Test,496,0.5853
C3,RandomForestRegressor,Test,601,10.6555
C3,RandomForestRegressor,Test,173,9.3506
C3,RandomForestRegressor,Test,212,10.8544
C3,RandomForestRegressor,Test,311,150
C3,RandomForestRegressor,Test,249,35
C3,RandomForestRegressor,Test,131,10.1205
C3,RandomForestRegressor,Test,647,11.3122
C3,RandomForestRegressor,Test,579,200.6631
C3,RandomForestRegressor,Test,239,18
C3,RandomForestRegressor,Test,171,6.9537
C3,RandomForestRegressor,Test,244,16.5
C3,RandomForestRegressor,Test,334,4.9
C3,RandomForestRegressor,Test,89,19.6706
C3,RandomForestRegressor,Test,137,1.8648
C3,RandomForestRegressor,Test,107,12.3805
C3,RandomForestRegressor,Test,376,122.7272
C3,RandomForestRegressor,Test,91,5.3316
C3,RandomForestRegressor,Test,25,187.3878
C3,RandomForestRegressor,Test,319,9.6
C3,RandomForestRegressor,Test,72,10
C3,RandomForestRegressor,Test,164,2.3002
C3,RandomForestRegressor,Test,49,102.0029
C3,RandomForestRegressor,Test,395,51.7316
C3,RandomForestRegressor,Test,650,159.7285
C3,RandomForestRegressor,Test,149,7.6785
C3,RandomForestRegressor,Test,242,18
C3,RandomForestRegressor,Test,429,4.6612
C3,RandomForestRegressor,Test,166,2.9654
C3,RandomForestRegressor,Test,515,0.1475
C3,RandomForestRegressor,Test,271,15.6958
C3,RandomForestRegressor,Test,292,249
C3,RandomForestRegressor,Test,491,-0.2089
C3,RandomForestRegressor,Test,100,6.0072
C3,RandomForestRegressor,Test,39,184.0091
C3,RandomForestRegressor,Test,145,7.5232
C3,RandomForestRegressor,Test,549,3.4711
C3,RandomForestRegressor,Test,227,154.6933
C3,RandomForestRegressor,Test,615,30.3167
C3,RandomForestRegressor,Test,502,0.0911
C3,RandomForestRegressor,Test,420,1.1893
C3,RandomForestRegressor,Test,476,2.6625
C3,RandomForestRegressor,Test,372,140.919
C3,RandomForestRegressor,Test,151,8.0482
C3,RandomForestRegressor,Test,68,59.7839
C3,RandomForestRegressor,Test,556,24.7564
C3,SVR_RBF,Train,424,4.0661
C3,SVR_RBF,Train,146,7.4684
C3,SVR_RBF,Train,93,15.107
C3,SVR_RBF,Train,323,9.5
C3,SVR_RBF,Train,539,0.0157
C3,SVR_RBF,Train,99,10.9416
C3,SVR_RBF,Train,92,5.6837
C3,SVR_RBF,Train,28,192.4421
C3,SVR_RBF,Train,258,62
C3,SVR_RBF,Train,632,190.4977
C3,SVR_RBF,Train,366,11.7391
C3,SVR_RBF,Train,150,7.8279
C3,SVR_RBF,Train,572,121.0705
C3,SVR_RBF,Train,638,208.5973
C3,SVR_RBF,Train,421,1.8843
C3,SVR_RBF,Train,27,188.2349
C3,SVR_RBF,Train,50,99.7175
C3,SVR_RBF,Train,286,16
C3,SVR_RBF,Train,213,16.661
C3,SVR_RBF,Train,445,1.4355
C3,SVR_RBF,Train,252,31
C3,SVR_RBF,Train,85,7.7779
C3,SVR_RBF,Train,461,0.5271
C3,SVR_RBF,Train,455,0.0117
C3,SVR_RBF,Train,375,137.4459
C3,SVR_RBF,Train,210,132.1477
C3,SVR_RBF,Train,290,11.9
C3,SVR_RBF,Train,15,186.1441
C3,SVR_RBF,Train,535,1.1538
C3,SVR_RBF,Train,596,4.6697
C3,SVR_RBF,Train,514,0.0991
C3,SVR_RBF,Train,651,168.7782
C3,SVR_RBF,Train,62,67.104
C3,SVR_RBF,Train,58,70.945
C3,SVR_RBF,Train,78,62.2973
C3,SVR_RBF,Train,274,16.7407
C3,SVR_RBF,Train,418,0.0232
C3,SVR_RBF,Train,522,1.1411
C3,SVR_RBF,Train,516,0.3443
C3,SVR_RBF,Train,633,193.6651
C3,SVR_RBF,Train,656,9.8231
C3,SVR_RBF,Train,431,0.1437
C3,SVR_RBF,Train,51,36.1086
C3,SVR_RBF,Train,497,0.7317
C3,SVR_RBF,Train,425,4.3637
C3,SVR_RBF,Train,331,8.9
C3,SVR_RBF,Train,413,2.5006
C3,SVR_RBF,Train,109,15
C3,SVR_RBF,Train,42,187.2488
C3,SVR_RBF,Train,75,54.9536
C3,SVR_RBF,Train,432,0.1875
C3,SVR_RBF,Train,626,123.9819
C3,SVR_RBF,Train,480,0.1562
C3,SVR_RBF,Train,222,31.2926
C3,SVR_RBF,Train,442,0.0274
C3,SVR_RBF,Train,460,0.4651
C3,SVR_RBF,Train,21,106.0925
C3,SVR_RBF,Train,55,75.5317
C3,SVR_RBF,Train,291,250
C3,SVR_RBF,Train,217,110.3519
C3,SVR_RBF,Train,392,258.758
C3,SVR_RBF,Train,544,2.5785
C3,SVR_RBF,Train,203,128.8589
C3,SVR_RBF,Train,305,199
C3,SVR_RBF,Train,664,8.0733
C3,SVR_RBF,Train,558,14.9253
C3,SVR_RBF,Train,113,1
C3,SVR_RBF,Train,188,10.8544
C3,SVR_RBF,Train,220,10.8544
C3,SVR_RBF,Train,80,64.4519
C3,SVR_RBF,Train,383,50.8758
C3,SVR_RBF,Train,41,187.5173
C3,SVR_RBF,Train,654,2.3164
C3,SVR_RBF,Train,548,3.3721
C3,SVR_RBF,Train,484,0.4688
C3,SVR_RBF,Train,17,182.9271
C3,SVR_RBF,Train,123,1.9281
C3,SVR_RBF,Train,132,10.8016
C3,SVR_RBF,Train,341,1.9465
C3,SVR_RBF,Train,511,1.0309
C3,SVR_RBF,Train,482,0.2813
C3,SVR_RBF,Train,48,107.2474
C3,SVR_RBF,Train,349,8.6133
C3,SVR_RBF,Train,494,0.1951
C3,SVR_RBF,Train,304,199
C3,SVR_RBF,Train,525,1.3279
C3,SVR_RBF,Train,308,175
C3,SVR_RBF,Train,4,100.6216
C3,SVR_RBF,Train,437,0.625
C3,SVR_RBF,Train,531,0.7582
C3,SVR_RBF,Train,165,2.4016
C3,SVR_RBF,Train,474,2.6613
C3,SVR_RBF,Train,409,0.9991
C3,SVR_RBF,Train,627,126.6968
C3,SVR_RBF,Train,567,110.5493
C3,SVR_RBF,Train,280,29.322
C3,SVR_RBF,Train,82,59.9138
C3,SVR_RBF,Train,605,11.3206
C3,SVR_RBF,Train,350,9.2547
C3,SVR_RBF,Train,470,1.9355
C3,SVR_RBF,Train,446,1.68
C3,SVR_RBF,Train,541,0.3471
C3,SVR_RBF,Train,96,18.5037
C3,SVR_RBF,Train,444,1.392
C3,SVR_RBF,Train,154,21.2041
C3,SVR_RBF,Train,582,194.643
C3,SVR_RBF,Train,140,5.2675
C3,SVR_RBF,Train,125,8.0539
C3,SVR_RBF,Train,60,32.1593
C3,SVR_RBF,Train,52,44.2483
C3,SVR_RBF,Train,560,18.6576
C3,SVR_RBF,Train,225,116.4338
C3,SVR_RBF,Train,287,15
C3,SVR_RBF,Train,403,239.2408
C3,SVR_RBF,Train,158,85.5833
C3,SVR_RBF,Train,389,58.658
C3,SVR_RBF,Train,250,35
C3,SVR_RBF,Train,361,7.7554
C3,SVR_RBF,Train,234,0
C3,SVR_RBF,Train,457,0.124
C3,SVR_RBF,Train,66,60.1467
C3,SVR_RBF,Train,523,1.2087
C3,SVR_RBF,Train,639,3.6199
C3,SVR_RBF,Train,390,239.6104
C3,SVR_RBF,Train,369,11.7391
C3,SVR_RBF,Train,360,9.5371
C3,SVR_RBF,Train,215,63.7857
C3,SVR_RBF,Train,98,11.6115
C3,SVR_RBF,Train,207,58.5204
C3,SVR_RBF,Train,464,0.6822
C3,SVR_RBF,Train,208,64.3514
C3,SVR_RBF,Train,538,0.0122
C3,SVR_RBF,Train,276,21.2415
C3,SVR_RBF,Train,264,28
C3,SVR_RBF,Train,214,31.2926
C3,SVR_RBF,Train,169,5.6234
C3,SVR_RBF,Train,668,11.9228
C3,SVR_RBF,Train,284,16.1
C3,SVR_RBF,Train,168,3.4065
C3,SVR_RBF,Train,293,249
C3,SVR_RBF,Train,448,2.4127
C3,SVR_RBF,Train,599,9.4379
C3,SVR_RBF,Train,232,0
C3,SVR_RBF,Train,559,18.6567
C3,SVR_RBF,Train,593,4.2261
C3,SVR_RBF,Train,373,153.8961
C3,SVR_RBF,Train,411,1.8375
C3,SVR_RBF,Train,667,11.2467
C3,SVR_RBF,Train,64,62.9539
C3,SVR_RBF,Train,126,8.924
C3,SVR_RBF,Train,170,6.1214
C3,SVR_RBF,Train,156,57.1515
C3,SVR_RBF,Train,32,130
C3,SVR_RBF,Train,554,23.5187
C3,SVR_RBF,Train,310,160
C3,SVR_RBF,Train,555,24.7525
C3,SVR_RBF,Train,566,97.2533
C3,SVR_RBF,Train,9,198.1857
C3,SVR_RBF,Train,648,11.7647
C3,SVR_RBF,Train,610,190.2757
C3,SVR_RBF,Train,139,4.6607
C3,SVR_RBF,Train,306,199
C3,SVR_RBF,Train,428,4.562
C3,SVR_RBF,Train,551,21.0396
C3,SVR_RBF,Train,53,66.997
C3,SVR_RBF,Train,393,231.8182
C3,SVR_RBF,Train,338,0.1872
C3,SVR_RBF,Train,595,4.6602
C3,SVR_RBF,Train,381,203.2466
C3,SVR_RBF,Train,607,188.4733
C3,SVR_RBF,Train,71,12
C3,SVR_RBF,Train,320,9.6
C3,SVR_RBF,Train,313,110
C3,SVR_RBF,Train,451,2.784
C3,SVR_RBF,Train,530,0.5275
C3,SVR_RBF,Train,162,1.7279
C3,SVR_RBF,Train,144,7.4757
C3,SVR_RBF,Train,65,64.5069
C3,SVR_RBF,Train,513,1.0911
C3,SVR_RBF,Train,590,3.9695
C3,SVR_RBF,Train,167,3.4122
C3,SVR_RBF,Train,153,8.2082
C3,SVR_RBF,Train,67,58.7044
C3,SVR_RBF,Train,10,189.6709
C3,SVR_RBF,Train,576,194.3514
C3,SVR_RBF,Train,422,2.4793
C3,SVR_RBF,Train,309,170
C3,SVR_RBF,Train,348,8.0216
C3,SVR_RBF,Train,563,19.9014
C3,SVR_RBF,Train,653,178.2805
C3,SVR_RBF,Train,585,204.3982
C3,SVR_RBF,Train,471,2.3226
C3,SVR_RBF,Train,180,52.7921
C3,SVR_RBF,Train,611,190.3014
C3,SVR_RBF,Train,103,15.0427
C3,SVR_RBF,Train,472,2.5161
C3,SVR_RBF,Train,467,0.4355
C3,SVR_RBF,Train,54,69.8308
C3,SVR_RBF,Train,506,0.4892
C3,SVR_RBF,Train,175,9.6674
C3,SVR_RBF,Train,469,1.6452
C3,SVR_RBF,Train,594,4.5061
C3,SVR_RBF,Train,606,182.4439
C3,SVR_RBF,Train,136,2.4124
C3,SVR_RBF,Train,500,0.8782
C3,SVR_RBF,Train,528,-0.0329
C3,SVR_RBF,Train,356,10.9285
C3,SVR_RBF,Train,101,8.3687
C3,SVR_RBF,Train,176,3.9349
C3,SVR_RBF,Train,407,0.1875
C3,SVR_RBF,Train,508,0.7214
C3,SVR_RBF,Train,277,25.3552
C3,SVR_RBF,Train,439,0.8125
C3,SVR_RBF,Train,316,9.8
C3,SVR_RBF,Train,486,0.5937
C3,SVR_RBF,Train,110,10
C3,SVR_RBF,Train,44,55.2411
C3,SVR_RBF,Train,452,2.832
C3,SVR_RBF,Train,241,18
C3,SVR_RBF,Train,195,98.0734
C3,SVR_RBF,Train,182,40.2656
C3,SVR_RBF,Train,351,9.76
C3,SVR_RBF,Train,385,266.4502
C3,SVR_RBF,Train,296,210
C3,SVR_RBF,Train,478,0.0625
C3,SVR_RBF,Train,399,206.4592
C3,SVR_RBF,Train,155,42.7149
C3,SVR_RBF,Train,299,160
C3,SVR_RBF,Train,56,71.4614
C3,SVR_RBF,Train,11,55.825
C3,SVR_RBF,Train,178,32.7076
C3,SVR_RBF,Train,603,10.7927
C3,SVR_RBF,Train,663,3.9662
C3,SVR_RBF,Train,5,178.1616
C3,SVR_RBF,Train,263,36
C3,SVR_RBF,Train,300,115
C3,SVR_RBF,Train,669,4.6774
C3,SVR_RBF,Train,315,0
C3,SVR_RBF,Train,518,0.541
C3,SVR_RBF,Train,216,75.6454
C3,SVR_RBF,Train,22,169.1834
C3,SVR_RBF,Train,397,178.0901
C3,SVR_RBF,Train,609,190.1513
C3,SVR_RBF,Train,121,14.8143
C3,SVR_RBF,Train,628,128.5068
C3,SVR_RBF,Train,177,15.8993
C3,SVR_RBF,Train,61,45.1337
C3,SVR_RBF,Train,501,0.8787
C3,SVR_RBF,Train,243,17
C3,SVR_RBF,Train,260,55
C3,SVR_RBF,Train,504,0.3351
C3,SVR_RBF,Train,649,145.2489
C3,SVR_RBF,Train,127,9.7231
C3,SVR_RBF,Train,510,0.9325
C3,SVR_RBF,Train,69,90
C3,SVR_RBF,Train,303,200
C3,SVR_RBF,Train,285,16.1
C3,SVR_RBF,Train,194,88.3651
C3,SVR_RBF,Train,415,2.6875
C3,SVR_RBF,Train,253,26
C3,SVR_RBF,Train,507,0.6363
C3,SVR_RBF,Train,197,16.661
C3,SVR_RBF,Train,84,12.411
C3,SVR_RBF,Train,495,0.439
C3,SVR_RBF,Train,540,0.2479
C3,SVR_RBF,Train,337,0.1123
C3,SVR_RBF,Train,406,0.0568
C3,SVR_RBF,Train,161,95.3006
C3,SVR_RBF,Train,6,196.9007
C3,SVR_RBF,Train,624,113.5747
C3,SVR_RBF,Train,382,176.4069
C3,SVR_RBF,Train,569,117.0022
C3,SVR_RBF,Train,172,8.9135
C3,SVR_RBF,Train,660,19.09
C3,SVR_RBF,Train,666,11.2
C3,SVR_RBF,Train,488,0.6875
C3,SVR_RBF,Train,191,50.0692
C3,SVR_RBF,Train,379,256.0606
C3,SVR_RBF,Train,545,2.9256
C3,SVR_RBF,Train,218,140.1645
C3,SVR_RBF,Train,416,2.75
C3,SVR_RBF,Train,288,14.5
C3,SVR_RBF,Train,187,67.1065
C3,SVR_RBF,Train,163,2.005
C3,SVR_RBF,Train,543,2.033
C3,SVR_RBF,Train,124,4.7621
C3,SVR_RBF,Train,463,0.6518
C3,SVR_RBF,Train,157,70.5282
C3,SVR_RBF,Train,236,0
C3,SVR_RBF,Train,129,11.7748
C3,SVR_RBF,Train,134,4.7968
C3,SVR_RBF,Train,570,120.2191
C3,SVR_RBF,Train,616,32.1267
C3,SVR_RBF,Train,634,177.3756
C3,SVR_RBF,Train,13,164.5415
C3,SVR_RBF,Train,245,15.5
C3,SVR_RBF,Train,347,12.5401
C3,SVR_RBF,Train,7,203.5289
C3,SVR_RBF,Train,332,8.8
C3,SVR_RBF,Train,196,10.8544
C3,SVR_RBF,Train,330,9
C3,SVR_RBF,Train,365,3.4934
C3,SVR_RBF,Train,433,0.25
C3,SVR_RBF,Train,489,0.7188
C3,SVR_RBF,Train,363,5.2402
C3,SVR_RBF,Train,70,30
C3,SVR_RBF,Train,499,0.878
C3,SVR_RBF,Train,36,171.4973
C3,SVR_RBF,Train,211,143.58
C3,SVR_RBF,Train,118,11.7251
C3,SVR_RBF,Train,619,2.2624
C3,SVR_RBF,Train,179,47.5037
C3,SVR_RBF,Train,573,120.9294
C3,SVR_RBF,Train,86,12.286
C3,SVR_RBF,Train,661,12.93
C3,SVR_RBF,Train,79,62.9884
C3,SVR_RBF,Train,143,7.4165
C3,SVR_RBF,Train,524,1.2789
C3,SVR_RBF,Train,380,249.1342
C3,SVR_RBF,Train,423,3.4215
C3,SVR_RBF,Train,357,13.1703
C3,SVR_RBF,Train,184,3.8774
C3,SVR_RBF,Train,352,10.1342
C3,SVR_RBF,Train,492,-0.0488
C3,SVR_RBF,Train,152,8.0988
C3,SVR_RBF,Train,73,2
C3,SVR_RBF,Train,289,14.2
C3,SVR_RBF,Train,16,187.171
C3,SVR_RBF,Train,273,16.5508
C3,SVR_RBF,Train,542,1.0405
C3,SVR_RBF,Train,487,0.6573
C3,SVR_RBF,Train,629,162.4434
C3,SVR_RBF,Train,261,48
C3,SVR_RBF,Train,122,14.0871
C3,SVR_RBF,Train,335,0.1123
C3,SVR_RBF,Train,417,2.7813
C3,SVR_RBF,Train,578,199.8271
C3,SVR_RBF,Train,587,207.3981
C3,SVR_RBF,Train,414,2.5938
C3,SVR_RBF,Train,251,34
C3,SVR_RBF,Train,662,9.42
C3,SVR_RBF,Train,235,0
C3,SVR_RBF,Train,374,151.0303
C3,SVR_RBF,Train,326,8.6
C3,SVR_RBF,Train,281,30.1344
C3,SVR_RBF,Train,620,4.0724
C3,SVR_RBF,Train,90,20.1088
C3,SVR_RBF,Train,419,0.2975
C3,SVR_RBF,Train,453,2.7841
C3,SVR_RBF,Train,592,3.7292
C3,SVR_RBF,Train,479,0.0833
C3,SVR_RBF,Train,562,19.9007
C3,SVR_RBF,Train,618,33.9367
C3,SVR_RBF,Train,133,7.7838
C3,SVR_RBF,Train,483,0.4379
C3,SVR_RBF,Train,391,261.2554
C3,SVR_RBF,Train,18,180.7351
C3,SVR_RBF,Train,396,160.5788
C3,SVR_RBF,Train,355,10.9333
C3,SVR_RBF,Train,636,202.2624
C3,SVR_RBF,Train,547,3.3719
C3,SVR_RBF,Train,204,10.8544
C3,SVR_RBF,Train,468,1.1613
C3,SVR_RBF,Train,561,19.9005
C3,SVR_RBF,Train,183,56.7066
C3,SVR_RBF,Train,159,90.713
C3,SVR_RBF,Train,117,13.7027
C3,SVR_RBF,Train,394,179.8701
C3,SVR_RBF,Train,527,-0.1319
C3,SVR_RBF,Train,371,7.3913
C3,SVR_RBF,Train,333,8.2
C3,SVR_RBF,Train,45,77.8966
C3,SVR_RBF,Train,327,8.9
C3,SVR_RBF,Train,536,1.1869
C3,SVR_RBF,Train,671,5.4793
C3,SVR_RBF,Train,623,4.9773
C3,SVR_RBF,Train,221,16.661
C3,SVR_RBF,Train,512,1.0682
C3,SVR_RBF,Train,206,31.2926
C3,SVR_RBF,Train,612,190.7779
C3,SVR_RBF,Train,466,0.2074
C3,SVR_RBF,Train,346,11.1176
C3,SVR_RBF,Train,233,0
C3,SVR_RBF,Train,532,0.9231
C3,SVR_RBF,Train,370,10.8696
C3,SVR_RBF,Train,475,2.6613
C3,SVR_RBF,Train,87,17.4132
C3,SVR_RBF,Train,534,1.088
C3,SVR_RBF,Train,302,0
C3,SVR_RBF,Train,665,9.5675
C3,SVR_RBF,Train,314,80
C3,SVR_RBF,Train,219,144.8177
C3,SVR_RBF,Train,537,1.1935
C3,SVR_RBF,Train,142,6.9943
C3,SVR_RBF,Train,388,191.9913
C3,SVR_RBF,Train,465,0.6823
C3,SVR_RBF,Train,588,208.3905
C3,SVR_RBF,Train,108,16.7484
C3,SVR_RBF,Train,40,187.7603
C3,SVR_RBF,Train,14,175.7096
C3,SVR_RBF,Train,322,9.6
C3,SVR_RBF,Train,438,0.7813
C3,SVR_RBF,Train,622,4.5249
C3,SVR_RBF,Train,440,0.8125
C3,SVR_RBF,Train,384,246.5368
C3,SVR_RBF,Train,185,19.2773
C3,SVR_RBF,Train,192,60.0842
C3,SVR_RBF,Train,105,13.9905
C3,SVR_RBF,Train,223,60.2934
C3,SVR_RBF,Train,581,202.7626
C3,SVR_RBF,Train,30,178
C3,SVR_RBF,Train,262,43
C3,SVR_RBF,Train,116,12.2315
C3,SVR_RBF,Train,550,18.5644
C3,SVR_RBF,Train,401,222.5413
C3,SVR_RBF,Train,34,143.7129
C3,SVR_RBF,Train,269,14.1204
C3,SVR_RBF,Train,257,62
C3,SVR_RBF,Train,408,0.525
C3,SVR_RBF,Train,43,35.8031
C3,SVR_RBF,Train,517,0.4426
C3,SVR_RBF,Train,247,11
C3,SVR_RBF,Train,529,0.3956
C3,SVR_RBF,Train,97,12.9034
C3,SVR_RBF,Train,655,5.0188
C3,SVR_RBF,Train,584,203.5592
C3,SVR_RBF,Train,462,0.6512
C3,SVR_RBF,Train,637,206.7873
C3,SVR_RBF,Train,557,24.7571
C3,SVR_RBF,Train,443,1.008
C3,SVR_RBF,Train,640,5.4298
C3,SVR_RBF,Train,301,99
C3,SVR_RBF,Train,398,189.0305
C3,SVR_RBF,Train,377,31.8134
C3,SVR_RBF,Train,297,205
C3,SVR_RBF,Train,230,0
C3,SVR_RBF,Train,201,88.117
C3,SVR_RBF,Train,454,-0.0311
C3,SVR_RBF,Train,589,209.3641
C3,SVR_RBF,Train,378,235.2814
C3,SVR_RBF,Train,186,46.1627
C3,SVR_RBF,Train,456,0.0318
C3,SVR_RBF,Train,254,22
C3,SVR_RBF,Train,498,0.7805
C3,SVR_RBF,Train,614,28.5068
C3,SVR_RBF,Train,564,19.9019
C3,SVR_RBF,Train,386,265.5844
C3,SVR_RBF,Train,459,0.3721
C3,SVR_RBF,Train,295,225
C3,SVR_RBF,Train,450,2.74
C3,SVR_RBF,Train,339,0.1497
C3,SVR_RBF,Train,23,185.6084
C3,SVR_RBF,Train,345,10.3316
C3,SVR_RBF,Train,342,3.5187
C3,SVR_RBF,Train,102,14.3145
C3,SVR_RBF,Train,658,13.7265
C3,SVR_RBF,Train,266,9.2885
C3,SVR_RBF,Train,202,105.5386
C3,SVR_RBF,Train,33,75
C3,SVR_RBF,Train,672,7.9032
C3,SVR_RBF,Train,577,199.826
C3,SVR_RBF,Train,112,2
C3,SVR_RBF,Train,94,12.6758
C3,SVR_RBF,Train,47,100.5808
C3,SVR_RBF,Train,26,184.3807
C3,SVR_RBF,Train,552,21.0401
C3,SVR_RBF,Train,317,9.7
C3,SVR_RBF,Train,128,10.5788
C3,SVR_RBF,Train,198,31.2926
C3,SVR_RBF,Train,354,10.8798
C3,SVR_RBF,Train,37,175.4161
C3,SVR_RBF,Train,193,82.2821
C3,SVR_RBF,Train,88,17.5699
C3,SVR_RBF,Train,275,15.5572
C3,SVR_RBF,Train,111,5
C3,SVR_RBF,Train,268,12.5684
C3,SVR_RBF,Train,267,11.5498
C3,SVR_RBF,Train,20,37.4042
C3,SVR_RBF,Train,312,148
C3,SVR_RBF,Train,3,45.9523
C3,SVR_RBF,Train,402,229.0834
C3,SVR_RBF,Train,344,8.8717
C3,SVR_RBF,Train,644,6.7873
C3,SVR_RBF,Train,120,12.3402
C3,SVR_RBF,Train,359,11.4585
C3,SVR_RBF,Train,364,4.7511
C3,SVR_RBF,Train,83,4.2137
C3,SVR_RBF,Train,519,0.7869
C3,SVR_RBF,Train,231,0
C3,SVR_RBF,Train,141,6.4234
C3,SVR_RBF,Train,410,1.375
C3,SVR_RBF,Train,279,28.4955
C3,SVR_RBF,Train,228,0
C3,SVR_RBF,Train,224,79.7532
C3,SVR_RBF,Train,95,19.3671
C3,SVR_RBF,Train,248,35
C3,SVR_RBF,Train,31,145
C3,SVR_RBF,Train,81,56.3548
C3,SVR_RBF,Train,568,114.8951
C3,SVR_RBF,Train,553,23.5149
C3,SVR_RBF,Train,449,2.736
C3,SVR_RBF,Train,387,240.4761
C3,SVR_RBF,Train,174,9.5591
C3,SVR_RBF,Train,630,175.1131
C3,SVR_RBF,Train,240,18
C3,SVR_RBF,Train,358,13.9039
C3,SVR_RBF,Train,19,182.1148
C3,SVR_RBF,Train,645,8.5973
C3,SVR_RBF,Train,189,16.661
C3,SVR_RBF,Train,643,8.5973
C3,SVR_RBF,Train,63,73.8302
C3,SVR_RBF,Train,205,16.661
C3,SVR_RBF,Train,325,8.8
C3,SVR_RBF,Train,329,9.2
C3,SVR_RBF,Train,368,15.2174
C3,SVR_RBF,Train,321,9.6
C3,SVR_RBF,Train,565,19.9022
C3,SVR_RBF,Train,77,62.9884
C3,SVR_RBF,Train,674,4.8387
C3,SVR_RBF,Train,190,31.2926
C3,SVR_RBF,Train,546,3.124
C3,SVR_RBF,Train,580,201.6556
C3,SVR_RBF,Train,328,9
C3,SVR_RBF,Train,343,6.4011
C3,SVR_RBF,Train,324,8
C3,SVR_RBF,Train,35,163.7025
C3,SVR_RBF,Train,657,12.7399
C3,SVR_RBF,Train,400,213.0824
C3,SVR_RBF,Train,298,198
C3,SVR_RBF,Train,509,0.8453
C3,SVR_RBF,Train,426,4.4132
C3,SVR_RBF,Train,119,13.7934
C3,SVR_RBF,Train,642,7.6923
C3,SVR_RBF,Train,74,53.0534
C3,SVR_RBF,Train,602,10.7843
C3,SVR_RBF,Train,574,177.8478
C3,SVR_RBF,Train,106,15.3742
C3,SVR_RBF,Test,458,0.186
C3,SVR_RBF,Test,641,7.2398
C3,SVR_RBF,Test,318,9.6
C3,SVR_RBF,Test,436,0.5022
C3,SVR_RBF,Test,283,16.2
C3,SVR_RBF,Test,24,190.4266
C3,SVR_RBF,Test,473,2.613
C3,SVR_RBF,Test,29,189
C3,SVR_RBF,Test,282,16.3
C3,SVR_RBF,Test,362,6.4279
C3,SVR_RBF,Test,104,11.6415
C3,SVR_RBF,Test,617,33.0317
C3,SVR_RBF,Test,229,0
C3,SVR_RBF,Test,404,250.7447
C3,SVR_RBF,Test,209,111.1716
C3,SVR_RBF,Test,613,190.898
C3,SVR_RBF,Test,621,4.5249
C3,SVR_RBF,Test,604,10.9963
C3,SVR_RBF,Test,659,15.0992
C3,SVR_RBF,Test,600,9.8831
C3,SVR_RBF,Test,670,5.4838
C3,SVR_RBF,Test,526,-0.2037
C3,SVR_RBF,Test,115,13.052
C3,SVR_RBF,Test,635,192.7602
C3,SVR_RBF,Test,434,0.2912
C3,SVR_RBF,Test,59,68.9452
C3,SVR_RBF,Test,503,0.2767
C3,SVR_RBF,Test,631,185.9728
C3,SVR_RBF,Test,270,15.1055
C3,SVR_RBF,Test,259,58
C3,SVR_RBF,Test,625,120.8145
C3,SVR_RBF,Test,367,16.087
C3,SVR_RBF,Test,336,0.1123
C3,SVR_RBF,Test,226,145.1216
C3,SVR_RBF,Test,477,2.7581
C3,SVR_RBF,Test,181,18.4769
C3,SVR_RBF,Test,427,4.5124
C3,SVR_RBF,Test,294,249
C3,SVR_RBF,Test,8,206.3056
C3,SVR_RBF,Test,238,0
C3,SVR_RBF,Test,533,1.0549
C3,SVR_RBF,Test,586,206.4247
C3,SVR_RBF,Test,160,89.7899
C3,SVR_RBF,Test,505,0.4294
C3,SVR_RBF,Test,272,16.0074
C3,SVR_RBF,Test,12,106.0565
C3,SVR_RBF,Test,598,9.1233
C3,SVR_RBF,Test,138,4.1633
C3,SVR_RBF,Test,652,175.5656
C3,SVR_RBF,Test,485,0.5314
C3,SVR_RBF,Test,646,9.9547
C3,SVR_RBF,Test,583,202.3422
C3,SVR_RBF,Test,200,64.3502
C3,SVR_RBF,Test,237,0
C3,SVR_RBF,Test,591,4.8793
C3,SVR_RBF,Test,265,12
C3,SVR_RBF,Test,76,59.3029
C3,SVR_RBF,Test,57,69.7061
C3,SVR_RBF,Test,307,180
C3,SVR_RBF,Test,46,99.3482
C3,SVR_RBF,Test,447,2.16
C3,SVR_RBF,Test,481,0.2188
C3,SVR_RBF,Test,597,5.0142
C3,SVR_RBF,Test,520,0.7869
C3,SVR_RBF,Test,148,7.5219
C3,SVR_RBF,Test,412,2.25
C3,SVR_RBF,Test,246,14
C3,SVR_RBF,Test,255,18
C3,SVR_RBF,Test,575,192.2679
C3,SVR_RBF,Test,114,11.8012
C3,SVR_RBF,Test,441,0.9063
C3,SVR_RBF,Test,405,259.154
C3,SVR_RBF,Test,278,27.2644
C3,SVR_RBF,Test,430,0.125
C3,SVR_RBF,Test,490,-0.453
C3,SVR_RBF,Test,608,189.3702
C3,SVR_RBF,Test,199,52.5128
C3,SVR_RBF,Test,353,10.6981
C3,SVR_RBF,Test,673,5.4839
C3,SVR_RBF,Test,135,3.1846
C3,SVR_RBF,Test,130,13.7867
C3,SVR_RBF,Test,147,7.4193
C3,SVR_RBF,Test,340,0.8984
C3,SVR_RBF,Test,493,0.0876
C3,SVR_RBF,Test,521,0.9836
C3,SVR_RBF,Test,435,0.4375
C3,SVR_RBF,Test,38,183.7787
C3,SVR_RBF,Test,571,121.2021
C3,SVR_RBF,Test,256,15
C3,SVR_RBF,Test,496,0.5853
C3,SVR_RBF,Test,601,10.6555
C3,SVR_RBF,Test,173,9.3506
C3,SVR_RBF,Test,212,10.8544
C3,SVR_RBF,Test,311,150
C3,SVR_RBF,Test,249,35
C3,SVR_RBF,Test,131,10.1205
C3,SVR_RBF,Test,647,11.3122
C3,SVR_RBF,Test,579,200.6631
C3,SVR_RBF,Test,239,18
C3,SVR_RBF,Test,171,6.9537
C3,SVR_RBF,Test,244,16.5
C3,SVR_RBF,Test,334,4.9
C3,SVR_RBF,Test,89,19.6706
C3,SVR_RBF,Test,137,1.8648
C3,SVR_RBF,Test,107,12.3805
C3,SVR_RBF,Test,376,122.7272
C3,SVR_RBF,Test,91,5.3316
C3,SVR_RBF,Test,25,187.3878
C3,SVR_RBF,Test,319,9.6
C3,SVR_RBF,Test,72,10
C3,SVR_RBF,Test,164,2.3002
C3,SVR_RBF,Test,49,102.0029
C3,SVR_RBF,Test,395,51.7316
C3,SVR_RBF,Test,650,159.7285
C3,SVR_RBF,Test,149,7.6785
C3,SVR_RBF,Test,242,18
C3,SVR_RBF,Test,429,4.6612
C3,SVR_RBF,Test,166,2.9654
C3,SVR_RBF,Test,515,0.1475
C3,SVR_RBF,Test,271,15.6958
C3,SVR_RBF,Test,292,249
C3,SVR_RBF,Test,491,-0.2089
C3,SVR_RBF,Test,100,6.0072
C3,SVR_RBF,Test,39,184.0091
C3,SVR_RBF,Test,145,7.5232
C3,SVR_RBF,Test,549,3.4711
C3,SVR_RBF,Test,227,154.6933
C3,SVR_RBF,Test,615,30.3167
C3,SVR_RBF,Test,502,0.0911
C3,SVR_RBF,Test,420,1.1893
C3,SVR_RBF,Test,476,2.6625
C3,SVR_RBF,Test,372,140.919
C3,SVR_RBF,Test,151,8.0482
C3,SVR_RBF,Test,68,59.7839
C3,SVR_RBF,Test,556,24.7564
C3,ExtraTreesRegressor,Train,424,4.0661
C3,ExtraTreesRegressor,Train,146,7.4684
C3,ExtraTreesRegressor,Train,93,15.107
C3,ExtraTreesRegressor,Train,323,9.5
C3,ExtraTreesRegressor,Train,539,0.0157
C3,ExtraTreesRegressor,Train,99,10.9416
C3,ExtraTreesRegressor,Train,92,5.6837
C3,ExtraTreesRegressor,Train,28,192.4421
C3,ExtraTreesRegressor,Train,258,62
C3,ExtraTreesRegressor,Train,632,190.4977
C3,ExtraTreesRegressor,Train,366,11.7391
C3,ExtraTreesRegressor,Train,150,7.8279
C3,ExtraTreesRegressor,Train,572,121.0705
C3,ExtraTreesRegressor,Train,638,208.5973
C3,ExtraTreesRegressor,Train,421,1.8843
C3,ExtraTreesRegressor,Train,27,188.2349
C3,ExtraTreesRegressor,Train,50,99.7175
C3,ExtraTreesRegressor,Train,286,16
C3,ExtraTreesRegressor,Train,213,16.661
C3,ExtraTreesRegressor,Train,445,1.4355
C3,ExtraTreesRegressor,Train,252,31
C3,ExtraTreesRegressor,Train,85,7.7779
C3,ExtraTreesRegressor,Train,461,0.5271
C3,ExtraTreesRegressor,Train,455,0.0117
C3,ExtraTreesRegressor,Train,375,137.4459
C3,ExtraTreesRegressor,Train,210,132.1477
C3,ExtraTreesRegressor,Train,290,11.9
C3,ExtraTreesRegressor,Train,15,186.1441
C3,ExtraTreesRegressor,Train,535,1.1538
C3,ExtraTreesRegressor,Train,596,4.6697
C3,ExtraTreesRegressor,Train,514,0.0991
C3,ExtraTreesRegressor,Train,651,168.7782
C3,ExtraTreesRegressor,Train,62,67.104
C3,ExtraTreesRegressor,Train,58,70.945
C3,ExtraTreesRegressor,Train,78,62.2973
C3,ExtraTreesRegressor,Train,274,16.7407
C3,ExtraTreesRegressor,Train,418,0.0232
C3,ExtraTreesRegressor,Train,522,1.1411
C3,ExtraTreesRegressor,Train,516,0.3443
C3,ExtraTreesRegressor,Train,633,193.6651
C3,ExtraTreesRegressor,Train,656,9.8231
C3,ExtraTreesRegressor,Train,431,0.1437
C3,ExtraTreesRegressor,Train,51,36.1086
C3,ExtraTreesRegressor,Train,497,0.7317
C3,ExtraTreesRegressor,Train,425,4.3637
C3,ExtraTreesRegressor,Train,331,8.9
C3,ExtraTreesRegressor,Train,413,2.5006
C3,ExtraTreesRegressor,Train,109,15
C3,ExtraTreesRegressor,Train,42,187.2488
C3,ExtraTreesRegressor,Train,75,54.9536
C3,ExtraTreesRegressor,Train,432,0.1875
C3,ExtraTreesRegressor,Train,626,123.9819
C3,ExtraTreesRegressor,Train,480,0.1562
C3,ExtraTreesRegressor,Train,222,31.2926
C3,ExtraTreesRegressor,Train,442,0.0274
C3,ExtraTreesRegressor,Train,460,0.4651
C3,ExtraTreesRegressor,Train,21,106.0925
C3,ExtraTreesRegressor,Train,55,75.5317
C3,ExtraTreesRegressor,Train,291,250
C3,ExtraTreesRegressor,Train,217,110.3519
C3,ExtraTreesRegressor,Train,392,258.758
C3,ExtraTreesRegressor,Train,544,2.5785
C3,ExtraTreesRegressor,Train,203,128.8589
C3,ExtraTreesRegressor,Train,305,199
C3,ExtraTreesRegressor,Train,664,8.0733
C3,ExtraTreesRegressor,Train,558,14.9253
C3,ExtraTreesRegressor,Train,113,1
C3,ExtraTreesRegressor,Train,188,10.8544
C3,ExtraTreesRegressor,Train,220,10.8544
C3,ExtraTreesRegressor,Train,80,64.4519
C3,ExtraTreesRegressor,Train,383,50.8758
C3,ExtraTreesRegressor,Train,41,187.5173
C3,ExtraTreesRegressor,Train,654,2.3164
C3,ExtraTreesRegressor,Train,548,3.3721
C3,ExtraTreesRegressor,Train,484,0.4688
C3,ExtraTreesRegressor,Train,17,182.9271
C3,ExtraTreesRegressor,Train,123,1.9281
C3,ExtraTreesRegressor,Train,132,10.8016
C3,ExtraTreesRegressor,Train,341,1.9465
C3,ExtraTreesRegressor,Train,511,1.0309
C3,ExtraTreesRegressor,Train,482,0.2813
C3,ExtraTreesRegressor,Train,48,107.2474
C3,ExtraTreesRegressor,Train,349,8.6133
C3,ExtraTreesRegressor,Train,494,0.1951
C3,ExtraTreesRegressor,Train,304,199
C3,ExtraTreesRegressor,Train,525,1.3279
C3,ExtraTreesRegressor,Train,308,175
C3,ExtraTreesRegressor,Train,4,100.6216
C3,ExtraTreesRegressor,Train,437,0.625
C3,ExtraTreesRegressor,Train,531,0.7582
C3,ExtraTreesRegressor,Train,165,2.4016
C3,ExtraTreesRegressor,Train,474,2.6613
C3,ExtraTreesRegressor,Train,409,0.9991
C3,ExtraTreesRegressor,Train,627,126.6968
C3,ExtraTreesRegressor,Train,567,110.5493
C3,ExtraTreesRegressor,Train,280,29.322
C3,ExtraTreesRegressor,Train,82,59.9138
C3,ExtraTreesRegressor,Train,605,11.3206
C3,ExtraTreesRegressor,Train,350,9.2547
C3,ExtraTreesRegressor,Train,470,1.9355
C3,ExtraTreesRegressor,Train,446,1.68
C3,ExtraTreesRegressor,Train,541,0.3471
C3,ExtraTreesRegressor,Train,96,18.5037
C3,ExtraTreesRegressor,Train,444,1.392
C3,ExtraTreesRegressor,Train,154,21.2041
C3,ExtraTreesRegressor,Train,582,194.643
C3,ExtraTreesRegressor,Train,140,5.2675
C3,ExtraTreesRegressor,Train,125,8.0539
C3,ExtraTreesRegressor,Train,60,32.1593
C3,ExtraTreesRegressor,Train,52,44.2483
C3,ExtraTreesRegressor,Train,560,18.6576
C3,ExtraTreesRegressor,Train,225,116.4338
C3,ExtraTreesRegressor,Train,287,15
C3,ExtraTreesRegressor,Train,403,239.2408
C3,ExtraTreesRegressor,Train,158,85.5833
C3,ExtraTreesRegressor,Train,389,58.658
C3,ExtraTreesRegressor,Train,250,35
C3,ExtraTreesRegressor,Train,361,7.7554
C3,ExtraTreesRegressor,Train,234,0
C3,ExtraTreesRegressor,Train,457,0.124
C3,ExtraTreesRegressor,Train,66,60.1467
C3,ExtraTreesRegressor,Train,523,1.2087
C3,ExtraTreesRegressor,Train,639,3.6199
C3,ExtraTreesRegressor,Train,390,239.6104
C3,ExtraTreesRegressor,Train,369,11.7391
C3,ExtraTreesRegressor,Train,360,9.5371
C3,ExtraTreesRegressor,Train,215,63.7857
C3,ExtraTreesRegressor,Train,98,11.6115
C3,ExtraTreesRegressor,Train,207,58.5204
C3,ExtraTreesRegressor,Train,464,0.6822
C3,ExtraTreesRegressor,Train,208,64.3514
C3,ExtraTreesRegressor,Train,538,0.0122
C3,ExtraTreesRegressor,Train,276,21.2415
C3,ExtraTreesRegressor,Train,264,28
C3,ExtraTreesRegressor,Train,214,31.2926
C3,ExtraTreesRegressor,Train,169,5.6234
C3,ExtraTreesRegressor,Train,668,11.9228
C3,ExtraTreesRegressor,Train,284,16.1
C3,ExtraTreesRegressor,Train,168,3.4065
C3,ExtraTreesRegressor,Train,293,249
C3,ExtraTreesRegressor,Train,448,2.4127
C3,ExtraTreesRegressor,Train,599,9.4379
C3,ExtraTreesRegressor,Train,232,0
C3,ExtraTreesRegressor,Train,559,18.6567
C3,ExtraTreesRegressor,Train,593,4.2261
C3,ExtraTreesRegressor,Train,373,153.8961
C3,ExtraTreesRegressor,Train,411,1.8375
C3,ExtraTreesRegressor,Train,667,11.2467
C3,ExtraTreesRegressor,Train,64,62.9539
C3,ExtraTreesRegressor,Train,126,8.924
C3,ExtraTreesRegressor,Train,170,6.1214
C3,ExtraTreesRegressor,Train,156,57.1515
C3,ExtraTreesRegressor,Train,32,130
C3,ExtraTreesRegressor,Train,554,23.5187
C3,ExtraTreesRegressor,Train,310,160
C3,ExtraTreesRegressor,Train,555,24.7525
C3,ExtraTreesRegressor,Train,566,97.2533
C3,ExtraTreesRegressor,Train,9,198.1857
C3,ExtraTreesRegressor,Train,648,11.7647
C3,ExtraTreesRegressor,Train,610,190.2757
C3,ExtraTreesRegressor,Train,139,4.6607
C3,ExtraTreesRegressor,Train,306,199
C3,ExtraTreesRegressor,Train,428,4.562
C3,ExtraTreesRegressor,Train,551,21.0396
C3,ExtraTreesRegressor,Train,53,66.997
C3,ExtraTreesRegressor,Train,393,231.8182
C3,ExtraTreesRegressor,Train,338,0.1872
C3,ExtraTreesRegressor,Train,595,4.6602
C3,ExtraTreesRegressor,Train,381,203.2466
C3,ExtraTreesRegressor,Train,607,188.4733
C3,ExtraTreesRegressor,Train,71,12
C3,ExtraTreesRegressor,Train,320,9.6
C3,ExtraTreesRegressor,Train,313,110
C3,ExtraTreesRegressor,Train,451,2.784
C3,ExtraTreesRegressor,Train,530,0.5275
C3,ExtraTreesRegressor,Train,162,1.7279
C3,ExtraTreesRegressor,Train,144,7.4757
C3,ExtraTreesRegressor,Train,65,64.5069
C3,ExtraTreesRegressor,Train,513,1.0911
C3,ExtraTreesRegressor,Train,590,3.9695
C3,ExtraTreesRegressor,Train,167,3.4122
C3,ExtraTreesRegressor,Train,153,8.2082
C3,ExtraTreesRegressor,Train,67,58.7044
C3,ExtraTreesRegressor,Train,10,189.6709
C3,ExtraTreesRegressor,Train,576,194.3514
C3,ExtraTreesRegressor,Train,422,2.4793
C3,ExtraTreesRegressor,Train,309,170
C3,ExtraTreesRegressor,Train,348,8.0216
C3,ExtraTreesRegressor,Train,563,19.9014
C3,ExtraTreesRegressor,Train,653,178.2805
C3,ExtraTreesRegressor,Train,585,204.3982
C3,ExtraTreesRegressor,Train,471,2.3226
C3,ExtraTreesRegressor,Train,180,52.7921
C3,ExtraTreesRegressor,Train,611,190.3014
C3,ExtraTreesRegressor,Train,103,15.0427
C3,ExtraTreesRegressor,Train,472,2.5161
C3,ExtraTreesRegressor,Train,467,0.4355
C3,ExtraTreesRegressor,Train,54,69.8308
C3,ExtraTreesRegressor,Train,506,0.4892
C3,ExtraTreesRegressor,Train,175,9.6674
C3,ExtraTreesRegressor,Train,469,1.6452
C3,ExtraTreesRegressor,Train,594,4.5061
C3,ExtraTreesRegressor,Train,606,182.4439
C3,ExtraTreesRegressor,Train,136,2.4124
C3,ExtraTreesRegressor,Train,500,0.8782
C3,ExtraTreesRegressor,Train,528,-0.0329
C3,ExtraTreesRegressor,Train,356,10.9285
C3,ExtraTreesRegressor,Train,101,8.3687
C3,ExtraTreesRegressor,Train,176,3.9349
C3,ExtraTreesRegressor,Train,407,0.1875
C3,ExtraTreesRegressor,Train,508,0.7214
C3,ExtraTreesRegressor,Train,277,25.3552
C3,ExtraTreesRegressor,Train,439,0.8125
C3,ExtraTreesRegressor,Train,316,9.8
C3,ExtraTreesRegressor,Train,486,0.5937
C3,ExtraTreesRegressor,Train,110,10
C3,ExtraTreesRegressor,Train,44,55.2411
C3,ExtraTreesRegressor,Train,452,2.832
C3,ExtraTreesRegressor,Train,241,18
C3,ExtraTreesRegressor,Train,195,98.0734
C3,ExtraTreesRegressor,Train,182,40.2656
C3,ExtraTreesRegressor,Train,351,9.76
C3,ExtraTreesRegressor,Train,385,266.4502
C3,ExtraTreesRegressor,Train,296,210
C3,ExtraTreesRegressor,Train,478,0.0625
C3,ExtraTreesRegressor,Train,399,206.4592
C3,ExtraTreesRegressor,Train,155,42.7149
C3,ExtraTreesRegressor,Train,299,160
C3,ExtraTreesRegressor,Train,56,71.4614
C3,ExtraTreesRegressor,Train,11,55.825
C3,ExtraTreesRegressor,Train,178,32.7076
C3,ExtraTreesRegressor,Train,603,10.7927
C3,ExtraTreesRegressor,Train,663,3.9662
C3,ExtraTreesRegressor,Train,5,178.1616
C3,ExtraTreesRegressor,Train,263,36
C3,ExtraTreesRegressor,Train,300,115
C3,ExtraTreesRegressor,Train,669,4.6774
C3,ExtraTreesRegressor,Train,315,0
C3,ExtraTreesRegressor,Train,518,0.541
C3,ExtraTreesRegressor,Train,216,75.6454
C3,ExtraTreesRegressor,Train,22,169.1834
C3,ExtraTreesRegressor,Train,397,178.0901
C3,ExtraTreesRegressor,Train,609,190.1513
C3,ExtraTreesRegressor,Train,121,14.8143
C3,ExtraTreesRegressor,Train,628,128.5068
C3,ExtraTreesRegressor,Train,177,15.8993
C3,ExtraTreesRegressor,Train,61,45.1337
C3,ExtraTreesRegressor,Train,501,0.8787
C3,ExtraTreesRegressor,Train,243,17
C3,ExtraTreesRegressor,Train,260,55
C3,ExtraTreesRegressor,Train,504,0.3351
C3,ExtraTreesRegressor,Train,649,145.2489
C3,ExtraTreesRegressor,Train,127,9.7231
C3,ExtraTreesRegressor,Train,510,0.9325
C3,ExtraTreesRegressor,Train,69,90
C3,ExtraTreesRegressor,Train,303,200
C3,ExtraTreesRegressor,Train,285,16.1
C3,ExtraTreesRegressor,Train,194,88.3651
C3,ExtraTreesRegressor,Train,415,2.6875
C3,ExtraTreesRegressor,Train,253,26
C3,ExtraTreesRegressor,Train,507,0.6363
C3,ExtraTreesRegressor,Train,197,16.661
C3,ExtraTreesRegressor,Train,84,12.411
C3,ExtraTreesRegressor,Train,495,0.439
C3,ExtraTreesRegressor,Train,540,0.2479
C3,ExtraTreesRegressor,Train,337,0.1123
C3,ExtraTreesRegressor,Train,406,0.0568
C3,ExtraTreesRegressor,Train,161,95.3006
C3,ExtraTreesRegressor,Train,6,196.9007
C3,ExtraTreesRegressor,Train,624,113.5747
C3,ExtraTreesRegressor,Train,382,176.4069
C3,ExtraTreesRegressor,Train,569,117.0022
C3,ExtraTreesRegressor,Train,172,8.9135
C3,ExtraTreesRegressor,Train,660,19.09
C3,ExtraTreesRegressor,Train,666,11.2
C3,ExtraTreesRegressor,Train,488,0.6875
C3,ExtraTreesRegressor,Train,191,50.0692
C3,ExtraTreesRegressor,Train,379,256.0606
C3,ExtraTreesRegressor,Train,545,2.9256
C3,ExtraTreesRegressor,Train,218,140.1645
C3,ExtraTreesRegressor,Train,416,2.75
C3,ExtraTreesRegressor,Train,288,14.5
C3,ExtraTreesRegressor,Train,187,67.1065
C3,ExtraTreesRegressor,Train,163,2.005
C3,ExtraTreesRegressor,Train,543,2.033
C3,ExtraTreesRegressor,Train,124,4.7621
C3,ExtraTreesRegressor,Train,463,0.6518
C3,ExtraTreesRegressor,Train,157,70.5282
C3,ExtraTreesRegressor,Train,236,0
C3,ExtraTreesRegressor,Train,129,11.7748
C3,ExtraTreesRegressor,Train,134,4.7968
C3,ExtraTreesRegressor,Train,570,120.2191
C3,ExtraTreesRegressor,Train,616,32.1267
C3,ExtraTreesRegressor,Train,634,177.3756
C3,ExtraTreesRegressor,Train,13,164.5415
C3,ExtraTreesRegressor,Train,245,15.5
C3,ExtraTreesRegressor,Train,347,12.5401
C3,ExtraTreesRegressor,Train,7,203.5289
C3,ExtraTreesRegressor,Train,332,8.8
C3,ExtraTreesRegressor,Train,196,10.8544
C3,ExtraTreesRegressor,Train,330,9
C3,ExtraTreesRegressor,Train,365,3.4934
C3,ExtraTreesRegressor,Train,433,0.25
C3,ExtraTreesRegressor,Train,489,0.7188
C3,ExtraTreesRegressor,Train,363,5.2402
C3,ExtraTreesRegressor,Train,70,30
C3,ExtraTreesRegressor,Train,499,0.878
C3,ExtraTreesRegressor,Train,36,171.4973
C3,ExtraTreesRegressor,Train,211,143.58
C3,ExtraTreesRegressor,Train,118,11.7251
C3,ExtraTreesRegressor,Train,619,2.2624
C3,ExtraTreesRegressor,Train,179,47.5037
C3,ExtraTreesRegressor,Train,573,120.9294
C3,ExtraTreesRegressor,Train,86,12.286
C3,ExtraTreesRegressor,Train,661,12.93
C3,ExtraTreesRegressor,Train,79,62.9884
C3,ExtraTreesRegressor,Train,143,7.4165
C3,ExtraTreesRegressor,Train,524,1.2789
C3,ExtraTreesRegressor,Train,380,249.1342
C3,ExtraTreesRegressor,Train,423,3.4215
C3,ExtraTreesRegressor,Train,357,13.1703
C3,ExtraTreesRegressor,Train,184,3.8774
C3,ExtraTreesRegressor,Train,352,10.1342
C3,ExtraTreesRegressor,Train,492,-0.0488
C3,ExtraTreesRegressor,Train,152,8.0988
C3,ExtraTreesRegressor,Train,73,2
C3,ExtraTreesRegressor,Train,289,14.2
C3,ExtraTreesRegressor,Train,16,187.171
C3,ExtraTreesRegressor,Train,273,16.5508
C3,ExtraTreesRegressor,Train,542,1.0405
C3,ExtraTreesRegressor,Train,487,0.6573
C3,ExtraTreesRegressor,Train,629,162.4434
C3,ExtraTreesRegressor,Train,261,48
C3,ExtraTreesRegressor,Train,122,14.0871
C3,ExtraTreesRegressor,Train,335,0.1123
C3,ExtraTreesRegressor,Train,417,2.7813
C3,ExtraTreesRegressor,Train,578,199.8271
C3,ExtraTreesRegressor,Train,587,207.3981
C3,ExtraTreesRegressor,Train,414,2.5938
C3,ExtraTreesRegressor,Train,251,34
C3,ExtraTreesRegressor,Train,662,9.42
C3,ExtraTreesRegressor,Train,235,0
C3,ExtraTreesRegressor,Train,374,151.0303
C3,ExtraTreesRegressor,Train,326,8.6
C3,ExtraTreesRegressor,Train,281,30.1344
C3,ExtraTreesRegressor,Train,620,4.0724
C3,ExtraTreesRegressor,Train,90,20.1088
C3,ExtraTreesRegressor,Train,419,0.2975
C3,ExtraTreesRegressor,Train,453,2.7841
C3,ExtraTreesRegressor,Train,592,3.7292
C3,ExtraTreesRegressor,Train,479,0.0833
C3,ExtraTreesRegressor,Train,562,19.9007
C3,ExtraTreesRegressor,Train,618,33.9367
C3,ExtraTreesRegressor,Train,133,7.7838
C3,ExtraTreesRegressor,Train,483,0.4379
C3,ExtraTreesRegressor,Train,391,261.2554
C3,ExtraTreesRegressor,Train,18,180.7351
C3,ExtraTreesRegressor,Train,396,160.5788
C3,ExtraTreesRegressor,Train,355,10.9333
C3,ExtraTreesRegressor,Train,636,202.2624
C3,ExtraTreesRegressor,Train,547,3.3719
C3,ExtraTreesRegressor,Train,204,10.8544
C3,ExtraTreesRegressor,Train,468,1.1613
C3,ExtraTreesRegressor,Train,561,19.9005
C3,ExtraTreesRegressor,Train,183,56.7066
C3,ExtraTreesRegressor,Train,159,90.713
C3,ExtraTreesRegressor,Train,117,13.7027
C3,ExtraTreesRegressor,Train,394,179.8701
C3,ExtraTreesRegressor,Train,527,-0.1319
C3,ExtraTreesRegressor,Train,371,7.3913
C3,ExtraTreesRegressor,Train,333,8.2
C3,ExtraTreesRegressor,Train,45,77.8966
C3,ExtraTreesRegressor,Train,327,8.9
C3,ExtraTreesRegressor,Train,536,1.1869
C3,ExtraTreesRegressor,Train,671,5.4793
C3,ExtraTreesRegressor,Train,623,4.9773
C3,ExtraTreesRegressor,Train,221,16.661
C3,ExtraTreesRegressor,Train,512,1.0682
C3,ExtraTreesRegressor,Train,206,31.2926
C3,ExtraTreesRegressor,Train,612,190.7779
C3,ExtraTreesRegressor,Train,466,0.2074
C3,ExtraTreesRegressor,Train,346,11.1176
C3,ExtraTreesRegressor,Train,233,0
C3,ExtraTreesRegressor,Train,532,0.9231
C3,ExtraTreesRegressor,Train,370,10.8696
C3,ExtraTreesRegressor,Train,475,2.6613
C3,ExtraTreesRegressor,Train,87,17.4132
C3,ExtraTreesRegressor,Train,534,1.088
C3,ExtraTreesRegressor,Train,302,0
C3,ExtraTreesRegressor,Train,665,9.5675
C3,ExtraTreesRegressor,Train,314,80
C3,ExtraTreesRegressor,Train,219,144.8177
C3,ExtraTreesRegressor,Train,537,1.1935
C3,ExtraTreesRegressor,Train,142,6.9943
C3,ExtraTreesRegressor,Train,388,191.9913
C3,ExtraTreesRegressor,Train,465,0.6823
C3,ExtraTreesRegressor,Train,588,208.3905
C3,ExtraTreesRegressor,Train,108,16.7484
C3,ExtraTreesRegressor,Train,40,187.7603
C3,ExtraTreesRegressor,Train,14,175.7096
C3,ExtraTreesRegressor,Train,322,9.6
C3,ExtraTreesRegressor,Train,438,0.7813
C3,ExtraTreesRegressor,Train,622,4.5249
C3,ExtraTreesRegressor,Train,440,0.8125
C3,ExtraTreesRegressor,Train,384,246.5368
C3,ExtraTreesRegressor,Train,185,19.2773
C3,ExtraTreesRegressor,Train,192,60.0842
C3,ExtraTreesRegressor,Train,105,13.9905
C3,ExtraTreesRegressor,Train,223,60.2934
C3,ExtraTreesRegressor,Train,581,202.7626
C3,ExtraTreesRegressor,Train,30,178
C3,ExtraTreesRegressor,Train,262,43
C3,ExtraTreesRegressor,Train,116,12.2315
C3,ExtraTreesRegressor,Train,550,18.5644
C3,ExtraTreesRegressor,Train,401,222.5413
C3,ExtraTreesRegressor,Train,34,143.7129
C3,ExtraTreesRegressor,Train,269,14.1204
C3,ExtraTreesRegressor,Train,257,62
C3,ExtraTreesRegressor,Train,408,0.525
C3,ExtraTreesRegressor,Train,43,35.8031
C3,ExtraTreesRegressor,Train,517,0.4426
C3,ExtraTreesRegressor,Train,247,11
C3,ExtraTreesRegressor,Train,529,0.3956
C3,ExtraTreesRegressor,Train,97,12.9034
C3,ExtraTreesRegressor,Train,655,5.0188
C3,ExtraTreesRegressor,Train,584,203.5592
C3,ExtraTreesRegressor,Train,462,0.6512
C3,ExtraTreesRegressor,Train,637,206.7873
C3,ExtraTreesRegressor,Train,557,24.7571
C3,ExtraTreesRegressor,Train,443,1.008
C3,ExtraTreesRegressor,Train,640,5.4298
C3,ExtraTreesRegressor,Train,301,99
C3,ExtraTreesRegressor,Train,398,189.0305
C3,ExtraTreesRegressor,Train,377,31.8134
C3,ExtraTreesRegressor,Train,297,205
C3,ExtraTreesRegressor,Train,230,0
C3,ExtraTreesRegressor,Train,201,88.117
C3,ExtraTreesRegressor,Train,454,-0.0311
C3,ExtraTreesRegressor,Train,589,209.3641
C3,ExtraTreesRegressor,Train,378,235.2814
C3,ExtraTreesRegressor,Train,186,46.1627
C3,ExtraTreesRegressor,Train,456,0.0318
C3,ExtraTreesRegressor,Train,254,22
C3,ExtraTreesRegressor,Train,498,0.7805
C3,ExtraTreesRegressor,Train,614,28.5068
C3,ExtraTreesRegressor,Train,564,19.9019
C3,ExtraTreesRegressor,Train,386,265.5844
C3,ExtraTreesRegressor,Train,459,0.3721
C3,ExtraTreesRegressor,Train,295,225
C3,ExtraTreesRegressor,Train,450,2.74
C3,ExtraTreesRegressor,Train,339,0.1497
C3,ExtraTreesRegressor,Train,23,185.6084
C3,ExtraTreesRegressor,Train,345,10.3316
C3,ExtraTreesRegressor,Train,342,3.5187
C3,ExtraTreesRegressor,Train,102,14.3145
C3,ExtraTreesRegressor,Train,658,13.7265
C3,ExtraTreesRegressor,Train,266,9.2885
C3,ExtraTreesRegressor,Train,202,105.5386
C3,ExtraTreesRegressor,Train,33,75
C3,ExtraTreesRegressor,Train,672,7.9032
C3,ExtraTreesRegressor,Train,577,199.826
C3,ExtraTreesRegressor,Train,112,2
C3,ExtraTreesRegressor,Train,94,12.6758
C3,ExtraTreesRegressor,Train,47,100.5808
C3,ExtraTreesRegressor,Train,26,184.3807
C3,ExtraTreesRegressor,Train,552,21.0401
C3,ExtraTreesRegressor,Train,317,9.7
C3,ExtraTreesRegressor,Train,128,10.5788
C3,ExtraTreesRegressor,Train,198,31.2926
C3,ExtraTreesRegressor,Train,354,10.8798
C3,ExtraTreesRegressor,Train,37,175.4161
C3,ExtraTreesRegressor,Train,193,82.2821
C3,ExtraTreesRegressor,Train,88,17.5699
C3,ExtraTreesRegressor,Train,275,15.5572
C3,ExtraTreesRegressor,Train,111,5
C3,ExtraTreesRegressor,Train,268,12.5684
C3,ExtraTreesRegressor,Train,267,11.5498
C3,ExtraTreesRegressor,Train,20,37.4042
C3,ExtraTreesRegressor,Train,312,148
C3,ExtraTreesRegressor,Train,3,45.9523
C3,ExtraTreesRegressor,Train,402,229.0834
C3,ExtraTreesRegressor,Train,344,8.8717
C3,ExtraTreesRegressor,Train,644,6.7873
C3,ExtraTreesRegressor,Train,120,12.3402
C3,ExtraTreesRegressor,Train,359,11.4585
C3,ExtraTreesRegressor,Train,364,4.7511
C3,ExtraTreesRegressor,Train,83,4.2137
C3,ExtraTreesRegressor,Train,519,0.7869
C3,ExtraTreesRegressor,Train,231,0
C3,ExtraTreesRegressor,Train,141,6.4234
C3,ExtraTreesRegressor,Train,410,1.375
C3,ExtraTreesRegressor,Train,279,28.4955
C3,ExtraTreesRegressor,Train,228,0
C3,ExtraTreesRegressor,Train,224,79.7532
C3,ExtraTreesRegressor,Train,95,19.3671
C3,ExtraTreesRegressor,Train,248,35
C3,ExtraTreesRegressor,Train,31,145
C3,ExtraTreesRegressor,Train,81,56.3548
C3,ExtraTreesRegressor,Train,568,114.8951
C3,ExtraTreesRegressor,Train,553,23.5149
C3,ExtraTreesRegressor,Train,449,2.736
C3,ExtraTreesRegressor,Train,387,240.4761
C3,ExtraTreesRegressor,Train,174,9.5591
C3,ExtraTreesRegressor,Train,630,175.1131
C3,ExtraTreesRegressor,Train,240,18
C3,ExtraTreesRegressor,Train,358,13.9039
C3,ExtraTreesRegressor,Train,19,182.1148
C3,ExtraTreesRegressor,Train,645,8.5973
C3,ExtraTreesRegressor,Train,189,16.661
C3,ExtraTreesRegressor,Train,643,8.5973
C3,ExtraTreesRegressor,Train,63,73.8302
C3,ExtraTreesRegressor,Train,205,16.661
C3,ExtraTreesRegressor,Train,325,8.8
C3,ExtraTreesRegressor,Train,329,9.2
C3,ExtraTreesRegressor,Train,368,15.2174
C3,ExtraTreesRegressor,Train,321,9.6
C3,ExtraTreesRegressor,Train,565,19.9022
C3,ExtraTreesRegressor,Train,77,62.9884
C3,ExtraTreesRegressor,Train,674,4.8387
C3,ExtraTreesRegressor,Train,190,31.2926
C3,ExtraTreesRegressor,Train,546,3.124
C3,ExtraTreesRegressor,Train,580,201.6556
C3,ExtraTreesRegressor,Train,328,9
C3,ExtraTreesRegressor,Train,343,6.4011
C3,ExtraTreesRegressor,Train,324,8
C3,ExtraTreesRegressor,Train,35,163.7025
C3,ExtraTreesRegressor,Train,657,12.7399
C3,ExtraTreesRegressor,Train,400,213.0824
C3,ExtraTreesRegressor,Train,298,198
C3,ExtraTreesRegressor,Train,509,0.8453
C3,ExtraTreesRegressor,Train,426,4.4132
C3,ExtraTreesRegressor,Train,119,13.7934
C3,ExtraTreesRegressor,Train,642,7.6923
C3,ExtraTreesRegressor,Train,74,53.0534
C3,ExtraTreesRegressor,Train,602,10.7843
C3,ExtraTreesRegressor,Train,574,177.8478
C3,ExtraTreesRegressor,Train,106,15.3742
C3,ExtraTreesRegressor,Test,458,0.186
C3,ExtraTreesRegressor,Test,641,7.2398
C3,ExtraTreesRegressor,Test,318,9.6
C3,ExtraTreesRegressor,Test,436,0.5022
C3,ExtraTreesRegressor,Test,283,16.2
C3,ExtraTreesRegressor,Test,24,190.4266
C3,ExtraTreesRegressor,Test,473,2.613
C3,ExtraTreesRegressor,Test,29,189
C3,ExtraTreesRegressor,Test,282,16.3
C3,ExtraTreesRegressor,Test,362,6.4279
C3,ExtraTreesRegressor,Test,104,11.6415
C3,ExtraTreesRegressor,Test,617,33.0317
C3,ExtraTreesRegressor,Test,229,0
C3,ExtraTreesRegressor,Test,404,250.7447
C3,ExtraTreesRegressor,Test,209,111.1716
C3,ExtraTreesRegressor,Test,613,190.898
C3,ExtraTreesRegressor,Test,621,4.5249
C3,ExtraTreesRegressor,Test,604,10.9963
C3,ExtraTreesRegressor,Test,659,15.0992
C3,ExtraTreesRegressor,Test,600,9.8831
C3,ExtraTreesRegressor,Test,670,5.4838
C3,ExtraTreesRegressor,Test,526,-0.2037
C3,ExtraTreesRegressor,Test,115,13.052
C3,ExtraTreesRegressor,Test,635,192.7602
C3,ExtraTreesRegressor,Test,434,0.2912
C3,ExtraTreesRegressor,Test,59,68.9452
C3,ExtraTreesRegressor,Test,503,0.2767
C3,ExtraTreesRegressor,Test,631,185.9728
C3,ExtraTreesRegressor,Test,270,15.1055
C3,ExtraTreesRegressor,Test,259,58
C3,ExtraTreesRegressor,Test,625,120.8145
C3,ExtraTreesRegressor,Test,367,16.087
C3,ExtraTreesRegressor,Test,336,0.1123
C3,ExtraTreesRegressor,Test,226,145.1216
C3,ExtraTreesRegressor,Test,477,2.7581
C3,ExtraTreesRegressor,Test,181,18.4769
C3,ExtraTreesRegressor,Test,427,4.5124
C3,ExtraTreesRegressor,Test,294,249
C3,ExtraTreesRegressor,Test,8,206.3056
C3,ExtraTreesRegressor,Test,238,0
C3,ExtraTreesRegressor,Test,533,1.0549
C3,ExtraTreesRegressor,Test,586,206.4247
C3,ExtraTreesRegressor,Test,160,89.7899
C3,ExtraTreesRegressor,Test,505,0.4294
C3,ExtraTreesRegressor,Test,272,16.0074
C3,ExtraTreesRegressor,Test,12,106.0565
C3,ExtraTreesRegressor,Test,598,9.1233
C3,ExtraTreesRegressor,Test,138,4.1633
C3,ExtraTreesRegressor,Test,652,175.5656
C3,ExtraTreesRegressor,Test,485,0.5314
C3,ExtraTreesRegressor,Test,646,9.9547
C3,ExtraTreesRegressor,Test,583,202.3422
C3,ExtraTreesRegressor,Test,200,64.3502
C3,ExtraTreesRegressor,Test,237,0
C3,ExtraTreesRegressor,Test,591,4.8793
C3,ExtraTreesRegressor,Test,265,12
C3,ExtraTreesRegressor,Test,76,59.3029
C3,ExtraTreesRegressor,Test,57,69.7061
C3,ExtraTreesRegressor,Test,307,180
C3,ExtraTreesRegressor,Test,46,99.3482
C3,ExtraTreesRegressor,Test,447,2.16
C3,ExtraTreesRegressor,Test,481,0.2188
C3,ExtraTreesRegressor,Test,597,5.0142
C3,ExtraTreesRegressor,Test,520,0.7869
C3,ExtraTreesRegressor,Test,148,7.5219
C3,ExtraTreesRegressor,Test,412,2.25
C3,ExtraTreesRegressor,Test,246,14
C3,ExtraTreesRegressor,Test,255,18
C3,ExtraTreesRegressor,Test,575,192.2679
C3,ExtraTreesRegressor,Test,114,11.8012
C3,ExtraTreesRegressor,Test,441,0.9063
C3,ExtraTreesRegressor,Test,405,259.154
C3,ExtraTreesRegressor,Test,278,27.2644
C3,ExtraTreesRegressor,Test,430,0.125
C3,ExtraTreesRegressor,Test,490,-0.453
C3,ExtraTreesRegressor,Test,608,189.3702
C3,ExtraTreesRegressor,Test,199,52.5128
C3,ExtraTreesRegressor,Test,353,10.6981
C3,ExtraTreesRegressor,Test,673,5.4839
C3,ExtraTreesRegressor,Test,135,3.1846
C3,ExtraTreesRegressor,Test,130,13.7867
C3,ExtraTreesRegressor,Test,147,7.4193
C3,ExtraTreesRegressor,Test,340,0.8984
C3,ExtraTreesRegressor,Test,493,0.0876
C3,ExtraTreesRegressor,Test,521,0.9836
C3,ExtraTreesRegressor,Test,435,0.4375
C3,ExtraTreesRegressor,Test,38,183.7787
C3,ExtraTreesRegressor,Test,571,121.2021
C3,ExtraTreesRegressor,Test,256,15
C3,ExtraTreesRegressor,Test,496,0.5853
C3,ExtraTreesRegressor,Test,601,10.6555
C3,ExtraTreesRegressor,Test,173,9.3506
C3,ExtraTreesRegressor,Test,212,10.8544
C3,ExtraTreesRegressor,Test,311,150
C3,ExtraTreesRegressor,Test,249,35
C3,ExtraTreesRegressor,Test,131,10.1205
C3,ExtraTreesRegressor,Test,647,11.3122
C3,ExtraTreesRegressor,Test,579,200.6631
C3,ExtraTreesRegressor,Test,239,18
C3,ExtraTreesRegressor,Test,171,6.9537
C3,ExtraTreesRegressor,Test,244,16.5
C3,ExtraTreesRegressor,Test,334,4.9
C3,ExtraTreesRegressor,Test,89,19.6706
C3,ExtraTreesRegressor,Test,137,1.8648
C3,ExtraTreesRegressor,Test,107,12.3805
C3,ExtraTreesRegressor,Test,376,122.7272
C3,ExtraTreesRegressor,Test,91,5.3316
C3,ExtraTreesRegressor,Test,25,187.3878
C3,ExtraTreesRegressor,Test,319,9.6
C3,ExtraTreesRegressor,Test,72,10
C3,ExtraTreesRegressor,Test,164,2.3002
C3,ExtraTreesRegressor,Test,49,102.0029
C3,ExtraTreesRegressor,Test,395,51.7316
C3,ExtraTreesRegressor,Test,650,159.7285
C3,ExtraTreesRegressor,Test,149,7.6785
C3,ExtraTreesRegressor,Test,242,18
C3,ExtraTreesRegressor,Test,429,4.6612
C3,ExtraTreesRegressor,Test,166,2.9654
C3,ExtraTreesRegressor,Test,515,0.1475
C3,ExtraTreesRegressor,Test,271,15.6958
C3,ExtraTreesRegressor,Test,292,249
C3,ExtraTreesRegressor,Test,491,-0.2089
C3,ExtraTreesRegressor,Test,100,6.0072
C3,ExtraTreesRegressor,Test,39,184.0091
C3,ExtraTreesRegressor,Test,145,7.5232
C3,ExtraTreesRegressor,Test,549,3.4711
C3,ExtraTreesRegressor,Test,227,154.6933
C3,ExtraTreesRegressor,Test,615,30.3167
C3,ExtraTreesRegressor,Test,502,0.0911
C3,ExtraTreesRegressor,Test,420,1.1893
C3,ExtraTreesRegressor,Test,476,2.6625
C3,ExtraTreesRegressor,Test,372,140.919
C3,ExtraTreesRegressor,Test,151,8.0482
C3,ExtraTreesRegressor,Test,68,59.7839
C3,ExtraTreesRegressor,Test,556,24.7564
C3,PyTorch_TabularMLP,Train,424,4.0661
C3,PyTorch_TabularMLP,Train,146,7.4684
C3,PyTorch_TabularMLP,Train,93,15.107
C3,PyTorch_TabularMLP,Train,323,9.5
C3,PyTorch_TabularMLP,Train,539,0.0157
C3,PyTorch_TabularMLP,Train,99,10.9416
C3,PyTorch_TabularMLP,Train,92,5.6837
C3,PyTorch_TabularMLP,Train,28,192.4421
C3,PyTorch_TabularMLP,Train,258,62
C3,PyTorch_TabularMLP,Train,632,190.4977
C3,PyTorch_TabularMLP,Train,366,11.7391
C3,PyTorch_TabularMLP,Train,150,7.8279
C3,PyTorch_TabularMLP,Train,572,121.0705
C3,PyTorch_TabularMLP,Train,638,208.5973
C3,PyTorch_TabularMLP,Train,421,1.8843
C3,PyTorch_TabularMLP,Train,27,188.2349
C3,PyTorch_TabularMLP,Train,50,99.7175
C3,PyTorch_TabularMLP,Train,286,16
C3,PyTorch_TabularMLP,Train,213,16.661
C3,PyTorch_TabularMLP,Train,445,1.4355
C3,PyTorch_TabularMLP,Train,252,31
C3,PyTorch_TabularMLP,Train,85,7.7779
C3,PyTorch_TabularMLP,Train,461,0.5271
C3,PyTorch_TabularMLP,Train,455,0.0117
C3,PyTorch_TabularMLP,Train,375,137.4459
C3,PyTorch_TabularMLP,Train,210,132.1477
C3,PyTorch_TabularMLP,Train,290,11.9
C3,PyTorch_TabularMLP,Train,15,186.1441
C3,PyTorch_TabularMLP,Train,535,1.1538
C3,PyTorch_TabularMLP,Train,596,4.6697
C3,PyTorch_TabularMLP,Train,514,0.0991
C3,PyTorch_TabularMLP,Train,651,168.7782
C3,PyTorch_TabularMLP,Train,62,67.104
C3,PyTorch_TabularMLP,Train,58,70.945
C3,PyTorch_TabularMLP,Train,78,62.2973
C3,PyTorch_TabularMLP,Train,274,16.7407
C3,PyTorch_TabularMLP,Train,418,0.0232
C3,PyTorch_TabularMLP,Train,522,1.1411
C3,PyTorch_TabularMLP,Train,516,0.3443
C3,PyTorch_TabularMLP,Train,633,193.6651
C3,PyTorch_TabularMLP,Train,656,9.8231
C3,PyTorch_TabularMLP,Train,431,0.1437
C3,PyTorch_TabularMLP,Train,51,36.1086
C3,PyTorch_TabularMLP,Train,497,0.7317
C3,PyTorch_TabularMLP,Train,425,4.3637
C3,PyTorch_TabularMLP,Train,331,8.9
C3,PyTorch_TabularMLP,Train,413,2.5006
C3,PyTorch_TabularMLP,Train,109,15
C3,PyTorch_TabularMLP,Train,42,187.2488
C3,PyTorch_TabularMLP,Train,75,54.9536
C3,PyTorch_TabularMLP,Train,432,0.1875
C3,PyTorch_TabularMLP,Train,626,123.9819
C3,PyTorch_TabularMLP,Train,480,0.1562
C3,PyTorch_TabularMLP,Train,222,31.2926
C3,PyTorch_TabularMLP,Train,442,0.0274
C3,PyTorch_TabularMLP,Train,460,0.4651
C3,PyTorch_TabularMLP,Train,21,106.0925
C3,PyTorch_TabularMLP,Train,55,75.5317
C3,PyTorch_TabularMLP,Train,291,250
C3,PyTorch_TabularMLP,Train,217,110.3519
C3,PyTorch_TabularMLP,Train,392,258.758
C3,PyTorch_TabularMLP,Train,544,2.5785
C3,PyTorch_TabularMLP,Train,203,128.8589
C3,PyTorch_TabularMLP,Train,305,199
C3,PyTorch_TabularMLP,Train,664,8.0733
C3,PyTorch_TabularMLP,Train,558,14.9253
C3,PyTorch_TabularMLP,Train,113,1
C3,PyTorch_TabularMLP,Train,188,10.8544
C3,PyTorch_TabularMLP,Train,220,10.8544
C3,PyTorch_TabularMLP,Train,80,64.4519
C3,PyTorch_TabularMLP,Train,383,50.8758
C3,PyTorch_TabularMLP,Train,41,187.5173
C3,PyTorch_TabularMLP,Train,654,2.3164
C3,PyTorch_TabularMLP,Train,548,3.3721
C3,PyTorch_TabularMLP,Train,484,0.4688
C3,PyTorch_TabularMLP,Train,17,182.9271
C3,PyTorch_TabularMLP,Train,123,1.9281
C3,PyTorch_TabularMLP,Train,132,10.8016
C3,PyTorch_TabularMLP,Train,341,1.9465
C3,PyTorch_TabularMLP,Train,511,1.0309
C3,PyTorch_TabularMLP,Train,482,0.2813
C3,PyTorch_TabularMLP,Train,48,107.2474
C3,PyTorch_TabularMLP,Train,349,8.6133
C3,PyTorch_TabularMLP,Train,494,0.1951
C3,PyTorch_TabularMLP,Train,304,199
C3,PyTorch_TabularMLP,Train,525,1.3279
C3,PyTorch_TabularMLP,Train,308,175
C3,PyTorch_TabularMLP,Train,4,100.6216
C3,PyTorch_TabularMLP,Train,437,0.625
C3,PyTorch_TabularMLP,Train,531,0.7582
C3,PyTorch_TabularMLP,Train,165,2.4016
C3,PyTorch_TabularMLP,Train,474,2.6613
C3,PyTorch_TabularMLP,Train,409,0.9991
C3,PyTorch_TabularMLP,Train,627,126.6968
C3,PyTorch_TabularMLP,Train,567,110.5493
C3,PyTorch_TabularMLP,Train,280,29.322
C3,PyTorch_TabularMLP,Train,82,59.9138
C3,PyTorch_TabularMLP,Train,605,11.3206
C3,PyTorch_TabularMLP,Train,350,9.2547
C3,PyTorch_TabularMLP,Train,470,1.9355
C3,PyTorch_TabularMLP,Train,446,1.68
C3,PyTorch_TabularMLP,Train,541,0.3471
C3,PyTorch_TabularMLP,Train,96,18.5037
C3,PyTorch_TabularMLP,Train,444,1.392
C3,PyTorch_TabularMLP,Train,154,21.2041
C3,PyTorch_TabularMLP,Train,582,194.643
C3,PyTorch_TabularMLP,Train,140,5.2675
C3,PyTorch_TabularMLP,Train,125,8.0539
C3,PyTorch_TabularMLP,Train,60,32.1593
C3,PyTorch_TabularMLP,Train,52,44.2483
C3,PyTorch_TabularMLP,Train,560,18.6576
C3,PyTorch_TabularMLP,Train,225,116.4338
C3,PyTorch_TabularMLP,Train,287,15
C3,PyTorch_TabularMLP,Train,403,239.2408
C3,PyTorch_TabularMLP,Train,158,85.5833
C3,PyTorch_TabularMLP,Train,389,58.658
C3,PyTorch_TabularMLP,Train,250,35
C3,PyTorch_TabularMLP,Train,361,7.7554
C3,PyTorch_TabularMLP,Train,234,0
C3,PyTorch_TabularMLP,Train,457,0.124
C3,PyTorch_TabularMLP,Train,66,60.1467
C3,PyTorch_TabularMLP,Train,523,1.2087
C3,PyTorch_TabularMLP,Train,639,3.6199
C3,PyTorch_TabularMLP,Train,390,239.6104
C3,PyTorch_TabularMLP,Train,369,11.7391
C3,PyTorch_TabularMLP,Train,360,9.5371
C3,PyTorch_TabularMLP,Train,215,63.7857
C3,PyTorch_TabularMLP,Train,98,11.6115
C3,PyTorch_TabularMLP,Train,207,58.5204
C3,PyTorch_TabularMLP,Train,464,0.6822
C3,PyTorch_TabularMLP,Train,208,64.3514
C3,PyTorch_TabularMLP,Train,538,0.0122
C3,PyTorch_TabularMLP,Train,276,21.2415
C3,PyTorch_TabularMLP,Train,264,28
C3,PyTorch_TabularMLP,Train,214,31.2926
C3,PyTorch_TabularMLP,Train,169,5.6234
C3,PyTorch_TabularMLP,Train,668,11.9228
C3,PyTorch_TabularMLP,Train,284,16.1
C3,PyTorch_TabularMLP,Train,168,3.4065
C3,PyTorch_TabularMLP,Train,293,249
C3,PyTorch_TabularMLP,Train,448,2.4127
C3,PyTorch_TabularMLP,Train,599,9.4379
C3,PyTorch_TabularMLP,Train,232,0
C3,PyTorch_TabularMLP,Train,559,18.6567
C3,PyTorch_TabularMLP,Train,593,4.2261
C3,PyTorch_TabularMLP,Train,373,153.8961
C3,PyTorch_TabularMLP,Train,411,1.8375
C3,PyTorch_TabularMLP,Train,667,11.2467
C3,PyTorch_TabularMLP,Train,64,62.9539
C3,PyTorch_TabularMLP,Train,126,8.924
C3,PyTorch_TabularMLP,Train,170,6.1214
C3,PyTorch_TabularMLP,Train,156,57.1515
C3,PyTorch_TabularMLP,Train,32,130
C3,PyTorch_TabularMLP,Train,554,23.5187
C3,PyTorch_TabularMLP,Train,310,160
C3,PyTorch_TabularMLP,Train,555,24.7525
C3,PyTorch_TabularMLP,Train,566,97.2533
C3,PyTorch_TabularMLP,Train,9,198.1857
C3,PyTorch_TabularMLP,Train,648,11.7647
C3,PyTorch_TabularMLP,Train,610,190.2757
C3,PyTorch_TabularMLP,Train,139,4.6607
C3,PyTorch_TabularMLP,Train,306,199
C3,PyTorch_TabularMLP,Train,428,4.562
C3,PyTorch_TabularMLP,Train,551,21.0396
C3,PyTorch_TabularMLP,Train,53,66.997
C3,PyTorch_TabularMLP,Train,393,231.8182
C3,PyTorch_TabularMLP,Train,338,0.1872
C3,PyTorch_TabularMLP,Train,595,4.6602
C3,PyTorch_TabularMLP,Train,381,203.2466
C3,PyTorch_TabularMLP,Train,607,188.4733
C3,PyTorch_TabularMLP,Train,71,12
C3,PyTorch_TabularMLP,Train,320,9.6
C3,PyTorch_TabularMLP,Train,313,110
C3,PyTorch_TabularMLP,Train,451,2.784
C3,PyTorch_TabularMLP,Train,530,0.5275
C3,PyTorch_TabularMLP,Train,162,1.7279
C3,PyTorch_TabularMLP,Train,144,7.4757
C3,PyTorch_TabularMLP,Train,65,64.5069
C3,PyTorch_TabularMLP,Train,513,1.0911
C3,PyTorch_TabularMLP,Train,590,3.9695
C3,PyTorch_TabularMLP,Train,167,3.4122
C3,PyTorch_TabularMLP,Train,153,8.2082
C3,PyTorch_TabularMLP,Train,67,58.7044
C3,PyTorch_TabularMLP,Train,10,189.6709
C3,PyTorch_TabularMLP,Train,576,194.3514
C3,PyTorch_TabularMLP,Train,422,2.4793
C3,PyTorch_TabularMLP,Train,309,170
C3,PyTorch_TabularMLP,Train,348,8.0216
C3,PyTorch_TabularMLP,Train,563,19.9014
C3,PyTorch_TabularMLP,Train,653,178.2805
C3,PyTorch_TabularMLP,Train,585,204.3982
C3,PyTorch_TabularMLP,Train,471,2.3226
C3,PyTorch_TabularMLP,Train,180,52.7921
C3,PyTorch_TabularMLP,Train,611,190.3014
C3,PyTorch_TabularMLP,Train,103,15.0427
C3,PyTorch_TabularMLP,Train,472,2.5161
C3,PyTorch_TabularMLP,Train,467,0.4355
C3,PyTorch_TabularMLP,Train,54,69.8308
C3,PyTorch_TabularMLP,Train,506,0.4892
C3,PyTorch_TabularMLP,Train,175,9.6674
C3,PyTorch_TabularMLP,Train,469,1.6452
C3,PyTorch_TabularMLP,Train,594,4.5061
C3,PyTorch_TabularMLP,Train,606,182.4439
C3,PyTorch_TabularMLP,Train,136,2.4124
C3,PyTorch_TabularMLP,Train,500,0.8782
C3,PyTorch_TabularMLP,Train,528,-0.0329
C3,PyTorch_TabularMLP,Train,356,10.9285
C3,PyTorch_TabularMLP,Train,101,8.3687
C3,PyTorch_TabularMLP,Train,176,3.9349
C3,PyTorch_TabularMLP,Train,407,0.1875
C3,PyTorch_TabularMLP,Train,508,0.7214
C3,PyTorch_TabularMLP,Train,277,25.3552
C3,PyTorch_TabularMLP,Train,439,0.8125
C3,PyTorch_TabularMLP,Train,316,9.8
C3,PyTorch_TabularMLP,Train,486,0.5937
C3,PyTorch_TabularMLP,Train,110,10
C3,PyTorch_TabularMLP,Train,44,55.2411
C3,PyTorch_TabularMLP,Train,452,2.832
C3,PyTorch_TabularMLP,Train,241,18
C3,PyTorch_TabularMLP,Train,195,98.0734
C3,PyTorch_TabularMLP,Train,182,40.2656
C3,PyTorch_TabularMLP,Train,351,9.76
C3,PyTorch_TabularMLP,Train,385,266.4502
C3,PyTorch_TabularMLP,Train,296,210
C3,PyTorch_TabularMLP,Train,478,0.0625
C3,PyTorch_TabularMLP,Train,399,206.4592
C3,PyTorch_TabularMLP,Train,155,42.7149
C3,PyTorch_TabularMLP,Train,299,160
C3,PyTorch_TabularMLP,Train,56,71.4614
C3,PyTorch_TabularMLP,Train,11,55.825
C3,PyTorch_TabularMLP,Train,178,32.7076
C3,PyTorch_TabularMLP,Train,603,10.7927
C3,PyTorch_TabularMLP,Train,663,3.9662
C3,PyTorch_TabularMLP,Train,5,178.1616
C3,PyTorch_TabularMLP,Train,263,36
C3,PyTorch_TabularMLP,Train,300,115
C3,PyTorch_TabularMLP,Train,669,4.6774
C3,PyTorch_TabularMLP,Train,315,0
C3,PyTorch_TabularMLP,Train,518,0.541
C3,PyTorch_TabularMLP,Train,216,75.6454
C3,PyTorch_TabularMLP,Train,22,169.1834
C3,PyTorch_TabularMLP,Train,397,178.0901
C3,PyTorch_TabularMLP,Train,609,190.1513
C3,PyTorch_TabularMLP,Train,121,14.8143
C3,PyTorch_TabularMLP,Train,628,128.5068
C3,PyTorch_TabularMLP,Train,177,15.8993
C3,PyTorch_TabularMLP,Train,61,45.1337
C3,PyTorch_TabularMLP,Train,501,0.8787
C3,PyTorch_TabularMLP,Train,243,17
C3,PyTorch_TabularMLP,Train,260,55
C3,PyTorch_TabularMLP,Train,504,0.3351
C3,PyTorch_TabularMLP,Train,649,145.2489
C3,PyTorch_TabularMLP,Train,127,9.7231
C3,PyTorch_TabularMLP,Train,510,0.9325
C3,PyTorch_TabularMLP,Train,69,90
C3,PyTorch_TabularMLP,Train,303,200
C3,PyTorch_TabularMLP,Train,285,16.1
C3,PyTorch_TabularMLP,Train,194,88.3651
C3,PyTorch_TabularMLP,Train,415,2.6875
C3,PyTorch_TabularMLP,Train,253,26
C3,PyTorch_TabularMLP,Train,507,0.6363
C3,PyTorch_TabularMLP,Train,197,16.661
C3,PyTorch_TabularMLP,Train,84,12.411
C3,PyTorch_TabularMLP,Train,495,0.439
C3,PyTorch_TabularMLP,Train,540,0.2479
C3,PyTorch_TabularMLP,Train,337,0.1123
C3,PyTorch_TabularMLP,Train,406,0.0568
C3,PyTorch_TabularMLP,Train,161,95.3006
C3,PyTorch_TabularMLP,Train,6,196.9007
C3,PyTorch_TabularMLP,Train,624,113.5747
C3,PyTorch_TabularMLP,Train,382,176.4069
C3,PyTorch_TabularMLP,Train,569,117.0022
C3,PyTorch_TabularMLP,Train,172,8.9135
C3,PyTorch_TabularMLP,Train,660,19.09
C3,PyTorch_TabularMLP,Train,666,11.2
C3,PyTorch_TabularMLP,Train,488,0.6875
C3,PyTorch_TabularMLP,Train,191,50.0692
C3,PyTorch_TabularMLP,Train,379,256.0606
C3,PyTorch_TabularMLP,Train,545,2.9256
C3,PyTorch_TabularMLP,Train,218,140.1645
C3,PyTorch_TabularMLP,Train,416,2.75
C3,PyTorch_TabularMLP,Train,288,14.5
C3,PyTorch_TabularMLP,Train,187,67.1065
C3,PyTorch_TabularMLP,Train,163,2.005
C3,PyTorch_TabularMLP,Train,543,2.033
C3,PyTorch_TabularMLP,Train,124,4.7621
C3,PyTorch_TabularMLP,Train,463,0.6518
C3,PyTorch_TabularMLP,Train,157,70.5282
C3,PyTorch_TabularMLP,Train,236,0
C3,PyTorch_TabularMLP,Train,129,11.7748
C3,PyTorch_TabularMLP,Train,134,4.7968
C3,PyTorch_TabularMLP,Train,570,120.2191
C3,PyTorch_TabularMLP,Train,616,32.1267
C3,PyTorch_TabularMLP,Train,634,177.3756
C3,PyTorch_TabularMLP,Train,13,164.5415
C3,PyTorch_TabularMLP,Train,245,15.5
C3,PyTorch_TabularMLP,Train,347,12.5401
C3,PyTorch_TabularMLP,Train,7,203.5289
C3,PyTorch_TabularMLP,Train,332,8.8
C3,PyTorch_TabularMLP,Train,196,10.8544
C3,PyTorch_TabularMLP,Train,330,9
C3,PyTorch_TabularMLP,Train,365,3.4934
C3,PyTorch_TabularMLP,Train,433,0.25
C3,PyTorch_TabularMLP,Train,489,0.7188
C3,PyTorch_TabularMLP,Train,363,5.2402
C3,PyTorch_TabularMLP,Train,70,30
C3,PyTorch_TabularMLP,Train,499,0.878
C3,PyTorch_TabularMLP,Train,36,171.4973
C3,PyTorch_TabularMLP,Train,211,143.58
C3,PyTorch_TabularMLP,Train,118,11.7251
C3,PyTorch_TabularMLP,Train,619,2.2624
C3,PyTorch_TabularMLP,Train,179,47.5037
C3,PyTorch_TabularMLP,Train,573,120.9294
C3,PyTorch_TabularMLP,Train,86,12.286
C3,PyTorch_TabularMLP,Train,661,12.93
C3,PyTorch_TabularMLP,Train,79,62.9884
C3,PyTorch_TabularMLP,Train,143,7.4165
C3,PyTorch_TabularMLP,Train,524,1.2789
C3,PyTorch_TabularMLP,Train,380,249.1342
C3,PyTorch_TabularMLP,Train,423,3.4215
C3,PyTorch_TabularMLP,Train,357,13.1703
C3,PyTorch_TabularMLP,Train,184,3.8774
C3,PyTorch_TabularMLP,Train,352,10.1342
C3,PyTorch_TabularMLP,Train,492,-0.0488
C3,PyTorch_TabularMLP,Train,152,8.0988
C3,PyTorch_TabularMLP,Train,73,2
C3,PyTorch_TabularMLP,Train,289,14.2
C3,PyTorch_TabularMLP,Train,16,187.171
C3,PyTorch_TabularMLP,Train,273,16.5508
C3,PyTorch_TabularMLP,Train,542,1.0405
C3,PyTorch_TabularMLP,Train,487,0.6573
C3,PyTorch_TabularMLP,Train,629,162.4434
C3,PyTorch_TabularMLP,Train,261,48
C3,PyTorch_TabularMLP,Train,122,14.0871
C3,PyTorch_TabularMLP,Train,335,0.1123
C3,PyTorch_TabularMLP,Train,417,2.7813
C3,PyTorch_TabularMLP,Train,578,199.8271
C3,PyTorch_TabularMLP,Train,587,207.3981
C3,PyTorch_TabularMLP,Train,414,2.5938
C3,PyTorch_TabularMLP,Train,251,34
C3,PyTorch_TabularMLP,Train,662,9.42
C3,PyTorch_TabularMLP,Train,235,0
C3,PyTorch_TabularMLP,Train,374,151.0303
C3,PyTorch_TabularMLP,Train,326,8.6
C3,PyTorch_TabularMLP,Train,281,30.1344
C3,PyTorch_TabularMLP,Train,620,4.0724
C3,PyTorch_TabularMLP,Train,90,20.1088
C3,PyTorch_TabularMLP,Train,419,0.2975
C3,PyTorch_TabularMLP,Train,453,2.7841
C3,PyTorch_TabularMLP,Train,592,3.7292
C3,PyTorch_TabularMLP,Train,479,0.0833
C3,PyTorch_TabularMLP,Train,562,19.9007
C3,PyTorch_TabularMLP,Train,618,33.9367
C3,PyTorch_TabularMLP,Train,133,7.7838
C3,PyTorch_TabularMLP,Train,483,0.4379
C3,PyTorch_TabularMLP,Train,391,261.2554
C3,PyTorch_TabularMLP,Train,18,180.7351
C3,PyTorch_TabularMLP,Train,396,160.5788
C3,PyTorch_TabularMLP,Train,355,10.9333
C3,PyTorch_TabularMLP,Train,636,202.2624
C3,PyTorch_TabularMLP,Train,547,3.3719
C3,PyTorch_TabularMLP,Train,204,10.8544
C3,PyTorch_TabularMLP,Train,468,1.1613
C3,PyTorch_TabularMLP,Train,561,19.9005
C3,PyTorch_TabularMLP,Train,183,56.7066
C3,PyTorch_TabularMLP,Train,159,90.713
C3,PyTorch_TabularMLP,Train,117,13.7027
C3,PyTorch_TabularMLP,Train,394,179.8701
C3,PyTorch_TabularMLP,Train,527,-0.1319
C3,PyTorch_TabularMLP,Train,371,7.3913
C3,PyTorch_TabularMLP,Train,333,8.2
C3,PyTorch_TabularMLP,Train,45,77.8966
C3,PyTorch_TabularMLP,Train,327,8.9
C3,PyTorch_TabularMLP,Train,536,1.1869
C3,PyTorch_TabularMLP,Train,671,5.4793
C3,PyTorch_TabularMLP,Train,623,4.9773
C3,PyTorch_TabularMLP,Train,221,16.661
C3,PyTorch_TabularMLP,Train,512,1.0682
C3,PyTorch_TabularMLP,Train,206,31.2926
C3,PyTorch_TabularMLP,Train,612,190.7779
C3,PyTorch_TabularMLP,Train,466,0.2074
C3,PyTorch_TabularMLP,Train,346,11.1176
C3,PyTorch_TabularMLP,Train,233,0
C3,PyTorch_TabularMLP,Train,532,0.9231
C3,PyTorch_TabularMLP,Train,370,10.8696
C3,PyTorch_TabularMLP,Train,475,2.6613
C3,PyTorch_TabularMLP,Train,87,17.4132
C3,PyTorch_TabularMLP,Train,534,1.088
C3,PyTorch_TabularMLP,Train,302,0
C3,PyTorch_TabularMLP,Train,665,9.5675
C3,PyTorch_TabularMLP,Train,314,80
C3,PyTorch_TabularMLP,Train,219,144.8177
C3,PyTorch_TabularMLP,Train,537,1.1935
C3,PyTorch_TabularMLP,Train,142,6.9943
C3,PyTorch_TabularMLP,Train,388,191.9913
C3,PyTorch_TabularMLP,Train,465,0.6823
C3,PyTorch_TabularMLP,Train,588,208.3905
C3,PyTorch_TabularMLP,Train,108,16.7484
C3,PyTorch_TabularMLP,Train,40,187.7603
C3,PyTorch_TabularMLP,Train,14,175.7096
C3,PyTorch_TabularMLP,Train,322,9.6
C3,PyTorch_TabularMLP,Train,438,0.7813
C3,PyTorch_TabularMLP,Train,622,4.5249
C3,PyTorch_TabularMLP,Train,440,0.8125
C3,PyTorch_TabularMLP,Train,384,246.5368
C3,PyTorch_TabularMLP,Train,185,19.2773
C3,PyTorch_TabularMLP,Train,192,60.0842
C3,PyTorch_TabularMLP,Train,105,13.9905
C3,PyTorch_TabularMLP,Train,223,60.2934
C3,PyTorch_TabularMLP,Train,581,202.7626
C3,PyTorch_TabularMLP,Train,30,178
C3,PyTorch_TabularMLP,Train,262,43
C3,PyTorch_TabularMLP,Train,116,12.2315
C3,PyTorch_TabularMLP,Train,550,18.5644
C3,PyTorch_TabularMLP,Train,401,222.5413
C3,PyTorch_TabularMLP,Train,34,143.7129
C3,PyTorch_TabularMLP,Train,269,14.1204
C3,PyTorch_TabularMLP,Train,257,62
C3,PyTorch_TabularMLP,Train,408,0.525
C3,PyTorch_TabularMLP,Train,43,35.8031
C3,PyTorch_TabularMLP,Train,517,0.4426
C3,PyTorch_TabularMLP,Train,247,11
C3,PyTorch_TabularMLP,Train,529,0.3956
C3,PyTorch_TabularMLP,Train,97,12.9034
C3,PyTorch_TabularMLP,Train,655,5.0188
C3,PyTorch_TabularMLP,Train,584,203.5592
C3,PyTorch_TabularMLP,Train,462,0.6512
C3,PyTorch_TabularMLP,Train,637,206.7873
C3,PyTorch_TabularMLP,Train,557,24.7571
C3,PyTorch_TabularMLP,Train,443,1.008
C3,PyTorch_TabularMLP,Train,640,5.4298
C3,PyTorch_TabularMLP,Train,301,99
C3,PyTorch_TabularMLP,Train,398,189.0305
C3,PyTorch_TabularMLP,Train,377,31.8134
C3,PyTorch_TabularMLP,Train,297,205
C3,PyTorch_TabularMLP,Train,230,0
C3,PyTorch_TabularMLP,Train,201,88.117
C3,PyTorch_TabularMLP,Train,454,-0.0311
C3,PyTorch_TabularMLP,Train,589,209.3641
C3,PyTorch_TabularMLP,Train,378,235.2814
C3,PyTorch_TabularMLP,Train,186,46.1627
C3,PyTorch_TabularMLP,Train,456,0.0318
C3,PyTorch_TabularMLP,Train,254,22
C3,PyTorch_TabularMLP,Train,498,0.7805
C3,PyTorch_TabularMLP,Train,614,28.5068
C3,PyTorch_TabularMLP,Train,564,19.9019
C3,PyTorch_TabularMLP,Train,386,265.5844
C3,PyTorch_TabularMLP,Train,459,0.3721
C3,PyTorch_TabularMLP,Train,295,225
C3,PyTorch_TabularMLP,Train,450,2.74
C3,PyTorch_TabularMLP,Train,339,0.1497
C3,PyTorch_TabularMLP,Train,23,185.6084
C3,PyTorch_TabularMLP,Train,345,10.3316
C3,PyTorch_TabularMLP,Train,342,3.5187
C3,PyTorch_TabularMLP,Train,102,14.3145
C3,PyTorch_TabularMLP,Train,658,13.7265
C3,PyTorch_TabularMLP,Train,266,9.2885
C3,PyTorch_TabularMLP,Train,202,105.5386
C3,PyTorch_TabularMLP,Train,33,75
C3,PyTorch_TabularMLP,Train,672,7.9032
C3,PyTorch_TabularMLP,Train,577,199.826
C3,PyTorch_TabularMLP,Train,112,2
C3,PyTorch_TabularMLP,Train,94,12.6758
C3,PyTorch_TabularMLP,Train,47,100.5808
C3,PyTorch_TabularMLP,Train,26,184.3807
C3,PyTorch_TabularMLP,Train,552,21.0401
C3,PyTorch_TabularMLP,Train,317,9.7
C3,PyTorch_TabularMLP,Train,128,10.5788
C3,PyTorch_TabularMLP,Train,198,31.2926
C3,PyTorch_TabularMLP,Train,354,10.8798
C3,PyTorch_TabularMLP,Train,37,175.4161
C3,PyTorch_TabularMLP,Train,193,82.2821
C3,PyTorch_TabularMLP,Train,88,17.5699
C3,PyTorch_TabularMLP,Train,275,15.5572
C3,PyTorch_TabularMLP,Train,111,5
C3,PyTorch_TabularMLP,Train,268,12.5684
C3,PyTorch_TabularMLP,Train,267,11.5498
C3,PyTorch_TabularMLP,Train,20,37.4042
C3,PyTorch_TabularMLP,Train,312,148
C3,PyTorch_TabularMLP,Train,3,45.9523
C3,PyTorch_TabularMLP,Train,402,229.0834
C3,PyTorch_TabularMLP,Train,344,8.8717
C3,PyTorch_TabularMLP,Train,644,6.7873
C3,PyTorch_TabularMLP,Train,120,12.3402
C3,PyTorch_TabularMLP,Train,359,11.4585
C3,PyTorch_TabularMLP,Train,364,4.7511
C3,PyTorch_TabularMLP,Train,83,4.2137
C3,PyTorch_TabularMLP,Train,519,0.7869
C3,PyTorch_TabularMLP,Train,231,0
C3,PyTorch_TabularMLP,Train,141,6.4234
C3,PyTorch_TabularMLP,Train,410,1.375
C3,PyTorch_TabularMLP,Train,279,28.4955
C3,PyTorch_TabularMLP,Train,228,0
C3,PyTorch_TabularMLP,Train,224,79.7532
C3,PyTorch_TabularMLP,Train,95,19.3671
C3,PyTorch_TabularMLP,Train,248,35
C3,PyTorch_TabularMLP,Train,31,145
C3,PyTorch_TabularMLP,Train,81,56.3548
C3,PyTorch_TabularMLP,Train,568,114.8951
C3,PyTorch_TabularMLP,Train,553,23.5149
C3,PyTorch_TabularMLP,Train,449,2.736
C3,PyTorch_TabularMLP,Train,387,240.4761
C3,PyTorch_TabularMLP,Train,174,9.5591
C3,PyTorch_TabularMLP,Train,630,175.1131
C3,PyTorch_TabularMLP,Train,240,18
C3,PyTorch_TabularMLP,Train,358,13.9039
C3,PyTorch_TabularMLP,Train,19,182.1148
C3,PyTorch_TabularMLP,Train,645,8.5973
C3,PyTorch_TabularMLP,Train,189,16.661
C3,PyTorch_TabularMLP,Train,643,8.5973
C3,PyTorch_TabularMLP,Train,63,73.8302
C3,PyTorch_TabularMLP,Train,205,16.661
C3,PyTorch_TabularMLP,Train,325,8.8
C3,PyTorch_TabularMLP,Train,329,9.2
C3,PyTorch_TabularMLP,Train,368,15.2174
C3,PyTorch_TabularMLP,Train,321,9.6
C3,PyTorch_TabularMLP,Train,565,19.9022
C3,PyTorch_TabularMLP,Train,77,62.9884
C3,PyTorch_TabularMLP,Train,674,4.8387
C3,PyTorch_TabularMLP,Train,190,31.2926
C3,PyTorch_TabularMLP,Train,546,3.124
C3,PyTorch_TabularMLP,Train,580,201.6556
C3,PyTorch_TabularMLP,Train,328,9
C3,PyTorch_TabularMLP,Train,343,6.4011
C3,PyTorch_TabularMLP,Train,324,8
C3,PyTorch_TabularMLP,Train,35,163.7025
C3,PyTorch_TabularMLP,Train,657,12.7399
C3,PyTorch_TabularMLP,Train,400,213.0824
C3,PyTorch_TabularMLP,Train,298,198
C3,PyTorch_TabularMLP,Train,509,0.8453
C3,PyTorch_TabularMLP,Train,426,4.4132
C3,PyTorch_TabularMLP,Train,119,13.7934
C3,PyTorch_TabularMLP,Train,642,7.6923
C3,PyTorch_TabularMLP,Train,74,53.0534
C3,PyTorch_TabularMLP,Train,602,10.7843
C3,PyTorch_TabularMLP,Train,574,177.8478
C3,PyTorch_TabularMLP,Train,106,15.3742
C3,PyTorch_TabularMLP,Test,458,0.186
C3,PyTorch_TabularMLP,Test,641,7.2398
C3,PyTorch_TabularMLP,Test,318,9.6
C3,PyTorch_TabularMLP,Test,436,0.5022
C3,PyTorch_TabularMLP,Test,283,16.2
C3,PyTorch_TabularMLP,Test,24,190.4266
C3,PyTorch_TabularMLP,Test,473,2.613
C3,PyTorch_TabularMLP,Test,29,189
C3,PyTorch_TabularMLP,Test,282,16.3
C3,PyTorch_TabularMLP,Test,362,6.4279
C3,PyTorch_TabularMLP,Test,104,11.6415
C3,PyTorch_TabularMLP,Test,617,33.0317
C3,PyTorch_TabularMLP,Test,229,0
C3,PyTorch_TabularMLP,Test,404,250.7447
C3,PyTorch_TabularMLP,Test,209,111.1716
C3,PyTorch_TabularMLP,Test,613,190.898
C3,PyTorch_TabularMLP,Test,621,4.5249
C3,PyTorch_TabularMLP,Test,604,10.9963
C3,PyTorch_TabularMLP,Test,659,15.0992
C3,PyTorch_TabularMLP,Test,600,9.8831
C3,PyTorch_TabularMLP,Test,670,5.4838
C3,PyTorch_TabularMLP,Test,526,-0.2037
C3,PyTorch_TabularMLP,Test,115,13.052
C3,PyTorch_TabularMLP,Test,635,192.7602
C3,PyTorch_TabularMLP,Test,434,0.2912
C3,PyTorch_TabularMLP,Test,59,68.9452
C3,PyTorch_TabularMLP,Test,503,0.2767
C3,PyTorch_TabularMLP,Test,631,185.9728
C3,PyTorch_TabularMLP,Test,270,15.1055
C3,PyTorch_TabularMLP,Test,259,58
C3,PyTorch_TabularMLP,Test,625,120.8145
C3,PyTorch_TabularMLP,Test,367,16.087
C3,PyTorch_TabularMLP,Test,336,0.1123
C3,PyTorch_TabularMLP,Test,226,145.1216
C3,PyTorch_TabularMLP,Test,477,2.7581
C3,PyTorch_TabularMLP,Test,181,18.4769
C3,PyTorch_TabularMLP,Test,427,4.5124
C3,PyTorch_TabularMLP,Test,294,249
C3,PyTorch_TabularMLP,Test,8,206.3056
C3,PyTorch_TabularMLP,Test,238,0
C3,PyTorch_TabularMLP,Test,533,1.0549
C3,PyTorch_TabularMLP,Test,586,206.4247
C3,PyTorch_TabularMLP,Test,160,89.7899
C3,PyTorch_TabularMLP,Test,505,0.4294
C3,PyTorch_TabularMLP,Test,272,16.0074
C3,PyTorch_TabularMLP,Test,12,106.0565
C3,PyTorch_TabularMLP,Test,598,9.1233
C3,PyTorch_TabularMLP,Test,138,4.1633
C3,PyTorch_TabularMLP,Test,652,175.5656
C3,PyTorch_TabularMLP,Test,485,0.5314
C3,PyTorch_TabularMLP,Test,646,9.9547
C3,PyTorch_TabularMLP,Test,583,202.3422
C3,PyTorch_TabularMLP,Test,200,64.3502
C3,PyTorch_TabularMLP,Test,237,0
C3,PyTorch_TabularMLP,Test,591,4.8793
C3,PyTorch_TabularMLP,Test,265,12
C3,PyTorch_TabularMLP,Test,76,59.3029
C3,PyTorch_TabularMLP,Test,57,69.7061
C3,PyTorch_TabularMLP,Test,307,180
C3,PyTorch_TabularMLP,Test,46,99.3482
C3,PyTorch_TabularMLP,Test,447,2.16
C3,PyTorch_TabularMLP,Test,481,0.2188
C3,PyTorch_TabularMLP,Test,597,5.0142
C3,PyTorch_TabularMLP,Test,520,0.7869
C3,PyTorch_TabularMLP,Test,148,7.5219
C3,PyTorch_TabularMLP,Test,412,2.25
C3,PyTorch_TabularMLP,Test,246,14
C3,PyTorch_TabularMLP,Test,255,18
C3,PyTorch_TabularMLP,Test,575,192.2679
C3,PyTorch_TabularMLP,Test,114,11.8012
C3,PyTorch_TabularMLP,Test,441,0.9063
C3,PyTorch_TabularMLP,Test,405,259.154
C3,PyTorch_TabularMLP,Test,278,27.2644
C3,PyTorch_TabularMLP,Test,430,0.125
C3,PyTorch_TabularMLP,Test,490,-0.453
C3,PyTorch_TabularMLP,Test,608,189.3702
C3,PyTorch_TabularMLP,Test,199,52.5128
C3,PyTorch_TabularMLP,Test,353,10.6981
C3,PyTorch_TabularMLP,Test,673,5.4839
C3,PyTorch_TabularMLP,Test,135,3.1846
C3,PyTorch_TabularMLP,Test,130,13.7867
C3,PyTorch_TabularMLP,Test,147,7.4193
C3,PyTorch_TabularMLP,Test,340,0.8984
C3,PyTorch_TabularMLP,Test,493,0.0876
C3,PyTorch_TabularMLP,Test,521,0.9836
C3,PyTorch_TabularMLP,Test,435,0.4375
C3,PyTorch_TabularMLP,Test,38,183.7787
C3,PyTorch_TabularMLP,Test,571,121.2021
C3,PyTorch_TabularMLP,Test,256,15
C3,PyTorch_TabularMLP,Test,496,0.5853
C3,PyTorch_TabularMLP,Test,601,10.6555
C3,PyTorch_TabularMLP,Test,173,9.3506
C3,PyTorch_TabularMLP,Test,212,10.8544
C3,PyTorch_TabularMLP,Test,311,150
C3,PyTorch_TabularMLP,Test,249,35
C3,PyTorch_TabularMLP,Test,131,10.1205
C3,PyTorch_TabularMLP,Test,647,11.3122
C3,PyTorch_TabularMLP,Test,579,200.6631
C3,PyTorch_TabularMLP,Test,239,18
C3,PyTorch_TabularMLP,Test,171,6.9537
C3,PyTorch_TabularMLP,Test,244,16.5
C3,PyTorch_TabularMLP,Test,334,4.9
C3,PyTorch_TabularMLP,Test,89,19.6706
C3,PyTorch_TabularMLP,Test,137,1.8648
C3,PyTorch_TabularMLP,Test,107,12.3805
C3,PyTorch_TabularMLP,Test,376,122.7272
C3,PyTorch_TabularMLP,Test,91,5.3316
C3,PyTorch_TabularMLP,Test,25,187.3878
C3,PyTorch_TabularMLP,Test,319,9.6
C3,PyTorch_TabularMLP,Test,72,10
C3,PyTorch_TabularMLP,Test,164,2.3002
C3,PyTorch_TabularMLP,Test,49,102.0029
C3,PyTorch_TabularMLP,Test,395,51.7316
C3,PyTorch_TabularMLP,Test,650,159.7285
C3,PyTorch_TabularMLP,Test,149,7.6785
C3,PyTorch_TabularMLP,Test,242,18
C3,PyTorch_TabularMLP,Test,429,4.6612
C3,PyTorch_TabularMLP,Test,166,2.9654
C3,PyTorch_TabularMLP,Test,515,0.1475
C3,PyTorch_TabularMLP,Test,271,15.6958
C3,PyTorch_TabularMLP,Test,292,249
C3,PyTorch_TabularMLP,Test,491,-0.2089
C3,PyTorch_TabularMLP,Test,100,6.0072
C3,PyTorch_TabularMLP,Test,39,184.0091
C3,PyTorch_TabularMLP,Test,145,7.5232
C3,PyTorch_TabularMLP,Test,549,3.4711
C3,PyTorch_TabularMLP,Test,227,154.6933
C3,PyTorch_TabularMLP,Test,615,30.3167
C3,PyTorch_TabularMLP,Test,502,0.0911
C3,PyTorch_TabularMLP,Test,420,1.1893
C3,PyTorch_TabularMLP,Test,476,2.6625
C3,PyTorch_TabularMLP,Test,372,140.919
C3,PyTorch_TabularMLP,Test,151,8.0482
C3,PyTorch_TabularMLP,Test,68,59.7839
C3,PyTorch_TabularMLP,Test,556,24.7564
