data,algorithm,split,source_row,y_pred
C1,RandomForestRegressor,Train,424,3.7859795
C1,RandomForestRegressor,Train,146,7.450163667
C1,RandomForestRegressor,Train,93,13.33584151
C1,RandomForestRegressor,Train,323,9.258913167
C1,RandomForestRegressor,Train,539,0.043504167
C1,RandomForestRegressor,Train,99,11.9910665
C1,RandomForestRegressor,Train,92,9.410684333
C1,RandomForestRegressor,Train,28,185.5230195
C1,RandomForestRegressor,Train,258,57.82063977
C1,RandomForestRegressor,Train,632,177.0425882
C1,RandomForestRegressor,Train,366,40.89212967
C1,RandomForestRegressor,Train,150,7.694597292
C1,RandomForestRegressor,Train,572,121.5474873
C1,RandomForestRegressor,Train,638,204.8718048
C1,RandomForestRegressor,Train,421,1.511759
C1,RandomForestRegressor,Train,27,186.6757388
C1,RandomForestRegressor,Train,50,96.62775083
C1,RandomForestRegressor,Train,286,17.04222
C1,RandomForestRegressor,Train,213,21.51207833
C1,RandomForestRegressor,Train,445,1.398742833
C1,RandomForestRegressor,Train,252,29.74110167
C1,RandomForestRegressor,Train,85,9.443761344
C1,RandomForestRegressor,Train,461,0.5671165
C1,RandomForestRegressor,Train,455,0.024594
C1,RandomForestRegressor,Train,375,139.7248
C1,RandomForestRegressor,Train,210,122.6901654
C1,RandomForestRegressor,Train,290,12.83583333
C1,RandomForestRegressor,Train,15,182.9753617
C1,RandomForestRegressor,Train,535,1.192135
C1,RandomForestRegressor,Train,596,10.81204533
C1,RandomForestRegressor,Train,514,0.1655555
C1,RandomForestRegressor,Train,651,168.2744113
C1,RandomForestRegressor,Train,62,65.05411533
C1,RandomForestRegressor,Train,58,73.411271
C1,RandomForestRegressor,Train,78,62.29919967
C1,RandomForestRegressor,Train,274,16.83069067
C1,RandomForestRegressor,Train,418,0.222231
C1,RandomForestRegressor,Train,522,1.119763833
C1,RandomForestRegressor,Train,516,0.291571667
C1,RandomForestRegressor,Train,633,187.3078323
C1,RandomForestRegressor,Train,656,8.351294
C1,RandomForestRegressor,Train,431,0.176113333
C1,RandomForestRegressor,Train,51,39.31733333
C1,RandomForestRegressor,Train,497,0.7953855
C1,RandomForestRegressor,Train,425,4.1413305
C1,RandomForestRegressor,Train,331,8.886853428
C1,RandomForestRegressor,Train,413,2.401544333
C1,RandomForestRegressor,Train,109,19.93123801
C1,RandomForestRegressor,Train,42,181.9394095
C1,RandomForestRegressor,Train,75,57.26331783
C1,RandomForestRegressor,Train,432,0.2463215
C1,RandomForestRegressor,Train,626,125.0824988
C1,RandomForestRegressor,Train,480,0.148227167
C1,RandomForestRegressor,Train,222,28.407139
C1,RandomForestRegressor,Train,442,0.3059645
C1,RandomForestRegressor,Train,460,0.546089333
C1,RandomForestRegressor,Train,21,86.81363967
C1,RandomForestRegressor,Train,55,73.9927015
C1,RandomForestRegressor,Train,291,244.7083333
C1,RandomForestRegressor,Train,217,106.5136179
C1,RandomForestRegressor,Train,392,249.5008712
C1,RandomForestRegressor,Train,544,2.290130833
C1,RandomForestRegressor,Train,203,120.8081072
C1,RandomForestRegressor,Train,305,199.0440268
C1,RandomForestRegressor,Train,664,7.504070833
C1,RandomForestRegressor,Train,558,20.4744055
C1,RandomForestRegressor,Train,113,4.38830256
C1,RandomForestRegressor,Train,188,13.75559644
C1,RandomForestRegressor,Train,220,13.27961171
C1,RandomForestRegressor,Train,80,63.82273867
C1,RandomForestRegressor,Train,383,84.54361317
C1,RandomForestRegressor,Train,41,183.7199384
C1,RandomForestRegressor,Train,654,4.134432667
C1,RandomForestRegressor,Train,548,3.069687667
C1,RandomForestRegressor,Train,484,0.493082833
C1,RandomForestRegressor,Train,17,182.5587767
C1,RandomForestRegressor,Train,123,3.274413542
C1,RandomForestRegressor,Train,132,11.68580478
C1,RandomForestRegressor,Train,341,2.922927422
C1,RandomForestRegressor,Train,511,1.008205667
C1,RandomForestRegressor,Train,482,0.281116667
C1,RandomForestRegressor,Train,48,100.8653772
C1,RandomForestRegressor,Train,349,8.589927333
C1,RandomForestRegressor,Train,494,0.263147
C1,RandomForestRegressor,Train,304,199.6090268
C1,RandomForestRegressor,Train,525,1.280868833
C1,RandomForestRegressor,Train,308,174.2056935
C1,RandomForestRegressor,Train,4,88.17142544
C1,RandomForestRegressor,Train,437,0.7876735
C1,RandomForestRegressor,Train,531,0.757452
C1,RandomForestRegressor,Train,165,2.584039833
C1,RandomForestRegressor,Train,474,2.5648785
C1,RandomForestRegressor,Train,409,0.874988833
C1,RandomForestRegressor,Train,627,125.3755832
C1,RandomForestRegressor,Train,567,106.3590723
C1,RandomForestRegressor,Train,280,28.09542133
C1,RandomForestRegressor,Train,82,54.7180165
C1,RandomForestRegressor,Train,605,16.6874165
C1,RandomForestRegressor,Train,350,9.295035
C1,RandomForestRegressor,Train,470,1.801323667
C1,RandomForestRegressor,Train,446,1.7461745
C1,RandomForestRegressor,Train,541,0.370982
C1,RandomForestRegressor,Train,96,17.242067
C1,RandomForestRegressor,Train,444,1.182065
C1,RandomForestRegressor,Train,154,32.48627217
C1,RandomForestRegressor,Train,582,192.9070812
C1,RandomForestRegressor,Train,140,5.5490015
C1,RandomForestRegressor,Train,125,7.786952543
C1,RandomForestRegressor,Train,60,39.78369133
C1,RandomForestRegressor,Train,52,48.9381935
C1,RandomForestRegressor,Train,560,20.60592383
C1,RandomForestRegressor,Train,225,109.1224162
C1,RandomForestRegressor,Train,287,15.65600517
C1,RandomForestRegressor,Train,403,233.9155863
C1,RandomForestRegressor,Train,158,80.82955567
C1,RandomForestRegressor,Train,389,96.0655985
C1,RandomForestRegressor,Train,250,32.53758458
C1,RandomForestRegressor,Train,361,8.239987928
C1,RandomForestRegressor,Train,234,0.140340133
C1,RandomForestRegressor,Train,457,0.205056333
C1,RandomForestRegressor,Train,66,62.434053
C1,RandomForestRegressor,Train,523,1.223276
C1,RandomForestRegressor,Train,639,11.80559783
C1,RandomForestRegressor,Train,390,240.6398828
C1,RandomForestRegressor,Train,369,20.389914
C1,RandomForestRegressor,Train,360,9.894895729
C1,RandomForestRegressor,Train,215,59.96718587
C1,RandomForestRegressor,Train,98,12.889163
C1,RandomForestRegressor,Train,207,58.81195095
C1,RandomForestRegressor,Train,464,0.7452275
C1,RandomForestRegressor,Train,208,65.16230289
C1,RandomForestRegressor,Train,538,0.043152667
C1,RandomForestRegressor,Train,276,19.653712
C1,RandomForestRegressor,Train,264,30.29876583
C1,RandomForestRegressor,Train,214,30.34144667
C1,RandomForestRegressor,Train,169,7.137100667
C1,RandomForestRegressor,Train,668,11.80523133
C1,RandomForestRegressor,Train,284,16.37378306
C1,RandomForestRegressor,Train,168,4.665962111
C1,RandomForestRegressor,Train,293,241.6983333
C1,RandomForestRegressor,Train,448,2.4730665
C1,RandomForestRegressor,Train,599,15.60780433
C1,RandomForestRegressor,Train,232,6.815208501
C1,RandomForestRegressor,Train,559,20.2442735
C1,RandomForestRegressor,Train,593,9.084185667
C1,RandomForestRegressor,Train,373,164.5961767
C1,RandomForestRegressor,Train,411,1.731852167
C1,RandomForestRegressor,Train,667,11.19491783
C1,RandomForestRegressor,Train,64,64.84713267
C1,RandomForestRegressor,Train,126,9.611826073
C1,RandomForestRegressor,Train,170,7.185255167
C1,RandomForestRegressor,Train,156,59.08084617
C1,RandomForestRegressor,Train,32,127.2754485
C1,RandomForestRegressor,Train,554,23.95105767
C1,RandomForestRegressor,Train,310,162.5623602
C1,RandomForestRegressor,Train,555,25.7966275
C1,RandomForestRegressor,Train,566,101.796951
C1,RandomForestRegressor,Train,9,194.5822546
C1,RandomForestRegressor,Train,648,15.35976133
C1,RandomForestRegressor,Train,610,189.1139712
C1,RandomForestRegressor,Train,139,5.040961333
C1,RandomForestRegressor,Train,306,197.7335853
C1,RandomForestRegressor,Train,428,4.311055167
C1,RandomForestRegressor,Train,551,22.0101055
C1,RandomForestRegressor,Train,53,64.86968033
C1,RandomForestRegressor,Train,393,228.1672072
C1,RandomForestRegressor,Train,338,0.726920167
C1,RandomForestRegressor,Train,595,6.0556535
C1,RandomForestRegressor,Train,381,205.1053098
C1,RandomForestRegressor,Train,607,180.4503152
C1,RandomForestRegressor,Train,71,24.33509017
C1,RandomForestRegressor,Train,320,9.575833333
C1,RandomForestRegressor,Train,313,101.5128577
C1,RandomForestRegressor,Train,451,2.752003167
C1,RandomForestRegressor,Train,530,0.501702833
C1,RandomForestRegressor,Train,162,2.458123667
C1,RandomForestRegressor,Train,144,7.357663167
C1,RandomForestRegressor,Train,65,65.33849467
C1,RandomForestRegressor,Train,513,1.076773
C1,RandomForestRegressor,Train,590,11.85080783
C1,RandomForestRegressor,Train,167,3.298310833
C1,RandomForestRegressor,Train,153,8.007350004
C1,RandomForestRegressor,Train,67,61.3605815
C1,RandomForestRegressor,Train,10,190.3942632
C1,RandomForestRegressor,Train,576,186.705743
C1,RandomForestRegressor,Train,422,2.180564833
C1,RandomForestRegressor,Train,309,168.1640268
C1,RandomForestRegressor,Train,348,8.290579833
C1,RandomForestRegressor,Train,563,21.69518733
C1,RandomForestRegressor,Train,653,178.1332052
C1,RandomForestRegressor,Train,585,202.11904
C1,RandomForestRegressor,Train,471,2.203656333
C1,RandomForestRegressor,Train,180,36.104887
C1,RandomForestRegressor,Train,611,185.3707233
C1,RandomForestRegressor,Train,103,15.17345675
C1,RandomForestRegressor,Train,472,2.401792833
C1,RandomForestRegressor,Train,467,0.486341
C1,RandomForestRegressor,Train,54,69.60005783
C1,RandomForestRegressor,Train,506,0.466770167
C1,RandomForestRegressor,Train,175,14.60559767
C1,RandomForestRegressor,Train,469,1.4206415
C1,RandomForestRegressor,Train,594,5.6578935
C1,RandomForestRegressor,Train,606,179.7475858
C1,RandomForestRegressor,Train,136,3.695571719
C1,RandomForestRegressor,Train,500,0.925402667
C1,RandomForestRegressor,Train,528,0.025046167
C1,RandomForestRegressor,Train,356,10.50760779
C1,RandomForestRegressor,Train,101,11.350342
C1,RandomForestRegressor,Train,176,14.40970583
C1,RandomForestRegressor,Train,407,0.2055115
C1,RandomForestRegressor,Train,508,0.711671667
C1,RandomForestRegressor,Train,277,22.70057167
C1,RandomForestRegressor,Train,439,0.9183885
C1,RandomForestRegressor,Train,316,9.388934685
C1,RandomForestRegressor,Train,486,0.617458333
C1,RandomForestRegressor,Train,110,12.13354935
C1,RandomForestRegressor,Train,44,57.51089356
C1,RandomForestRegressor,Train,452,2.786075667
C1,RandomForestRegressor,Train,241,19.91222827
C1,RandomForestRegressor,Train,195,102.8361908
C1,RandomForestRegressor,Train,182,39.05258283
C1,RandomForestRegressor,Train,351,9.633760167
C1,RandomForestRegressor,Train,385,256.643443
C1,RandomForestRegressor,Train,296,207.47
C1,RandomForestRegressor,Train,478,0.082434667
C1,RandomForestRegressor,Train,399,200.7445192
C1,RandomForestRegressor,Train,155,40.66037617
C1,RandomForestRegressor,Train,299,154.158052
C1,RandomForestRegressor,Train,56,72.71567317
C1,RandomForestRegressor,Train,11,62.90440317
C1,RandomForestRegressor,Train,178,33.87859733
C1,RandomForestRegressor,Train,603,12.66107267
C1,RandomForestRegressor,Train,663,5.929236667
C1,RandomForestRegressor,Train,5,158.3602488
C1,RandomForestRegressor,Train,263,34.696267
C1,RandomForestRegressor,Train,300,113.166956
C1,RandomForestRegressor,Train,669,5.177725667
C1,RandomForestRegressor,Train,315,25.8197075
C1,RandomForestRegressor,Train,518,0.515374167
C1,RandomForestRegressor,Train,216,72.0919459
C1,RandomForestRegressor,Train,22,155.1253302
C1,RandomForestRegressor,Train,397,175.5242775
C1,RandomForestRegressor,Train,609,189.9200188
C1,RandomForestRegressor,Train,121,14.46216274
C1,RandomForestRegressor,Train,628,126.9248855
C1,RandomForestRegressor,Train,177,18.69314833
C1,RandomForestRegressor,Train,61,49.14283167
C1,RandomForestRegressor,Train,501,0.9159775
C1,RandomForestRegressor,Train,243,18.54987867
C1,RandomForestRegressor,Train,260,51.01710033
C1,RandomForestRegressor,Train,504,0.312787833
C1,RandomForestRegressor,Train,649,141.6326147
C1,RandomForestRegressor,Train,127,11.09895875
C1,RandomForestRegressor,Train,510,0.90486
C1,RandomForestRegressor,Train,69,73.90724033
C1,RandomForestRegressor,Train,303,199.6673602
C1,RandomForestRegressor,Train,285,16.143009
C1,RandomForestRegressor,Train,194,91.39878
C1,RandomForestRegressor,Train,415,2.575131667
C1,RandomForestRegressor,Train,253,25.776935
C1,RandomForestRegressor,Train,507,0.624973
C1,RandomForestRegressor,Train,197,17.54773367
C1,RandomForestRegressor,Train,84,11.16641559
C1,RandomForestRegressor,Train,495,0.489989167
C1,RandomForestRegressor,Train,540,0.213059667
C1,RandomForestRegressor,Train,337,0.437035
C1,RandomForestRegressor,Train,406,0.123977167
C1,RandomForestRegressor,Train,161,91.02006683
C1,RandomForestRegressor,Train,6,189.8865893
C1,RandomForestRegressor,Train,624,104.8637233
C1,RandomForestRegressor,Train,382,173.1393552
C1,RandomForestRegressor,Train,569,117.5089287
C1,RandomForestRegressor,Train,172,8.4140275
C1,RandomForestRegressor,Train,660,19.79663433
C1,RandomForestRegressor,Train,666,10.3651155
C1,RandomForestRegressor,Train,488,0.718986
C1,RandomForestRegressor,Train,191,48.31809358
C1,RandomForestRegressor,Train,379,245.8037193
C1,RandomForestRegressor,Train,545,2.755087833
C1,RandomForestRegressor,Train,218,132.4280767
C1,RandomForestRegressor,Train,416,2.6538565
C1,RandomForestRegressor,Train,288,14.63623583
C1,RandomForestRegressor,Train,187,60.415562
C1,RandomForestRegressor,Train,163,2.477163667
C1,RandomForestRegressor,Train,543,1.686977833
C1,RandomForestRegressor,Train,124,4.588746028
C1,RandomForestRegressor,Train,463,0.716610833
C1,RandomForestRegressor,Train,157,64.36464267
C1,RandomForestRegressor,Train,236,0.028945067
C1,RandomForestRegressor,Train,129,13.36916842
C1,RandomForestRegressor,Train,134,5.820753184
C1,RandomForestRegressor,Train,570,119.4799517
C1,RandomForestRegressor,Train,616,35.75459883
C1,RandomForestRegressor,Train,634,158.5459238
C1,RandomForestRegressor,Train,13,156.2117555
C1,RandomForestRegressor,Train,245,16.26654533
C1,RandomForestRegressor,Train,347,14.69852702
C1,RandomForestRegressor,Train,7,196.1714116
C1,RandomForestRegressor,Train,332,8.782322344
C1,RandomForestRegressor,Train,196,12.1777256
C1,RandomForestRegressor,Train,330,8.985356983
C1,RandomForestRegressor,Train,365,4.309883183
C1,RandomForestRegressor,Train,433,0.350665833
C1,RandomForestRegressor,Train,489,0.7695925
C1,RandomForestRegressor,Train,363,5.623229683
C1,RandomForestRegressor,Train,70,45.57135933
C1,RandomForestRegressor,Train,499,0.897114167
C1,RandomForestRegressor,Train,36,167.2725924
C1,RandomForestRegressor,Train,211,137.0555175
C1,RandomForestRegressor,Train,118,13.12373617
C1,RandomForestRegressor,Train,619,21.60082878
C1,RandomForestRegressor,Train,179,50.13622817
C1,RandomForestRegressor,Train,573,122.0923003
C1,RandomForestRegressor,Train,86,12.96134017
C1,RandomForestRegressor,Train,661,12.66533383
C1,RandomForestRegressor,Train,79,62.260836
C1,RandomForestRegressor,Train,143,7.2694745
C1,RandomForestRegressor,Train,524,1.280817
C1,RandomForestRegressor,Train,380,238.813162
C1,RandomForestRegressor,Train,423,3.098518667
C1,RandomForestRegressor,Train,357,14.73780438
C1,RandomForestRegressor,Train,184,14.10111333
C1,RandomForestRegressor,Train,352,9.901601667
C1,RandomForestRegressor,Train,492,0.066765333
C1,RandomForestRegressor,Train,152,7.996293444
C1,RandomForestRegressor,Train,73,10.8372425
C1,RandomForestRegressor,Train,289,14.15066667
C1,RandomForestRegressor,Train,16,184.9296915
C1,RandomForestRegressor,Train,273,15.4557755
C1,RandomForestRegressor,Train,542,0.8319205
C1,RandomForestRegressor,Train,487,0.675646833
C1,RandomForestRegressor,Train,629,140.5578403
C1,RandomForestRegressor,Train,261,46.068767
C1,RandomForestRegressor,Train,122,12.13354935
C1,RandomForestRegressor,Train,335,0.299219
C1,RandomForestRegressor,Train,417,2.631887333
C1,RandomForestRegressor,Train,578,194.0353415
C1,RandomForestRegressor,Train,587,204.6318897
C1,RandomForestRegressor,Train,414,2.508215667
C1,RandomForestRegressor,Train,251,33.09776833
C1,RandomForestRegressor,Train,662,10.70082283
C1,RandomForestRegressor,Train,235,0.028945067
C1,RandomForestRegressor,Train,374,154.322196
C1,RandomForestRegressor,Train,326,9.851894778
C1,RandomForestRegressor,Train,281,29.63105517
C1,RandomForestRegressor,Train,620,16.07602878
C1,RandomForestRegressor,Train,90,19.9634675
C1,RandomForestRegressor,Train,419,0.408764333
C1,RandomForestRegressor,Train,453,2.717685167
C1,RandomForestRegressor,Train,592,7.358521833
C1,RandomForestRegressor,Train,479,0.088293167
C1,RandomForestRegressor,Train,562,21.66679083
C1,RandomForestRegressor,Train,618,33.96197233
C1,RandomForestRegressor,Train,133,7.786952543
C1,RandomForestRegressor,Train,483,0.435172667
C1,RandomForestRegressor,Train,391,252.4556357
C1,RandomForestRegressor,Train,18,180.688172
C1,RandomForestRegressor,Train,396,168.6389347
C1,RandomForestRegressor,Train,355,10.79719342
C1,RandomForestRegressor,Train,636,197.91765
C1,RandomForestRegressor,Train,547,3.1677775
C1,RandomForestRegressor,Train,204,6.815208501
C1,RandomForestRegressor,Train,468,0.9826455
C1,RandomForestRegressor,Train,561,20.7957715
C1,RandomForestRegressor,Train,183,54.42930767
C1,RandomForestRegressor,Train,159,87.36116767
C1,RandomForestRegressor,Train,117,15.2179645
C1,RandomForestRegressor,Train,394,194.7849123
C1,RandomForestRegressor,Train,527,-0.049847833
C1,RandomForestRegressor,Train,371,11.342416
C1,RandomForestRegressor,Train,333,8.419826011
C1,RandomForestRegressor,Train,45,66.7863625
C1,RandomForestRegressor,Train,327,9.350774889
C1,RandomForestRegressor,Train,536,1.219166167
C1,RandomForestRegressor,Train,671,5.6659625
C1,RandomForestRegressor,Train,623,23.84232967
C1,RandomForestRegressor,Train,221,18.05974192
C1,RandomForestRegressor,Train,512,1.055172
C1,RandomForestRegressor,Train,206,29.86681169
C1,RandomForestRegressor,Train,612,190.2072618
C1,RandomForestRegressor,Train,466,0.318508167
C1,RandomForestRegressor,Train,346,12.89223171
C1,RandomForestRegressor,Train,233,1.825898021
C1,RandomForestRegressor,Train,532,0.9010995
C1,RandomForestRegressor,Train,370,17.39720683
C1,RandomForestRegressor,Train,475,2.586537
C1,RandomForestRegressor,Train,87,17.73972262
C1,RandomForestRegressor,Train,534,1.115602667
C1,RandomForestRegressor,Train,302,30.9874095
C1,RandomForestRegressor,Train,665,9.028318667
C1,RandomForestRegressor,Train,314,64.72509683
C1,RandomForestRegressor,Train,219,140.8593223
C1,RandomForestRegressor,Train,537,1.190932333
C1,RandomForestRegressor,Train,142,6.628113667
C1,RandomForestRegressor,Train,388,192.6316828
C1,RandomForestRegressor,Train,465,0.8191175
C1,RandomForestRegressor,Train,588,207.0092262
C1,RandomForestRegressor,Train,108,15.71924933
C1,RandomForestRegressor,Train,40,182.1103903
C1,RandomForestRegressor,Train,14,175.3602858
C1,RandomForestRegressor,Train,322,9.475285333
C1,RandomForestRegressor,Train,438,0.873256
C1,RandomForestRegressor,Train,622,21.78460017
C1,RandomForestRegressor,Train,440,0.996452167
C1,RandomForestRegressor,Train,384,247.1795345
C1,RandomForestRegressor,Train,185,22.09481411
C1,RandomForestRegressor,Train,192,58.41798478
C1,RandomForestRegressor,Train,105,14.89522067
C1,RandomForestRegressor,Train,223,57.93693283
C1,RandomForestRegressor,Train,581,193.5436098
C1,RandomForestRegressor,Train,30,181.9394095
C1,RandomForestRegressor,Train,262,40.09960033
C1,RandomForestRegressor,Train,116,17.30274967
C1,RandomForestRegressor,Train,550,23.1831455
C1,RandomForestRegressor,Train,401,222.1417307
C1,RandomForestRegressor,Train,34,147.5407897
C1,RandomForestRegressor,Train,269,13.371098
C1,RandomForestRegressor,Train,257,58.81195095
C1,RandomForestRegressor,Train,408,0.435143167
C1,RandomForestRegressor,Train,43,41.689318
C1,RandomForestRegressor,Train,517,0.4147165
C1,RandomForestRegressor,Train,247,14.18263033
C1,RandomForestRegressor,Train,529,0.294146
C1,RandomForestRegressor,Train,97,14.92058517
C1,RandomForestRegressor,Train,655,5.187706167
C1,RandomForestRegressor,Train,584,199.909479
C1,RandomForestRegressor,Train,462,0.6829525
C1,RandomForestRegressor,Train,637,200.5575293
C1,RandomForestRegressor,Train,557,27.10061617
C1,RandomForestRegressor,Train,443,0.776139167
C1,RandomForestRegressor,Train,640,8.2400225
C1,RandomForestRegressor,Train,301,79.82292433
C1,RandomForestRegressor,Train,398,191.2922518
C1,RandomForestRegressor,Train,377,60.89016267
C1,RandomForestRegressor,Train,297,203.4316667
C1,RandomForestRegressor,Train,230,1.114343722
C1,RandomForestRegressor,Train,201,85.13048144
C1,RandomForestRegressor,Train,454,0.009157
C1,RandomForestRegressor,Train,589,206.1994803
C1,RandomForestRegressor,Train,378,234.7584187
C1,RandomForestRegressor,Train,186,42.92045317
C1,RandomForestRegressor,Train,456,0.0699795
C1,RandomForestRegressor,Train,254,23.04610167
C1,RandomForestRegressor,Train,498,0.814837333
C1,RandomForestRegressor,Train,614,35.99533828
C1,RandomForestRegressor,Train,564,25.67902083
C1,RandomForestRegressor,Train,386,257.5725088
C1,RandomForestRegressor,Train,459,0.496974667
C1,RandomForestRegressor,Train,295,218.515
C1,RandomForestRegressor,Train,450,2.725165167
C1,RandomForestRegressor,Train,339,1.30266525
C1,RandomForestRegressor,Train,23,178.9964181
C1,RandomForestRegressor,Train,345,10.50760779
C1,RandomForestRegressor,Train,342,3.551442089
C1,RandomForestRegressor,Train,102,14.23408811
C1,RandomForestRegressor,Train,658,14.673539
C1,RandomForestRegressor,Train,266,10.4092535
C1,RandomForestRegressor,Train,202,102.8073112
C1,RandomForestRegressor,Train,33,89.10072382
C1,RandomForestRegressor,Train,672,7.173625167
C1,RandomForestRegressor,Train,577,194.4480572
C1,RandomForestRegressor,Train,112,6.304088448
C1,RandomForestRegressor,Train,94,13.69133003
C1,RandomForestRegressor,Train,47,92.5457165
C1,RandomForestRegressor,Train,26,183.4268062
C1,RandomForestRegressor,Train,552,22.41435183
C1,RandomForestRegressor,Train,317,9.641891556
C1,RandomForestRegressor,Train,128,12.11915475
C1,RandomForestRegressor,Train,198,28.67856683
C1,RandomForestRegressor,Train,354,10.77506417
C1,RandomForestRegressor,Train,37,169.9928042
C1,RandomForestRegressor,Train,193,81.13536583
C1,RandomForestRegressor,Train,88,19.20459438
C1,RandomForestRegressor,Train,275,17.1557585
C1,RandomForestRegressor,Train,111,9.903598029
C1,RandomForestRegressor,Train,268,12.22026633
C1,RandomForestRegressor,Train,267,11.30923283
C1,RandomForestRegressor,Train,20,55.26533183
C1,RandomForestRegressor,Train,312,135.4959433
C1,RandomForestRegressor,Train,3,59.59274294
C1,RandomForestRegressor,Train,402,226.3313548
C1,RandomForestRegressor,Train,344,8.260511106
C1,RandomForestRegressor,Train,644,15.11627967
C1,RandomForestRegressor,Train,120,14.08082775
C1,RandomForestRegressor,Train,359,11.63327236
C1,RandomForestRegressor,Train,364,5.195555683
C1,RandomForestRegressor,Train,83,10.50351264
C1,RandomForestRegressor,Train,519,0.756536167
C1,RandomForestRegressor,Train,231,2.084021133
C1,RandomForestRegressor,Train,141,6.137855667
C1,RandomForestRegressor,Train,410,1.321428833
C1,RandomForestRegressor,Train,279,23.91245583
C1,RandomForestRegressor,Train,228,3.560829056
C1,RandomForestRegressor,Train,224,74.58359667
C1,RandomForestRegressor,Train,95,19.09868233
C1,RandomForestRegressor,Train,248,24.57253592
C1,RandomForestRegressor,Train,31,146.4071127
C1,RandomForestRegressor,Train,81,57.82454317
C1,RandomForestRegressor,Train,568,113.837614
C1,RandomForestRegressor,Train,553,23.630165
C1,RandomForestRegressor,Train,449,2.661147
C1,RandomForestRegressor,Train,387,235.0779383
C1,RandomForestRegressor,Train,174,9.358510833
C1,RandomForestRegressor,Train,630,151.4800608
C1,RandomForestRegressor,Train,240,20.36253592
C1,RandomForestRegressor,Train,358,13.92957738
C1,RandomForestRegressor,Train,19,179.1006847
C1,RandomForestRegressor,Train,645,12.95440433
C1,RandomForestRegressor,Train,189,18.07904083
C1,RandomForestRegressor,Train,643,10.71942317
C1,RandomForestRegressor,Train,63,70.24939533
C1,RandomForestRegressor,Train,205,24.57253592
C1,RandomForestRegressor,Train,325,9.477101611
C1,RandomForestRegressor,Train,329,9.585960317
C1,RandomForestRegressor,Train,368,29.79741133
C1,RandomForestRegressor,Train,321,9.556908
C1,RandomForestRegressor,Train,565,28.29975283
C1,RandomForestRegressor,Train,77,62.5019935
C1,RandomForestRegressor,Train,674,9.532501
C1,RandomForestRegressor,Train,190,28.45492883
C1,RandomForestRegressor,Train,546,2.945144167
C1,RandomForestRegressor,Train,580,196.3935102
C1,RandomForestRegressor,Train,328,9.388934685
C1,RandomForestRegressor,Train,343,5.325742422
C1,RandomForestRegressor,Train,324,8.5901655
C1,RandomForestRegressor,Train,35,158.1310774
C1,RandomForestRegressor,Train,657,12.09212583
C1,RandomForestRegressor,Train,400,208.6216265
C1,RandomForestRegressor,Train,298,186.7617842
C1,RandomForestRegressor,Train,509,0.8287995
C1,RandomForestRegressor,Train,426,4.198003
C1,RandomForestRegressor,Train,119,13.86971325
C1,RandomForestRegressor,Train,642,18.56246467
C1,RandomForestRegressor,Train,74,55.7073945
C1,RandomForestRegressor,Train,602,12.6304185
C1,RandomForestRegressor,Train,574,173.5773415
C1,RandomForestRegressor,Train,106,16.3273825
C1,RandomForestRegressor,Test,458,0.430488333
C1,RandomForestRegressor,Test,641,22.648867
C1,RandomForestRegressor,Test,318,9.628060889
C1,RandomForestRegressor,Test,436,0.781811667
C1,RandomForestRegressor,Test,283,16.70828817
C1,RandomForestRegressor,Test,24,180.1170684
C1,RandomForestRegressor,Test,473,2.447445333
C1,RandomForestRegressor,Test,29,167.8514156
C1,RandomForestRegressor,Test,282,18.39460367
C1,RandomForestRegressor,Test,362,7.287633839
C1,RandomForestRegressor,Test,104,16.41165417
C1,RandomForestRegressor,Test,617,37.43356267
C1,RandomForestRegressor,Test,229,3.496670222
C1,RandomForestRegressor,Test,404,233.2940755
C1,RandomForestRegressor,Test,209,93.13277158
C1,RandomForestRegressor,Test,613,186.0722602
C1,RandomForestRegressor,Test,621,28.19282467
C1,RandomForestRegressor,Test,604,17.64997183
C1,RandomForestRegressor,Test,659,15.08817517
C1,RandomForestRegressor,Test,600,15.0188565
C1,RandomForestRegressor,Test,670,5.287817167
C1,RandomForestRegressor,Test,526,-0.0345785
C1,RandomForestRegressor,Test,115,20.21167317
C1,RandomForestRegressor,Test,635,169.749432
C1,RandomForestRegressor,Test,434,0.639605333
C1,RandomForestRegressor,Test,59,67.0862105
C1,RandomForestRegressor,Test,503,0.2271995
C1,RandomForestRegressor,Test,631,171.207493
C1,RandomForestRegressor,Test,270,13.408132
C1,RandomForestRegressor,Test,259,51.53078366
C1,RandomForestRegressor,Test,625,109.4868108
C1,RandomForestRegressor,Test,367,52.30688133
C1,RandomForestRegressor,Test,336,0.331188
C1,RandomForestRegressor,Test,226,124.6454707
C1,RandomForestRegressor,Test,477,2.379277833
C1,RandomForestRegressor,Test,181,22.065115
C1,RandomForestRegressor,Test,427,4.096914333
C1,RandomForestRegressor,Test,294,227.3083333
C1,RandomForestRegressor,Test,8,194.4963612
C1,RandomForestRegressor,Test,238,0.028945067
C1,RandomForestRegressor,Test,533,1.026113667
C1,RandomForestRegressor,Test,586,202.0260608
C1,RandomForestRegressor,Test,160,89.50532283
C1,RandomForestRegressor,Test,505,0.378827
C1,RandomForestRegressor,Test,272,15.37626117
C1,RandomForestRegressor,Test,12,64.3087725
C1,RandomForestRegressor,Test,598,18.49680633
C1,RandomForestRegressor,Test,138,5.024094333
C1,RandomForestRegressor,Test,652,170.6775535
C1,RandomForestRegressor,Test,485,0.592888667
C1,RandomForestRegressor,Test,646,28.53871867
C1,RandomForestRegressor,Test,583,191.8349653
C1,RandomForestRegressor,Test,200,55.01146906
C1,RandomForestRegressor,Test,237,0.028945067
C1,RandomForestRegressor,Test,591,8.647618667
C1,RandomForestRegressor,Test,265,28.928202
C1,RandomForestRegressor,Test,76,59.50585083
C1,RandomForestRegressor,Test,57,72.43662867
C1,RandomForestRegressor,Test,307,180.3740268
C1,RandomForestRegressor,Test,46,59.09007567
C1,RandomForestRegressor,Test,447,2.1075785
C1,RandomForestRegressor,Test,481,0.208987
C1,RandomForestRegressor,Test,597,10.60617583
C1,RandomForestRegressor,Test,520,0.908352833
C1,RandomForestRegressor,Test,148,7.480186792
C1,RandomForestRegressor,Test,412,2.013584667
C1,RandomForestRegressor,Test,246,14.65214467
C1,RandomForestRegressor,Test,255,21.62836767
C1,RandomForestRegressor,Test,575,172.2476287
C1,RandomForestRegressor,Test,114,21.75860283
C1,RandomForestRegressor,Test,441,1.233227833
C1,RandomForestRegressor,Test,405,256.643443
C1,RandomForestRegressor,Test,278,16.97418017
C1,RandomForestRegressor,Test,430,0.1209065
C1,RandomForestRegressor,Test,490,0.0673405
C1,RandomForestRegressor,Test,608,185.5866547
C1,RandomForestRegressor,Test,199,46.74980008
C1,RandomForestRegressor,Test,353,10.27777333
C1,RandomForestRegressor,Test,673,7.014714667
C1,RandomForestRegressor,Test,135,4.662408108
C1,RandomForestRegressor,Test,130,16.08546725
C1,RandomForestRegressor,Test,147,7.445238833
C1,RandomForestRegressor,Test,340,2.888838922
C1,RandomForestRegressor,Test,493,0.198528
C1,RandomForestRegressor,Test,521,1.077316167
C1,RandomForestRegressor,Test,435,0.711231667
C1,RandomForestRegressor,Test,38,167.6392154
C1,RandomForestRegressor,Test,571,119.2921972
C1,RandomForestRegressor,Test,256,20.77552
C1,RandomForestRegressor,Test,496,0.6655865
C1,RandomForestRegressor,Test,601,17.35308167
C1,RandomForestRegressor,Test,173,9.093302167
C1,RandomForestRegressor,Test,212,15.15281748
C1,RandomForestRegressor,Test,311,151.5601313
C1,RandomForestRegressor,Test,249,30.18693333
C1,RandomForestRegressor,Test,131,18.90622002
C1,RandomForestRegressor,Test,647,25.22665517
C1,RandomForestRegressor,Test,579,189.059028
C1,RandomForestRegressor,Test,239,6.815208501
C1,RandomForestRegressor,Test,171,7.005674833
C1,RandomForestRegressor,Test,244,17.59904533
C1,RandomForestRegressor,Test,334,8.417956011
C1,RandomForestRegressor,Test,89,20.44697154
C1,RandomForestRegressor,Test,137,3.695571719
C1,RandomForestRegressor,Test,107,16.05162983
C1,RandomForestRegressor,Test,376,126.4582638
C1,RandomForestRegressor,Test,91,20.68661689
C1,RandomForestRegressor,Test,25,181.720043
C1,RandomForestRegressor,Test,319,9.551894222
C1,RandomForestRegressor,Test,72,20.13989133
C1,RandomForestRegressor,Test,164,2.403819
C1,RandomForestRegressor,Test,49,94.17078817
C1,RandomForestRegressor,Test,395,150.4633295
C1,RandomForestRegressor,Test,650,150.370564
C1,RandomForestRegressor,Test,149,7.699330958
C1,RandomForestRegressor,Test,242,21.532136
C1,RandomForestRegressor,Test,429,4.042859
C1,RandomForestRegressor,Test,166,2.8400765
C1,RandomForestRegressor,Test,515,0.172928833
C1,RandomForestRegressor,Test,271,13.39201217
C1,RandomForestRegressor,Test,292,243.8683333
C1,RandomForestRegressor,Test,491,0.070655333
C1,RandomForestRegressor,Test,100,31.43803372
C1,RandomForestRegressor,Test,39,175.489008
C1,RandomForestRegressor,Test,145,7.440664167
C1,RandomForestRegressor,Test,549,2.724862
C1,RandomForestRegressor,Test,227,131.3960368
C1,RandomForestRegressor,Test,615,35.49445744
C1,RandomForestRegressor,Test,502,0.226552
C1,RandomForestRegressor,Test,420,0.6668705
C1,RandomForestRegressor,Test,476,2.487094
C1,RandomForestRegressor,Test,372,164.6100693
C1,RandomForestRegressor,Test,151,7.859528842
C1,RandomForestRegressor,Test,68,59.1895975
C1,RandomForestRegressor,Test,556,27.59545
C1,SVR_RBF,Train,424,3.347457833
C1,SVR_RBF,Train,146,7.349775209
C1,SVR_RBF,Train,93,11.23331799
C1,SVR_RBF,Train,323,9.492409916
C1,SVR_RBF,Train,539,0.26706366
C1,SVR_RBF,Train,99,11.09846137
C1,SVR_RBF,Train,92,5.783683792
C1,SVR_RBF,Train,28,139.3959511
C1,SVR_RBF,Train,258,38.80242785
C1,SVR_RBF,Train,632,154.4144659
C1,SVR_RBF,Train,366,160.8255437
C1,SVR_RBF,Train,150,7.550012762
C1,SVR_RBF,Train,572,117.8677033
C1,SVR_RBF,Train,638,208.6974252
C1,SVR_RBF,Train,421,2.000156477
C1,SVR_RBF,Train,27,148.9654202
C1,SVR_RBF,Train,50,93.18760504
C1,SVR_RBF,Train,286,18.90660336
C1,SVR_RBF,Train,213,45.04380709
C1,SVR_RBF,Train,445,1.339399327
C1,SVR_RBF,Train,252,29.23278435
C1,SVR_RBF,Train,85,14.05490627
C1,SVR_RBF,Train,461,0.694978271
C1,SVR_RBF,Train,455,-0.088479487
C1,SVR_RBF,Train,375,137.545822
C1,SVR_RBF,Train,210,90.18400168
C1,SVR_RBF,Train,290,11.99951635
C1,SVR_RBF,Train,15,186.0443501
C1,SVR_RBF,Train,535,2.145250709
C1,SVR_RBF,Train,596,4.703961715
C1,SVR_RBF,Train,514,0.159625946
C1,SVR_RBF,Train,651,179.2231591
C1,SVR_RBF,Train,62,54.60502306
C1,SVR_RBF,Train,58,71.04499344
C1,SVR_RBF,Train,78,62.39767922
C1,SVR_RBF,Train,274,18.87414075
C1,SVR_RBF,Train,418,1.709476573
C1,SVR_RBF,Train,522,1.485516149
C1,SVR_RBF,Train,516,0.244661173
C1,SVR_RBF,Train,633,161.6371973
C1,SVR_RBF,Train,656,10.80277847
C1,SVR_RBF,Train,431,0.043526961
C1,SVR_RBF,Train,51,37.27851049
C1,SVR_RBF,Train,497,0.765645579
C1,SVR_RBF,Train,425,3.964473688
C1,SVR_RBF,Train,331,8.799987699
C1,SVR_RBF,Train,413,2.400402087
C1,SVR_RBF,Train,109,29.01990649
C1,SVR_RBF,Train,42,182.8277078
C1,SVR_RBF,Train,75,54.85347712
C1,SVR_RBF,Train,432,0.079203023
C1,SVR_RBF,Train,626,119.6350924
C1,SVR_RBF,Train,480,0.185230103
C1,SVR_RBF,Train,222,58.30433369
C1,SVR_RBF,Train,442,1.089597475
C1,SVR_RBF,Train,460,0.56516172
C1,SVR_RBF,Train,21,105.9924004
C1,SVR_RBF,Train,55,75.63203235
C1,SVR_RBF,Train,291,236.8083664
C1,SVR_RBF,Train,217,65.24641298
C1,SVR_RBF,Train,392,258.2139937
C1,SVR_RBF,Train,544,1.950762317
C1,SVR_RBF,Train,203,128.9588716
C1,SVR_RBF,Train,305,202.1549535
C1,SVR_RBF,Train,664,8.173089499
C1,SVR_RBF,Train,558,18.21785415
C1,SVR_RBF,Train,113,1.100287343
C1,SVR_RBF,Train,188,32.8991559
C1,SVR_RBF,Train,220,56.41745111
C1,SVR_RBF,Train,80,68.76475489
C1,SVR_RBF,Train,383,50.97600082
C1,SVR_RBF,Train,41,185.7352021
C1,SVR_RBF,Train,654,10.0645189
C1,SVR_RBF,Train,548,3.272254119
C1,SVR_RBF,Train,484,0.492243377
C1,SVR_RBF,Train,17,191.14851
C1,SVR_RBF,Train,123,6.198751499
C1,SVR_RBF,Train,132,10.90156587
C1,SVR_RBF,Train,341,4.526329742
C1,SVR_RBF,Train,511,0.706039092
C1,SVR_RBF,Train,482,0.263847254
C1,SVR_RBF,Train,48,96.0823356
C1,SVR_RBF,Train,349,8.890413202
C1,SVR_RBF,Train,494,0.19053758
C1,SVR_RBF,Train,304,198.9000322
C1,SVR_RBF,Train,525,1.42793895
C1,SVR_RBF,Train,308,187.1003728
C1,SVR_RBF,Train,4,116.4204682
C1,SVR_RBF,Train,437,0.894621864
C1,SVR_RBF,Train,531,0.858232323
C1,SVR_RBF,Train,165,2.254059304
C1,SVR_RBF,Train,474,2.878438501
C1,SVR_RBF,Train,409,1.04806023
C1,SVR_RBF,Train,627,126.7968259
C1,SVR_RBF,Train,567,114.7321389
C1,SVR_RBF,Train,280,23.43959837
C1,SVR_RBF,Train,82,74.08509556
C1,SVR_RBF,Train,605,58.38077026
C1,SVR_RBF,Train,350,9.154516879
C1,SVR_RBF,Train,470,1.631458225
C1,SVR_RBF,Train,446,1.579836503
C1,SVR_RBF,Train,541,0.508545103
C1,SVR_RBF,Train,96,13.0827093
C1,SVR_RBF,Train,444,1.215447333
C1,SVR_RBF,Train,154,70.22537539
C1,SVR_RBF,Train,582,194.5430666
C1,SVR_RBF,Train,140,7.31056655
C1,SVR_RBF,Train,125,6.947819708
C1,SVR_RBF,Train,60,39.85434139
C1,SVR_RBF,Train,52,44.14861559
C1,SVR_RBF,Train,560,19.26992454
C1,SVR_RBF,Train,225,74.34925976
C1,SVR_RBF,Train,287,17.86126084
C1,SVR_RBF,Train,403,232.6273089
C1,SVR_RBF,Train,158,71.1071941
C1,SVR_RBF,Train,389,58.75775218
C1,SVR_RBF,Train,250,34.69317326
C1,SVR_RBF,Train,361,7.864032143
C1,SVR_RBF,Train,234,19.90386822
C1,SVR_RBF,Train,457,0.019436002
C1,SVR_RBF,Train,66,62.0567362
C1,SVR_RBF,Train,523,1.391614352
C1,SVR_RBF,Train,639,-5.011980861
C1,SVR_RBF,Train,390,233.7373526
C1,SVR_RBF,Train,369,108.0752223
C1,SVR_RBF,Train,360,9.574765499
C1,SVR_RBF,Train,215,48.39767492
C1,SVR_RBF,Train,98,11.71185414
C1,SVR_RBF,Train,207,37.5000733
C1,SVR_RBF,Train,464,0.168940704
C1,SVR_RBF,Train,208,43.38702973
C1,SVR_RBF,Train,538,0.186029164
C1,SVR_RBF,Train,276,16.11405457
C1,SVR_RBF,Train,264,28.09987095
C1,SVR_RBF,Train,214,46.16057033
C1,SVR_RBF,Train,169,6.704551554
C1,SVR_RBF,Train,668,12.02234178
C1,SVR_RBF,Train,284,20.1290425
C1,SVR_RBF,Train,168,3.341252302
C1,SVR_RBF,Train,293,248.9003479
C1,SVR_RBF,Train,448,2.388855896
C1,SVR_RBF,Train,599,56.38105945
C1,SVR_RBF,Train,232,32.81741404
C1,SVR_RBF,Train,559,18.74236339
C1,SVR_RBF,Train,593,4.260249637
C1,SVR_RBF,Train,373,182.4884282
C1,SVR_RBF,Train,411,1.632573118
C1,SVR_RBF,Train,667,10.82271704
C1,SVR_RBF,Train,64,65.05739537
C1,SVR_RBF,Train,126,7.844941145
C1,SVR_RBF,Train,170,7.113373499
C1,SVR_RBF,Train,156,70.46743134
C1,SVR_RBF,Train,32,108.9371277
C1,SVR_RBF,Train,554,24.25170715
C1,SVR_RBF,Train,310,159.9003595
C1,SVR_RBF,Train,555,24.6524862
C1,SVR_RBF,Train,566,114.079931
C1,SVR_RBF,Train,9,198.0855556
C1,SVR_RBF,Train,648,67.86072221
C1,SVR_RBF,Train,610,189.8350256
C1,SVR_RBF,Train,139,7.308656445
C1,SVR_RBF,Train,306,202.2207301
C1,SVR_RBF,Train,428,4.461498544
C1,SVR_RBF,Train,551,23.04860863
C1,SVR_RBF,Train,53,57.2738187
C1,SVR_RBF,Train,393,219.8719485
C1,SVR_RBF,Train,338,0.287111609
C1,SVR_RBF,Train,595,4.553753019
C1,SVR_RBF,Train,381,203.1465356
C1,SVR_RBF,Train,607,188.373308
C1,SVR_RBF,Train,71,45.65033536
C1,SVR_RBF,Train,320,9.499842974
C1,SVR_RBF,Train,313,109.9000882
C1,SVR_RBF,Train,451,2.884163478
C1,SVR_RBF,Train,530,0.427394715
C1,SVR_RBF,Train,162,1.811973953
C1,SVR_RBF,Train,144,7.320701024
C1,SVR_RBF,Train,65,64.4072355
C1,SVR_RBF,Train,513,0.99113979
C1,SVR_RBF,Train,590,3.837960236
C1,SVR_RBF,Train,167,2.69684615
C1,SVR_RBF,Train,153,6.94745246
C1,SVR_RBF,Train,67,58.51656608
C1,SVR_RBF,Train,10,184.4270632
C1,SVR_RBF,Train,576,154.0087873
C1,SVR_RBF,Train,422,2.288604132
C1,SVR_RBF,Train,309,165.5735314
C1,SVR_RBF,Train,348,8.798522089
C1,SVR_RBF,Train,563,20.86945483
C1,SVR_RBF,Train,653,192.6026655
C1,SVR_RBF,Train,585,196.7344801
C1,SVR_RBF,Train,471,2.066219865
C1,SVR_RBF,Train,180,14.52739836
C1,SVR_RBF,Train,611,190.2868592
C1,SVR_RBF,Train,103,15.52263365
C1,SVR_RBF,Train,472,2.41577432
C1,SVR_RBF,Train,467,1.196951995
C1,SVR_RBF,Train,54,69.73074209
C1,SVR_RBF,Train,506,0.281434561
C1,SVR_RBF,Train,175,17.15293445
C1,SVR_RBF,Train,469,1.388168451
C1,SVR_RBF,Train,594,4.405833875
C1,SVR_RBF,Train,606,187.8511063
C1,SVR_RBF,Train,136,2.512131025
C1,SVR_RBF,Train,500,0.713084699
C1,SVR_RBF,Train,528,0.083982857
C1,SVR_RBF,Train,356,10.82259162
C1,SVR_RBF,Train,101,10.84994749
C1,SVR_RBF,Train,176,10.33744382
C1,SVR_RBF,Train,407,0.8984179
C1,SVR_RBF,Train,508,0.630778505
C1,SVR_RBF,Train,277,17.07135552
C1,SVR_RBF,Train,439,0.712183859
C1,SVR_RBF,Train,316,9.214452368
C1,SVR_RBF,Train,486,0.693550264
C1,SVR_RBF,Train,110,14.18704014
C1,SVR_RBF,Train,44,42.75097353
C1,SVR_RBF,Train,452,2.613798941
C1,SVR_RBF,Train,241,33.67353253
C1,SVR_RBF,Train,195,112.947929
C1,SVR_RBF,Train,182,39.01446732
C1,SVR_RBF,Train,351,9.320495496
C1,SVR_RBF,Train,385,266.5502635
C1,SVR_RBF,Train,296,194.2082731
C1,SVR_RBF,Train,478,0.162337368
C1,SVR_RBF,Train,399,206.3592967
C1,SVR_RBF,Train,155,70.30618832
C1,SVR_RBF,Train,299,141.9920152
C1,SVR_RBF,Train,56,76.83561143
C1,SVR_RBF,Train,11,118.3515039
C1,SVR_RBF,Train,178,27.92778359
C1,SVR_RBF,Train,603,57.72741053
C1,SVR_RBF,Train,663,7.912995699
C1,SVR_RBF,Train,5,129.6504769
C1,SVR_RBF,Train,263,28.72437451
C1,SVR_RBF,Train,300,122.4781758
C1,SVR_RBF,Train,669,5.454740103
C1,SVR_RBF,Train,315,93.71016801
C1,SVR_RBF,Train,518,0.495192354
C1,SVR_RBF,Train,216,54.00634133
C1,SVR_RBF,Train,22,115.0074051
C1,SVR_RBF,Train,397,200.3599421
C1,SVR_RBF,Train,609,189.3654041
C1,SVR_RBF,Train,121,13.24078689
C1,SVR_RBF,Train,628,133.6603027
C1,SVR_RBF,Train,177,15.9993194
C1,SVR_RBF,Train,61,45.23368505
C1,SVR_RBF,Train,501,0.978619223
C1,SVR_RBF,Train,243,28.43448145
C1,SVR_RBF,Train,260,33.66259178
C1,SVR_RBF,Train,504,0.128038925
C1,SVR_RBF,Train,649,164.1170624
C1,SVR_RBF,Train,127,9.832010522
C1,SVR_RBF,Train,510,0.839672935
C1,SVR_RBF,Train,69,89.90050966
C1,SVR_RBF,Train,303,193.1943098
C1,SVR_RBF,Train,285,19.54909074
C1,SVR_RBF,Train,194,75.50726745
C1,SVR_RBF,Train,415,2.787494165
C1,SVR_RBF,Train,253,27.11820132
C1,SVR_RBF,Train,507,0.471724194
C1,SVR_RBF,Train,197,30.11513413
C1,SVR_RBF,Train,84,6.983794056
C1,SVR_RBF,Train,495,0.380608367
C1,SVR_RBF,Train,540,0.34787184
C1,SVR_RBF,Train,337,-0.667572998
C1,SVR_RBF,Train,406,0.848796644
C1,SVR_RBF,Train,161,72.51465331
C1,SVR_RBF,Train,6,161.3612803
C1,SVR_RBF,Train,624,104.664289
C1,SVR_RBF,Train,382,128.9809372
C1,SVR_RBF,Train,569,116.0120074
C1,SVR_RBF,Train,172,8.813473685
C1,SVR_RBF,Train,660,18.99031543
C1,SVR_RBF,Train,666,9.436601134
C1,SVR_RBF,Train,488,0.587737657
C1,SVR_RBF,Train,191,36.37286194
C1,SVR_RBF,Train,379,255.9610598
C1,SVR_RBF,Train,545,2.583692556
C1,SVR_RBF,Train,218,98.19392985
C1,SVR_RBF,Train,416,2.664658481
C1,SVR_RBF,Train,288,16.22621285
C1,SVR_RBF,Train,187,67.00662909
C1,SVR_RBF,Train,163,1.904792498
C1,SVR_RBF,Train,543,1.421007362
C1,SVR_RBF,Train,124,6.524656111
C1,SVR_RBF,Train,463,0.352842259
C1,SVR_RBF,Train,157,70.62815914
C1,SVR_RBF,Train,236,-0.100246133
C1,SVR_RBF,Train,129,14.54356095
C1,SVR_RBF,Train,134,4.896872882
C1,SVR_RBF,Train,570,116.6392993
C1,SVR_RBF,Train,616,28.37552547
C1,SVR_RBF,Train,634,177.2755486
C1,SVR_RBF,Train,13,134.3342693
C1,SVR_RBF,Train,245,25.8324025
C1,SVR_RBF,Train,347,15.43438927
C1,SVR_RBF,Train,7,187.7998614
C1,SVR_RBF,Train,332,8.499538589
C1,SVR_RBF,Train,196,29.03930594
C1,SVR_RBF,Train,330,9.103875568
C1,SVR_RBF,Train,365,3.593338587
C1,SVR_RBF,Train,433,0.149648347
C1,SVR_RBF,Train,489,0.958281421
C1,SVR_RBF,Train,363,5.13984171
C1,SVR_RBF,Train,70,74.080829
C1,SVR_RBF,Train,499,0.847087838
C1,SVR_RBF,Train,36,153.9638014
C1,SVR_RBF,Train,211,140.4675551
C1,SVR_RBF,Train,118,13.65326611
C1,SVR_RBF,Train,619,17.67182967
C1,SVR_RBF,Train,179,47.60375035
C1,SVR_RBF,Train,573,118.4684684
C1,SVR_RBF,Train,86,17.89237977
C1,SVR_RBF,Train,661,13.0298169
C1,SVR_RBF,Train,79,65.40259349
C1,SVR_RBF,Train,143,7.316264322
C1,SVR_RBF,Train,524,1.178696313
C1,SVR_RBF,Train,380,247.0134923
C1,SVR_RBF,Train,423,2.843568309
C1,SVR_RBF,Train,357,15.38803379
C1,SVR_RBF,Train,184,19.98307833
C1,SVR_RBF,Train,352,9.5535649
C1,SVR_RBF,Train,492,0.051242471
C1,SVR_RBF,Train,152,7.314263132
C1,SVR_RBF,Train,73,2.10023679
C1,SVR_RBF,Train,289,14.1000115
C1,SVR_RBF,Train,16,194.5478101
C1,SVR_RBF,Train,273,16.45044057
C1,SVR_RBF,Train,542,0.824352069
C1,SVR_RBF,Train,487,0.649049299
C1,SVR_RBF,Train,629,130.6540274
C1,SVR_RBF,Train,261,31.63633815
C1,SVR_RBF,Train,122,14.18704014
C1,SVR_RBF,Train,335,-1.139601728
C1,SVR_RBF,Train,417,2.881196976
C1,SVR_RBF,Train,578,154.9835864
C1,SVR_RBF,Train,587,198.1066423
C1,SVR_RBF,Train,414,2.668711838
C1,SVR_RBF,Train,251,31.07799834
C1,SVR_RBF,Train,662,9.320187828
C1,SVR_RBF,Train,235,9.156445119
C1,SVR_RBF,Train,374,169.0672108
C1,SVR_RBF,Train,326,8.499854142
C1,SVR_RBF,Train,281,26.97355801
C1,SVR_RBF,Train,620,24.93153635
C1,SVR_RBF,Train,90,20.20884902
C1,SVR_RBF,Train,419,1.782131506
C1,SVR_RBF,Train,453,2.83227278
C1,SVR_RBF,Train,592,4.117045689
C1,SVR_RBF,Train,479,0.173526169
C1,SVR_RBF,Train,562,20.33361715
C1,SVR_RBF,Train,618,39.89730803
C1,SVR_RBF,Train,133,6.947819708
C1,SVR_RBF,Train,483,0.37983033
C1,SVR_RBF,Train,391,261.1554895
C1,SVR_RBF,Train,18,180.8351013
C1,SVR_RBF,Train,396,198.787965
C1,SVR_RBF,Train,355,10.3113337
C1,SVR_RBF,Train,636,193.9559089
C1,SVR_RBF,Train,547,3.290478544
C1,SVR_RBF,Train,204,32.81741404
C1,SVR_RBF,Train,468,1.261412415
C1,SVR_RBF,Train,561,19.80039136
C1,SVR_RBF,Train,183,65.44542218
C1,SVR_RBF,Train,159,71.5813878
C1,SVR_RBF,Train,117,13.80271982
C1,SVR_RBF,Train,394,147.7857042
C1,SVR_RBF,Train,527,0.02593291
C1,SVR_RBF,Train,371,7.491203636
C1,SVR_RBF,Train,333,8.300319799
C1,SVR_RBF,Train,45,62.22994118
C1,SVR_RBF,Train,327,8.819769057
C1,SVR_RBF,Train,536,2.188082859
C1,SVR_RBF,Train,671,5.379104392
C1,SVR_RBF,Train,623,47.17549137
C1,SVR_RBF,Train,221,57.36060172
C1,SVR_RBF,Train,512,0.585758571
C1,SVR_RBF,Train,206,35.15523525
C1,SVR_RBF,Train,612,190.7207859
C1,SVR_RBF,Train,466,1.131849106
C1,SVR_RBF,Train,346,13.11971755
C1,SVR_RBF,Train,233,28.79194249
C1,SVR_RBF,Train,532,1.238907156
C1,SVR_RBF,Train,370,57.26076142
C1,SVR_RBF,Train,475,2.641366135
C1,SVR_RBF,Train,87,19.65782612
C1,SVR_RBF,Train,534,1.970799323
C1,SVR_RBF,Train,302,102.795602
C1,SVR_RBF,Train,665,8.687211449
C1,SVR_RBF,Train,314,101.832434
C1,SVR_RBF,Train,219,144.7178581
C1,SVR_RBF,Train,537,2.711920176
C1,SVR_RBF,Train,142,7.312470149
C1,SVR_RBF,Train,388,141.3536334
C1,SVR_RBF,Train,465,0.782356843
C1,SVR_RBF,Train,588,198.7654854
C1,SVR_RBF,Train,108,16.84881122
C1,SVR_RBF,Train,40,182.4861789
C1,SVR_RBF,Train,14,165.1563748
C1,SVR_RBF,Train,322,9.497224086
C1,SVR_RBF,Train,438,0.928251805
C1,SVR_RBF,Train,622,39.74734365
C1,SVR_RBF,Train,440,0.542730203
C1,SVR_RBF,Train,384,238.7103758
C1,SVR_RBF,Train,185,27.38351323
C1,SVR_RBF,Train,192,40.74111298
C1,SVR_RBF,Train,105,15.19559894
C1,SVR_RBF,Train,223,60.19318126
C1,SVR_RBF,Train,581,156.3409291
C1,SVR_RBF,Train,30,182.8277078
C1,SVR_RBF,Train,262,29.33610022
C1,SVR_RBF,Train,116,13.89155935
C1,SVR_RBF,Train,550,22.64774102
C1,SVR_RBF,Train,401,215.8166579
C1,SVR_RBF,Train,34,143.8128219
C1,SVR_RBF,Train,269,13.00752411
C1,SVR_RBF,Train,257,37.5000733
C1,SVR_RBF,Train,408,0.948207219
C1,SVR_RBF,Train,43,35.70292984
C1,SVR_RBF,Train,517,0.329202293
C1,SVR_RBF,Train,247,24.69651907
C1,SVR_RBF,Train,529,0.199602115
C1,SVR_RBF,Train,97,12.39573431
C1,SVR_RBF,Train,655,10.43338327
C1,SVR_RBF,Train,584,196.0215568
C1,SVR_RBF,Train,462,0.672993874
C1,SVR_RBF,Train,637,201.6027172
C1,SVR_RBF,Train,557,25.45292249
C1,SVR_RBF,Train,443,1.152730583
C1,SVR_RBF,Train,640,-0.897746689
C1,SVR_RBF,Train,301,112.6211187
C1,SVR_RBF,Train,398,203.6863929
C1,SVR_RBF,Train,377,31.7132894
C1,SVR_RBF,Train,297,186.4877158
C1,SVR_RBF,Train,230,24.10500497
C1,SVR_RBF,Train,201,49.70365233
C1,SVR_RBF,Train,454,-0.125324327
C1,SVR_RBF,Train,589,199.4059176
C1,SVR_RBF,Train,378,232.4147621
C1,SVR_RBF,Train,186,42.65245518
C1,SVR_RBF,Train,456,-0.052038375
C1,SVR_RBF,Train,254,26.55325037
C1,SVR_RBF,Train,498,0.880848152
C1,SVR_RBF,Train,614,17.05438408
C1,SVR_RBF,Train,564,21.40775704
C1,SVR_RBF,Train,386,261.2658852
C1,SVR_RBF,Train,459,0.390994467
C1,SVR_RBF,Train,295,225.0998104
C1,SVR_RBF,Train,450,2.9744246
C1,SVR_RBF,Train,339,1.907911737
C1,SVR_RBF,Train,23,135.8550015
C1,SVR_RBF,Train,345,10.82259162
C1,SVR_RBF,Train,342,4.967880556
C1,SVR_RBF,Train,102,14.41491455
C1,SVR_RBF,Train,658,13.77602022
C1,SVR_RBF,Train,266,12.32846333
C1,SVR_RBF,Train,202,82.07801556
C1,SVR_RBF,Train,33,66.19891897
C1,SVR_RBF,Train,672,5.308415791
C1,SVR_RBF,Train,577,154.5030932
C1,SVR_RBF,Train,112,1.899825339
C1,SVR_RBF,Train,94,13.54148704
C1,SVR_RBF,Train,47,88.88501602
C1,SVR_RBF,Train,26,158.1843554
C1,SVR_RBF,Train,552,23.44964325
C1,SVR_RBF,Train,317,9.421645524
C1,SVR_RBF,Train,128,12.06507719
C1,SVR_RBF,Train,198,31.19285212
C1,SVR_RBF,Train,354,10.13200357
C1,SVR_RBF,Train,37,160.8918732
C1,SVR_RBF,Train,193,49.5251041
C1,SVR_RBF,Train,88,20.31217422
C1,SVR_RBF,Train,275,15.54894348
C1,SVR_RBF,Train,111,5.100284493
C1,SVR_RBF,Train,268,12.62209336
C1,SVR_RBF,Train,267,12.46876848
C1,SVR_RBF,Train,20,105.2691959
C1,SVR_RBF,Train,312,125.6146607
C1,SVR_RBF,Train,3,113.5421648
C1,SVR_RBF,Train,402,221.1521649
C1,SVR_RBF,Train,344,8.547985492
C1,SVR_RBF,Train,644,39.93488579
C1,SVR_RBF,Train,120,13.2217762
C1,SVR_RBF,Train,359,11.35863497
C1,SVR_RBF,Train,364,4.153469803
C1,SVR_RBF,Train,83,2.82565765
C1,SVR_RBF,Train,519,0.804733397
C1,SVR_RBF,Train,231,30.78973716
C1,SVR_RBF,Train,141,7.311261557
C1,SVR_RBF,Train,410,1.247313205
C1,SVR_RBF,Train,279,20.00620914
C1,SVR_RBF,Train,228,10.87973451
C1,SVR_RBF,Train,224,64.91915857
C1,SVR_RBF,Train,95,13.68857767
C1,SVR_RBF,Train,248,33.98539217
C1,SVR_RBF,Train,31,155.6036171
C1,SVR_RBF,Train,81,71.72145818
C1,SVR_RBF,Train,568,115.3762264
C1,SVR_RBF,Train,553,23.850718
C1,SVR_RBF,Train,449,2.78191282
C1,SVR_RBF,Train,387,218.2477305
C1,SVR_RBF,Train,174,11.51053381
C1,SVR_RBF,Train,630,138.8551516
C1,SVR_RBF,Train,240,34.27370582
C1,SVR_RBF,Train,358,13.19301286
C1,SVR_RBF,Train,19,159.3326343
C1,SVR_RBF,Train,645,46.92935569
C1,SVR_RBF,Train,189,33.76551028
C1,SVR_RBF,Train,643,12.29537575
C1,SVR_RBF,Train,63,62.13290257
C1,SVR_RBF,Train,205,33.98539217
C1,SVR_RBF,Train,325,9.034889669
C1,SVR_RBF,Train,329,9.30015491
C1,SVR_RBF,Train,368,143.4427308
C1,SVR_RBF,Train,321,9.49971462
C1,SVR_RBF,Train,565,21.94837617
C1,SVR_RBF,Train,77,59.32079446
C1,SVR_RBF,Train,674,4.938501993
C1,SVR_RBF,Train,190,34.63330102
C1,SVR_RBF,Train,546,3.00309009
C1,SVR_RBF,Train,580,155.9026246
C1,SVR_RBF,Train,328,9.214452368
C1,SVR_RBF,Train,343,6.300878558
C1,SVR_RBF,Train,324,9.489152177
C1,SVR_RBF,Train,35,148.1063018
C1,SVR_RBF,Train,657,11.91406337
C1,SVR_RBF,Train,400,209.6600987
C1,SVR_RBF,Train,298,160.7711444
C1,SVR_RBF,Train,509,0.788353938
C1,SVR_RBF,Train,426,4.382447251
C1,SVR_RBF,Train,119,13.42353537
C1,SVR_RBF,Train,642,7.792466959
C1,SVR_RBF,Train,74,53.62082586
C1,SVR_RBF,Train,602,57.39564489
C1,SVR_RBF,Train,574,152.9792818
C1,SVR_RBF,Train,106,15.47429557
C1,SVR_RBF,Test,458,0.155466815
C1,SVR_RBF,Test,641,3.3824987
C1,SVR_RBF,Test,318,9.46592746
C1,SVR_RBF,Test,436,0.721479304
C1,SVR_RBF,Test,283,21.09672441
C1,SVR_RBF,Test,24,152.7890148
C1,SVR_RBF,Test,473,2.75691878
C1,SVR_RBF,Test,29,172.2482897
C1,SVR_RBF,Test,282,22.9538931
C1,SVR_RBF,Test,362,6.371448382
C1,SVR_RBF,Test,104,15.36245544
C1,SVR_RBF,Test,617,34.13498483
C1,SVR_RBF,Test,229,16.19965256
C1,SVR_RBF,Test,404,257.9512397
C1,SVR_RBF,Test,209,55.21990363
C1,SVR_RBF,Test,613,191.1366939
C1,SVR_RBF,Test,621,32.31142775
C1,SVR_RBF,Test,604,58.05581404
C1,SVR_RBF,Test,659,15.6493099
C1,SVR_RBF,Test,600,56.72237881
C1,SVR_RBF,Test,670,5.416305725
C1,SVR_RBF,Test,526,-0.032201116
C1,SVR_RBF,Test,115,13.92547624
C1,SVR_RBF,Test,635,185.8229354
C1,SVR_RBF,Test,434,0.285640563
C1,SVR_RBF,Test,59,64.47399788
C1,SVR_RBF,Test,503,0.102272368
C1,SVR_RBF,Test,631,146.7985773
C1,SVR_RBF,Test,270,13.79423498
C1,SVR_RBF,Test,259,37.7614039
C1,SVR_RBF,Test,625,112.2361309
C1,SVR_RBF,Test,367,161.7994226
C1,SVR_RBF,Test,336,-0.982661955
C1,SVR_RBF,Test,226,101.665451
C1,SVR_RBF,Test,477,2.645913054
C1,SVR_RBF,Test,181,22.50886242
C1,SVR_RBF,Test,427,4.641686644
C1,SVR_RBF,Test,294,242.7142032
C1,SVR_RBF,Test,8,200.5198508
C1,SVR_RBF,Test,238,-5.949982315
C1,SVR_RBF,Test,533,1.686096994
C1,SVR_RBF,Test,586,197.4295757
C1,SVR_RBF,Test,160,72.05059004
C1,SVR_RBF,Test,505,0.17957232
C1,SVR_RBF,Test,272,15.20962939
C1,SVR_RBF,Test,12,118.8789468
C1,SVR_RBF,Test,598,56.03674006
C1,SVR_RBF,Test,138,7.307439484
C1,SVR_RBF,Test,652,186.1594547
C1,SVR_RBF,Test,485,0.625241329
C1,SVR_RBF,Test,646,53.95545183
C1,SVR_RBF,Test,583,195.291014
C1,SVR_RBF,Test,200,38.78120156
C1,SVR_RBF,Test,237,-5.444772096
C1,SVR_RBF,Test,591,3.976267426
C1,SVR_RBF,Test,265,27.46361335
C1,SVR_RBF,Test,76,56.93997204
C1,SVR_RBF,Test,57,74.96627916
C1,SVR_RBF,Test,307,198.2297335
C1,SVR_RBF,Test,46,77.3103726
C1,SVR_RBF,Test,447,2.019900782
C1,SVR_RBF,Test,481,0.210007268
C1,SVR_RBF,Test,597,4.856414661
C1,SVR_RBF,Test,520,1.068592146
C1,SVR_RBF,Test,148,7.468578968
C1,SVR_RBF,Test,412,1.981441515
C1,SVR_RBF,Test,246,25.27033275
C1,SVR_RBF,Test,255,25.97557336
C1,SVR_RBF,Test,575,153.5008033
C1,SVR_RBF,Test,114,13.9336998
C1,SVR_RBF,Test,441,1.013489204
C1,SVR_RBF,Test,405,266.5502635
C1,SVR_RBF,Test,278,18.44345894
C1,SVR_RBF,Test,430,0.00761298
C1,SVR_RBF,Test,490,0.007344186
C1,SVR_RBF,Test,608,188.8781205
C1,SVR_RBF,Test,199,33.3535496
C1,SVR_RBF,Test,353,9.833432619
C1,SVR_RBF,Test,673,5.153520911
C1,SVR_RBF,Test,135,4.138203139
C1,SVR_RBF,Test,130,17.27870903
C1,SVR_RBF,Test,147,7.394784439
C1,SVR_RBF,Test,340,4.306098111
C1,SVR_RBF,Test,493,0.096661007
C1,SVR_RBF,Test,521,1.35135116
C1,SVR_RBF,Test,435,0.529135176
C1,SVR_RBF,Test,38,168.6155829
C1,SVR_RBF,Test,571,117.257923
C1,SVR_RBF,Test,256,25.38614927
C1,SVR_RBF,Test,496,0.557453596
C1,SVR_RBF,Test,601,57.06060449
C1,SVR_RBF,Test,173,10.144236
C1,SVR_RBF,Test,212,43.92837797
C1,SVR_RBF,Test,311,140.3769841
C1,SVR_RBF,Test,249,35.40336528
C1,SVR_RBF,Test,131,13.295221
C1,SVR_RBF,Test,647,60.9523874
C1,SVR_RBF,Test,579,155.4501379
C1,SVR_RBF,Test,239,32.81741404
C1,SVR_RBF,Test,171,7.529135924
C1,SVR_RBF,Test,244,26.38176433
C1,SVR_RBF,Test,334,8.479389744
C1,SVR_RBF,Test,89,20.43309877
C1,SVR_RBF,Test,137,21.2446792
C1,SVR_RBF,Test,107,16.1213439
C1,SVR_RBF,Test,376,86.64753459
C1,SVR_RBF,Test,91,1.71386944
C1,SVR_RBF,Test,25,159.3070793
C1,SVR_RBF,Test,319,9.49301812
C1,SVR_RBF,Test,72,18.40590943
C1,SVR_RBF,Test,164,1.995627836
C1,SVR_RBF,Test,49,96.73542593
C1,SVR_RBF,Test,395,67.52790799
C1,SVR_RBF,Test,650,171.8539413
C1,SVR_RBF,Test,149,7.522139136
C1,SVR_RBF,Test,242,30.21938314
C1,SVR_RBF,Test,429,4.477318003
C1,SVR_RBF,Test,166,2.488304114
C1,SVR_RBF,Test,515,0.202179079
C1,SVR_RBF,Test,271,14.51690434
C1,SVR_RBF,Test,292,246.3784928
C1,SVR_RBF,Test,491,0.029078821
C1,SVR_RBF,Test,100,8.307271238
C1,SVR_RBF,Test,39,176.2772945
C1,SVR_RBF,Test,145,7.337269839
C1,SVR_RBF,Test,549,3.635085623
C1,SVR_RBF,Test,227,139.1770135
C1,SVR_RBF,Test,615,22.66607264
C1,SVR_RBF,Test,502,0.076566366
C1,SVR_RBF,Test,420,1.8548403
C1,SVR_RBF,Test,476,2.313463316
C1,SVR_RBF,Test,372,177.0014621
C1,SVR_RBF,Test,151,7.522574063
C1,SVR_RBF,Test,68,54.72191904
C1,SVR_RBF,Test,556,25.05293194
C1,ExtraTreesRegressor,Train,424,4.0661
C1,ExtraTreesRegressor,Train,146,7.4684
C1,ExtraTreesRegressor,Train,93,15.107
C1,ExtraTreesRegressor,Train,323,9.5
C1,ExtraTreesRegressor,Train,539,0.0157
C1,ExtraTreesRegressor,Train,99,10.9416
C1,ExtraTreesRegressor,Train,92,5.6837
C1,ExtraTreesRegressor,Train,28,192.4421
C1,ExtraTreesRegressor,Train,258,62
C1,ExtraTreesRegressor,Train,632,190.4977
C1,ExtraTreesRegressor,Train,366,11.7391
C1,ExtraTreesRegressor,Train,150,7.8279
C1,ExtraTreesRegressor,Train,572,121.0705
C1,ExtraTreesRegressor,Train,638,208.5973
C1,ExtraTreesRegressor,Train,421,1.8843
C1,ExtraTreesRegressor,Train,27,188.2349
C1,ExtraTreesRegressor,Train,50,99.7175
C1,ExtraTreesRegressor,Train,286,16
C1,ExtraTreesRegressor,Train,213,16.74460914
C1,ExtraTreesRegressor,Train,445,1.4355
C1,ExtraTreesRegressor,Train,252,31
C1,ExtraTreesRegressor,Train,85,7.7779
C1,ExtraTreesRegressor,Train,461,0.5271
C1,ExtraTreesRegressor,Train,455,0.0117
C1,ExtraTreesRegressor,Train,375,137.4459
C1,ExtraTreesRegressor,Train,210,132.1477
C1,ExtraTreesRegressor,Train,290,11.9
C1,ExtraTreesRegressor,Train,15,186.1441
C1,ExtraTreesRegressor,Train,535,1.1538
C1,ExtraTreesRegressor,Train,596,4.6697
C1,ExtraTreesRegressor,Train,514,0.0991
C1,ExtraTreesRegressor,Train,651,168.7782
C1,ExtraTreesRegressor,Train,62,67.104
C1,ExtraTreesRegressor,Train,58,70.945
C1,ExtraTreesRegressor,Train,78,62.2973
C1,ExtraTreesRegressor,Train,274,16.7407
C1,ExtraTreesRegressor,Train,418,0.0232
C1,ExtraTreesRegressor,Train,522,1.1411
C1,ExtraTreesRegressor,Train,516,0.3443
C1,ExtraTreesRegressor,Train,633,193.6651
C1,ExtraTreesRegressor,Train,656,9.8231
C1,ExtraTreesRegressor,Train,431,0.1437
C1,ExtraTreesRegressor,Train,51,36.1086
C1,ExtraTreesRegressor,Train,497,0.7317
C1,ExtraTreesRegressor,Train,425,4.3637
C1,ExtraTreesRegressor,Train,331,8.9
C1,ExtraTreesRegressor,Train,413,2.5006
C1,ExtraTreesRegressor,Train,109,15
C1,ExtraTreesRegressor,Train,42,182.6244
C1,ExtraTreesRegressor,Train,75,54.9536
C1,ExtraTreesRegressor,Train,432,0.1875
C1,ExtraTreesRegressor,Train,626,123.9819
C1,ExtraTreesRegressor,Train,480,0.1562
C1,ExtraTreesRegressor,Train,222,31.20899086
C1,ExtraTreesRegressor,Train,442,0.0274
C1,ExtraTreesRegressor,Train,460,0.4651
C1,ExtraTreesRegressor,Train,21,106.0925
C1,ExtraTreesRegressor,Train,55,75.5317
C1,ExtraTreesRegressor,Train,291,250
C1,ExtraTreesRegressor,Train,217,110.3519
C1,ExtraTreesRegressor,Train,392,258.758
C1,ExtraTreesRegressor,Train,544,2.5785
C1,ExtraTreesRegressor,Train,203,128.8589
C1,ExtraTreesRegressor,Train,305,199
C1,ExtraTreesRegressor,Train,664,8.0733
C1,ExtraTreesRegressor,Train,558,14.9253
C1,ExtraTreesRegressor,Train,113,1
C1,ExtraTreesRegressor,Train,188,10.9334779
C1,ExtraTreesRegressor,Train,220,10.8544
C1,ExtraTreesRegressor,Train,80,64.4519
C1,ExtraTreesRegressor,Train,383,50.8758
C1,ExtraTreesRegressor,Train,41,187.5173
C1,ExtraTreesRegressor,Train,654,2.3164
C1,ExtraTreesRegressor,Train,548,3.3721
C1,ExtraTreesRegressor,Train,484,0.4688
C1,ExtraTreesRegressor,Train,17,182.9271
C1,ExtraTreesRegressor,Train,123,1.9281
C1,ExtraTreesRegressor,Train,132,10.8016
C1,ExtraTreesRegressor,Train,341,1.9465
C1,ExtraTreesRegressor,Train,511,1.0309
C1,ExtraTreesRegressor,Train,482,0.2813
C1,ExtraTreesRegressor,Train,48,107.2474
C1,ExtraTreesRegressor,Train,349,8.6133
C1,ExtraTreesRegressor,Train,494,0.1951
C1,ExtraTreesRegressor,Train,304,199
C1,ExtraTreesRegressor,Train,525,1.3279
C1,ExtraTreesRegressor,Train,308,175
C1,ExtraTreesRegressor,Train,4,100.6216
C1,ExtraTreesRegressor,Train,437,0.625
C1,ExtraTreesRegressor,Train,531,0.7582
C1,ExtraTreesRegressor,Train,165,2.4016
C1,ExtraTreesRegressor,Train,474,2.6613
C1,ExtraTreesRegressor,Train,409,0.9991
C1,ExtraTreesRegressor,Train,627,126.6968
C1,ExtraTreesRegressor,Train,567,110.5493
C1,ExtraTreesRegressor,Train,280,29.322
C1,ExtraTreesRegressor,Train,82,59.9138
C1,ExtraTreesRegressor,Train,605,11.3206
C1,ExtraTreesRegressor,Train,350,9.2547
C1,ExtraTreesRegressor,Train,470,1.9355
C1,ExtraTreesRegressor,Train,446,1.68
C1,ExtraTreesRegressor,Train,541,0.3471
C1,ExtraTreesRegressor,Train,96,18.5037
C1,ExtraTreesRegressor,Train,444,1.392
C1,ExtraTreesRegressor,Train,154,21.2041
C1,ExtraTreesRegressor,Train,582,194.643
C1,ExtraTreesRegressor,Train,140,5.2675
C1,ExtraTreesRegressor,Train,125,7.91885
C1,ExtraTreesRegressor,Train,60,32.1593
C1,ExtraTreesRegressor,Train,52,44.2483
C1,ExtraTreesRegressor,Train,560,18.6576
C1,ExtraTreesRegressor,Train,225,116.4338
C1,ExtraTreesRegressor,Train,287,15
C1,ExtraTreesRegressor,Train,403,239.2408
C1,ExtraTreesRegressor,Train,158,85.5833
C1,ExtraTreesRegressor,Train,389,58.658
C1,ExtraTreesRegressor,Train,250,35
C1,ExtraTreesRegressor,Train,361,7.7554
C1,ExtraTreesRegressor,Train,234,0
C1,ExtraTreesRegressor,Train,457,0.124
C1,ExtraTreesRegressor,Train,66,60.1467
C1,ExtraTreesRegressor,Train,523,1.2087
C1,ExtraTreesRegressor,Train,639,3.6199
C1,ExtraTreesRegressor,Train,390,239.6104
C1,ExtraTreesRegressor,Train,369,11.7391
C1,ExtraTreesRegressor,Train,360,9.5371
C1,ExtraTreesRegressor,Train,215,63.7857
C1,ExtraTreesRegressor,Train,98,11.6115
C1,ExtraTreesRegressor,Train,207,60.2602
C1,ExtraTreesRegressor,Train,464,0.6822
C1,ExtraTreesRegressor,Train,208,64.3514
C1,ExtraTreesRegressor,Train,538,0.0122
C1,ExtraTreesRegressor,Train,276,21.2415
C1,ExtraTreesRegressor,Train,264,28
C1,ExtraTreesRegressor,Train,214,31.20899086
C1,ExtraTreesRegressor,Train,169,5.6234
C1,ExtraTreesRegressor,Train,668,11.9228
C1,ExtraTreesRegressor,Train,284,16.1
C1,ExtraTreesRegressor,Train,168,3.4065
C1,ExtraTreesRegressor,Train,293,249
C1,ExtraTreesRegressor,Train,448,2.4127
C1,ExtraTreesRegressor,Train,599,9.4379
C1,ExtraTreesRegressor,Train,232,5.4272
C1,ExtraTreesRegressor,Train,559,18.6567
C1,ExtraTreesRegressor,Train,593,4.2261
C1,ExtraTreesRegressor,Train,373,153.8961
C1,ExtraTreesRegressor,Train,411,1.8375
C1,ExtraTreesRegressor,Train,667,11.2467
C1,ExtraTreesRegressor,Train,64,62.9539
C1,ExtraTreesRegressor,Train,126,8.924
C1,ExtraTreesRegressor,Train,170,6.1214
C1,ExtraTreesRegressor,Train,156,57.1515
C1,ExtraTreesRegressor,Train,32,130
C1,ExtraTreesRegressor,Train,554,23.5187
C1,ExtraTreesRegressor,Train,310,160
C1,ExtraTreesRegressor,Train,555,24.7525
C1,ExtraTreesRegressor,Train,566,97.2533
C1,ExtraTreesRegressor,Train,9,198.1857
C1,ExtraTreesRegressor,Train,648,11.7647
C1,ExtraTreesRegressor,Train,610,190.2757
C1,ExtraTreesRegressor,Train,139,4.6607
C1,ExtraTreesRegressor,Train,306,199
C1,ExtraTreesRegressor,Train,428,4.562
C1,ExtraTreesRegressor,Train,551,21.0396
C1,ExtraTreesRegressor,Train,53,66.997
C1,ExtraTreesRegressor,Train,393,231.8182
C1,ExtraTreesRegressor,Train,338,0.1872
C1,ExtraTreesRegressor,Train,595,4.6602
C1,ExtraTreesRegressor,Train,381,203.2466
C1,ExtraTreesRegressor,Train,607,188.4733
C1,ExtraTreesRegressor,Train,71,12
C1,ExtraTreesRegressor,Train,320,9.6
C1,ExtraTreesRegressor,Train,313,110
C1,ExtraTreesRegressor,Train,451,2.784
C1,ExtraTreesRegressor,Train,530,0.5275
C1,ExtraTreesRegressor,Train,162,1.7279
C1,ExtraTreesRegressor,Train,144,7.4757
C1,ExtraTreesRegressor,Train,65,64.5069
C1,ExtraTreesRegressor,Train,513,1.0911
C1,ExtraTreesRegressor,Train,590,3.9695
C1,ExtraTreesRegressor,Train,167,3.4122
C1,ExtraTreesRegressor,Train,153,8.2082
C1,ExtraTreesRegressor,Train,67,58.7044
C1,ExtraTreesRegressor,Train,10,189.6709
C1,ExtraTreesRegressor,Train,576,194.3514
C1,ExtraTreesRegressor,Train,422,2.4793
C1,ExtraTreesRegressor,Train,309,170
C1,ExtraTreesRegressor,Train,348,8.0216
C1,ExtraTreesRegressor,Train,563,19.9014
C1,ExtraTreesRegressor,Train,653,178.2805
C1,ExtraTreesRegressor,Train,585,204.3982
C1,ExtraTreesRegressor,Train,471,2.3226
C1,ExtraTreesRegressor,Train,180,52.7921
C1,ExtraTreesRegressor,Train,611,190.3014
C1,ExtraTreesRegressor,Train,103,15.0427
C1,ExtraTreesRegressor,Train,472,2.5161
C1,ExtraTreesRegressor,Train,467,0.4355
C1,ExtraTreesRegressor,Train,54,69.8308
C1,ExtraTreesRegressor,Train,506,0.4892
C1,ExtraTreesRegressor,Train,175,9.6674
C1,ExtraTreesRegressor,Train,469,1.6452
C1,ExtraTreesRegressor,Train,594,4.5061
C1,ExtraTreesRegressor,Train,606,182.4439
C1,ExtraTreesRegressor,Train,136,2.4124
C1,ExtraTreesRegressor,Train,500,0.8782
C1,ExtraTreesRegressor,Train,528,-0.0329
C1,ExtraTreesRegressor,Train,356,10.63005
C1,ExtraTreesRegressor,Train,101,8.3687
C1,ExtraTreesRegressor,Train,176,3.9349
C1,ExtraTreesRegressor,Train,407,0.1875
C1,ExtraTreesRegressor,Train,508,0.7214
C1,ExtraTreesRegressor,Train,277,25.3552
C1,ExtraTreesRegressor,Train,439,0.8125
C1,ExtraTreesRegressor,Train,316,9.4
C1,ExtraTreesRegressor,Train,486,0.5937
C1,ExtraTreesRegressor,Train,110,12.04355
C1,ExtraTreesRegressor,Train,44,55.2411
C1,ExtraTreesRegressor,Train,452,2.832
C1,ExtraTreesRegressor,Train,241,18
C1,ExtraTreesRegressor,Train,195,98.0734
C1,ExtraTreesRegressor,Train,182,40.2656
C1,ExtraTreesRegressor,Train,351,9.76
C1,ExtraTreesRegressor,Train,385,266.4427789
C1,ExtraTreesRegressor,Train,296,210
C1,ExtraTreesRegressor,Train,478,0.0625
C1,ExtraTreesRegressor,Train,399,206.4592
C1,ExtraTreesRegressor,Train,155,42.7149
C1,ExtraTreesRegressor,Train,299,160
C1,ExtraTreesRegressor,Train,56,71.4614
C1,ExtraTreesRegressor,Train,11,55.825
C1,ExtraTreesRegressor,Train,178,32.7076
C1,ExtraTreesRegressor,Train,603,10.7927
C1,ExtraTreesRegressor,Train,663,3.9662
C1,ExtraTreesRegressor,Train,5,178.1616
C1,ExtraTreesRegressor,Train,263,36
C1,ExtraTreesRegressor,Train,300,115
C1,ExtraTreesRegressor,Train,669,4.6774
C1,ExtraTreesRegressor,Train,315,0
C1,ExtraTreesRegressor,Train,518,0.541
C1,ExtraTreesRegressor,Train,216,75.6454
C1,ExtraTreesRegressor,Train,22,169.1834
C1,ExtraTreesRegressor,Train,397,178.0901
C1,ExtraTreesRegressor,Train,609,190.1513
C1,ExtraTreesRegressor,Train,121,14.8143
C1,ExtraTreesRegressor,Train,628,128.5068
C1,ExtraTreesRegressor,Train,177,15.8993
C1,ExtraTreesRegressor,Train,61,45.1337
C1,ExtraTreesRegressor,Train,501,0.8787
C1,ExtraTreesRegressor,Train,243,17
C1,ExtraTreesRegressor,Train,260,55
C1,ExtraTreesRegressor,Train,504,0.3351
C1,ExtraTreesRegressor,Train,649,145.2489
C1,ExtraTreesRegressor,Train,127,9.7231
C1,ExtraTreesRegressor,Train,510,0.9325
C1,ExtraTreesRegressor,Train,69,90
C1,ExtraTreesRegressor,Train,303,200
C1,ExtraTreesRegressor,Train,285,16.1
C1,ExtraTreesRegressor,Train,194,88.3651
C1,ExtraTreesRegressor,Train,415,2.6875
C1,ExtraTreesRegressor,Train,253,26
C1,ExtraTreesRegressor,Train,507,0.6363
C1,ExtraTreesRegressor,Train,197,16.71767733
C1,ExtraTreesRegressor,Train,84,12.411
C1,ExtraTreesRegressor,Train,495,0.439
C1,ExtraTreesRegressor,Train,540,0.2479
C1,ExtraTreesRegressor,Train,337,0.1123
C1,ExtraTreesRegressor,Train,406,0.0568
C1,ExtraTreesRegressor,Train,161,95.3006
C1,ExtraTreesRegressor,Train,6,196.9007
C1,ExtraTreesRegressor,Train,624,113.5747
C1,ExtraTreesRegressor,Train,382,176.4069
C1,ExtraTreesRegressor,Train,569,117.0022
C1,ExtraTreesRegressor,Train,172,8.9135
C1,ExtraTreesRegressor,Train,660,19.09
C1,ExtraTreesRegressor,Train,666,11.2
C1,ExtraTreesRegressor,Train,488,0.6875
C1,ExtraTreesRegressor,Train,191,50.0692
C1,ExtraTreesRegressor,Train,379,256.0680211
C1,ExtraTreesRegressor,Train,545,2.9256
C1,ExtraTreesRegressor,Train,218,140.1645
C1,ExtraTreesRegressor,Train,416,2.75
C1,ExtraTreesRegressor,Train,288,14.5
C1,ExtraTreesRegressor,Train,187,67.1065
C1,ExtraTreesRegressor,Train,163,2.005
C1,ExtraTreesRegressor,Train,543,2.033
C1,ExtraTreesRegressor,Train,124,4.7621
C1,ExtraTreesRegressor,Train,463,0.6518
C1,ExtraTreesRegressor,Train,157,70.5282
C1,ExtraTreesRegressor,Train,236,0
C1,ExtraTreesRegressor,Train,129,11.7748
C1,ExtraTreesRegressor,Train,134,4.7968
C1,ExtraTreesRegressor,Train,570,120.2191
C1,ExtraTreesRegressor,Train,616,32.1267
C1,ExtraTreesRegressor,Train,634,177.3756
C1,ExtraTreesRegressor,Train,13,164.5415
C1,ExtraTreesRegressor,Train,245,15.5
C1,ExtraTreesRegressor,Train,347,12.5401
C1,ExtraTreesRegressor,Train,7,203.5289
C1,ExtraTreesRegressor,Train,332,8.8
C1,ExtraTreesRegressor,Train,196,10.9334779
C1,ExtraTreesRegressor,Train,330,9
C1,ExtraTreesRegressor,Train,365,3.4934
C1,ExtraTreesRegressor,Train,433,0.25
C1,ExtraTreesRegressor,Train,489,0.7188
C1,ExtraTreesRegressor,Train,363,5.2402
C1,ExtraTreesRegressor,Train,70,30
C1,ExtraTreesRegressor,Train,499,0.878
C1,ExtraTreesRegressor,Train,36,171.4973
C1,ExtraTreesRegressor,Train,211,143.58
C1,ExtraTreesRegressor,Train,118,11.7251
C1,ExtraTreesRegressor,Train,619,2.2624
C1,ExtraTreesRegressor,Train,179,47.5037
C1,ExtraTreesRegressor,Train,573,120.9294
C1,ExtraTreesRegressor,Train,86,12.286
C1,ExtraTreesRegressor,Train,661,12.93
C1,ExtraTreesRegressor,Train,79,62.9884
C1,ExtraTreesRegressor,Train,143,7.4165
C1,ExtraTreesRegressor,Train,524,1.2789
C1,ExtraTreesRegressor,Train,380,249.1342
C1,ExtraTreesRegressor,Train,423,3.4215
C1,ExtraTreesRegressor,Train,357,13.1703
C1,ExtraTreesRegressor,Train,184,3.8774
C1,ExtraTreesRegressor,Train,352,10.1342
C1,ExtraTreesRegressor,Train,492,-0.0488
C1,ExtraTreesRegressor,Train,152,8.0988
C1,ExtraTreesRegressor,Train,73,2
C1,ExtraTreesRegressor,Train,289,14.2
C1,ExtraTreesRegressor,Train,16,187.171
C1,ExtraTreesRegressor,Train,273,16.5508
C1,ExtraTreesRegressor,Train,542,1.0405
C1,ExtraTreesRegressor,Train,487,0.6573
C1,ExtraTreesRegressor,Train,629,162.4434
C1,ExtraTreesRegressor,Train,261,48
C1,ExtraTreesRegressor,Train,122,12.04355
C1,ExtraTreesRegressor,Train,335,0.1123
C1,ExtraTreesRegressor,Train,417,2.7813
C1,ExtraTreesRegressor,Train,578,199.8271
C1,ExtraTreesRegressor,Train,587,207.3981
C1,ExtraTreesRegressor,Train,414,2.5938
C1,ExtraTreesRegressor,Train,251,34
C1,ExtraTreesRegressor,Train,662,9.42
C1,ExtraTreesRegressor,Train,235,0
C1,ExtraTreesRegressor,Train,374,151.0303
C1,ExtraTreesRegressor,Train,326,8.6
C1,ExtraTreesRegressor,Train,281,30.1344
C1,ExtraTreesRegressor,Train,620,4.0724
C1,ExtraTreesRegressor,Train,90,20.1088
C1,ExtraTreesRegressor,Train,419,0.2975
C1,ExtraTreesRegressor,Train,453,2.7841
C1,ExtraTreesRegressor,Train,592,3.7292
C1,ExtraTreesRegressor,Train,479,0.0833
C1,ExtraTreesRegressor,Train,562,19.9007
C1,ExtraTreesRegressor,Train,618,33.9367
C1,ExtraTreesRegressor,Train,133,7.91885
C1,ExtraTreesRegressor,Train,483,0.4379
C1,ExtraTreesRegressor,Train,391,261.2554
C1,ExtraTreesRegressor,Train,18,180.7351
C1,ExtraTreesRegressor,Train,396,160.5788
C1,ExtraTreesRegressor,Train,355,10.9333
C1,ExtraTreesRegressor,Train,636,202.2624
C1,ExtraTreesRegressor,Train,547,3.3719
C1,ExtraTreesRegressor,Train,204,5.4272
C1,ExtraTreesRegressor,Train,468,1.1613
C1,ExtraTreesRegressor,Train,561,19.9005
C1,ExtraTreesRegressor,Train,183,56.7066
C1,ExtraTreesRegressor,Train,159,90.713
C1,ExtraTreesRegressor,Train,117,13.7027
C1,ExtraTreesRegressor,Train,394,179.8701
C1,ExtraTreesRegressor,Train,527,-0.1319
C1,ExtraTreesRegressor,Train,371,7.3913
C1,ExtraTreesRegressor,Train,333,8.2
C1,ExtraTreesRegressor,Train,45,77.8966
C1,ExtraTreesRegressor,Train,327,8.9
C1,ExtraTreesRegressor,Train,536,1.1869
C1,ExtraTreesRegressor,Train,671,5.4793
C1,ExtraTreesRegressor,Train,623,4.9773
C1,ExtraTreesRegressor,Train,221,16.74460914
C1,ExtraTreesRegressor,Train,512,1.0682
C1,ExtraTreesRegressor,Train,206,31.2926
C1,ExtraTreesRegressor,Train,612,190.7779
C1,ExtraTreesRegressor,Train,466,0.2074
C1,ExtraTreesRegressor,Train,346,11.1176
C1,ExtraTreesRegressor,Train,233,0
C1,ExtraTreesRegressor,Train,532,0.9231
C1,ExtraTreesRegressor,Train,370,10.8696
C1,ExtraTreesRegressor,Train,475,2.6613
C1,ExtraTreesRegressor,Train,87,17.4132
C1,ExtraTreesRegressor,Train,534,1.088
C1,ExtraTreesRegressor,Train,302,0
C1,ExtraTreesRegressor,Train,665,9.5675
C1,ExtraTreesRegressor,Train,314,80
C1,ExtraTreesRegressor,Train,219,144.8177
C1,ExtraTreesRegressor,Train,537,1.1935
C1,ExtraTreesRegressor,Train,142,6.9943
C1,ExtraTreesRegressor,Train,388,191.9913
C1,ExtraTreesRegressor,Train,465,0.6823
C1,ExtraTreesRegressor,Train,588,208.3905
C1,ExtraTreesRegressor,Train,108,16.7484
C1,ExtraTreesRegressor,Train,40,187.7603
C1,ExtraTreesRegressor,Train,14,175.7096
C1,ExtraTreesRegressor,Train,322,9.6
C1,ExtraTreesRegressor,Train,438,0.7813
C1,ExtraTreesRegressor,Train,622,4.5249
C1,ExtraTreesRegressor,Train,440,0.8125
C1,ExtraTreesRegressor,Train,384,246.5368
C1,ExtraTreesRegressor,Train,185,19.2773
C1,ExtraTreesRegressor,Train,192,60.0842
C1,ExtraTreesRegressor,Train,105,13.9905
C1,ExtraTreesRegressor,Train,223,60.2934
C1,ExtraTreesRegressor,Train,581,202.7626
C1,ExtraTreesRegressor,Train,30,182.6244
C1,ExtraTreesRegressor,Train,262,43
C1,ExtraTreesRegressor,Train,116,12.2315
C1,ExtraTreesRegressor,Train,550,18.5644
C1,ExtraTreesRegressor,Train,401,222.5413
C1,ExtraTreesRegressor,Train,34,143.7129
C1,ExtraTreesRegressor,Train,269,14.1204
C1,ExtraTreesRegressor,Train,257,60.2602
C1,ExtraTreesRegressor,Train,408,0.525
C1,ExtraTreesRegressor,Train,43,35.8031
C1,ExtraTreesRegressor,Train,517,0.4426
C1,ExtraTreesRegressor,Train,247,11
C1,ExtraTreesRegressor,Train,529,0.3956
C1,ExtraTreesRegressor,Train,97,12.9034
C1,ExtraTreesRegressor,Train,655,5.0188
C1,ExtraTreesRegressor,Train,584,203.5592
C1,ExtraTreesRegressor,Train,462,0.6512
C1,ExtraTreesRegressor,Train,637,206.7873
C1,ExtraTreesRegressor,Train,557,24.7571
C1,ExtraTreesRegressor,Train,443,1.008
C1,ExtraTreesRegressor,Train,640,5.4298
C1,ExtraTreesRegressor,Train,301,99
C1,ExtraTreesRegressor,Train,398,189.0305
C1,ExtraTreesRegressor,Train,377,31.8134
C1,ExtraTreesRegressor,Train,297,205
C1,ExtraTreesRegressor,Train,230,0
C1,ExtraTreesRegressor,Train,201,88.117
C1,ExtraTreesRegressor,Train,454,-0.0311
C1,ExtraTreesRegressor,Train,589,209.3641
C1,ExtraTreesRegressor,Train,378,235.2814
C1,ExtraTreesRegressor,Train,186,46.1627
C1,ExtraTreesRegressor,Train,456,0.0318
C1,ExtraTreesRegressor,Train,254,22
C1,ExtraTreesRegressor,Train,498,0.7805
C1,ExtraTreesRegressor,Train,614,28.5068
C1,ExtraTreesRegressor,Train,564,19.9019
C1,ExtraTreesRegressor,Train,386,265.5844
C1,ExtraTreesRegressor,Train,459,0.3721
C1,ExtraTreesRegressor,Train,295,225
C1,ExtraTreesRegressor,Train,450,2.74
C1,ExtraTreesRegressor,Train,339,0.1497
C1,ExtraTreesRegressor,Train,23,185.6084
C1,ExtraTreesRegressor,Train,345,10.63005
C1,ExtraTreesRegressor,Train,342,3.5187
C1,ExtraTreesRegressor,Train,102,14.3145
C1,ExtraTreesRegressor,Train,658,13.7265
C1,ExtraTreesRegressor,Train,266,9.2885
C1,ExtraTreesRegressor,Train,202,105.5386
C1,ExtraTreesRegressor,Train,33,75
C1,ExtraTreesRegressor,Train,672,7.9032
C1,ExtraTreesRegressor,Train,577,199.826
C1,ExtraTreesRegressor,Train,112,2
C1,ExtraTreesRegressor,Train,94,12.6758
C1,ExtraTreesRegressor,Train,47,100.5808
C1,ExtraTreesRegressor,Train,26,184.3807
C1,ExtraTreesRegressor,Train,552,21.0401
C1,ExtraTreesRegressor,Train,317,9.7
C1,ExtraTreesRegressor,Train,128,10.5788
C1,ExtraTreesRegressor,Train,198,31.15684476
C1,ExtraTreesRegressor,Train,354,10.8798
C1,ExtraTreesRegressor,Train,37,175.4161
C1,ExtraTreesRegressor,Train,193,82.2821
C1,ExtraTreesRegressor,Train,88,17.5699
C1,ExtraTreesRegressor,Train,275,15.5572
C1,ExtraTreesRegressor,Train,111,5
C1,ExtraTreesRegressor,Train,268,12.5684
C1,ExtraTreesRegressor,Train,267,11.5498
C1,ExtraTreesRegressor,Train,20,37.4042
C1,ExtraTreesRegressor,Train,312,148
C1,ExtraTreesRegressor,Train,3,45.9523
C1,ExtraTreesRegressor,Train,402,229.0834
C1,ExtraTreesRegressor,Train,344,8.8717
C1,ExtraTreesRegressor,Train,644,6.7873
C1,ExtraTreesRegressor,Train,120,12.3402
C1,ExtraTreesRegressor,Train,359,11.4585
C1,ExtraTreesRegressor,Train,364,4.7511
C1,ExtraTreesRegressor,Train,83,4.2137
C1,ExtraTreesRegressor,Train,519,0.7869
C1,ExtraTreesRegressor,Train,231,0
C1,ExtraTreesRegressor,Train,141,6.4234
C1,ExtraTreesRegressor,Train,410,1.375
C1,ExtraTreesRegressor,Train,279,28.4955
C1,ExtraTreesRegressor,Train,228,0
C1,ExtraTreesRegressor,Train,224,79.7532
C1,ExtraTreesRegressor,Train,95,19.3671
C1,ExtraTreesRegressor,Train,248,25.8305
C1,ExtraTreesRegressor,Train,31,145
C1,ExtraTreesRegressor,Train,81,56.3548
C1,ExtraTreesRegressor,Train,568,114.8951
C1,ExtraTreesRegressor,Train,553,23.5149
C1,ExtraTreesRegressor,Train,449,2.736
C1,ExtraTreesRegressor,Train,387,240.4761
C1,ExtraTreesRegressor,Train,174,9.5591
C1,ExtraTreesRegressor,Train,630,175.1131
C1,ExtraTreesRegressor,Train,240,18
C1,ExtraTreesRegressor,Train,358,13.9039
C1,ExtraTreesRegressor,Train,19,182.1148
C1,ExtraTreesRegressor,Train,645,8.5973
C1,ExtraTreesRegressor,Train,189,16.71767733
C1,ExtraTreesRegressor,Train,643,8.5973
C1,ExtraTreesRegressor,Train,63,73.8302
C1,ExtraTreesRegressor,Train,205,25.8305
C1,ExtraTreesRegressor,Train,325,8.8
C1,ExtraTreesRegressor,Train,329,9.2
C1,ExtraTreesRegressor,Train,368,15.2174
C1,ExtraTreesRegressor,Train,321,9.6
C1,ExtraTreesRegressor,Train,565,19.9022
C1,ExtraTreesRegressor,Train,77,62.9884
C1,ExtraTreesRegressor,Train,674,4.8387
C1,ExtraTreesRegressor,Train,190,31.15684476
C1,ExtraTreesRegressor,Train,546,3.124
C1,ExtraTreesRegressor,Train,580,201.6556
C1,ExtraTreesRegressor,Train,328,9.4
C1,ExtraTreesRegressor,Train,343,6.4011
C1,ExtraTreesRegressor,Train,324,8
C1,ExtraTreesRegressor,Train,35,163.7025
C1,ExtraTreesRegressor,Train,657,12.7399
C1,ExtraTreesRegressor,Train,400,213.0824
C1,ExtraTreesRegressor,Train,298,198
C1,ExtraTreesRegressor,Train,509,0.8453
C1,ExtraTreesRegressor,Train,426,4.4132
C1,ExtraTreesRegressor,Train,119,13.7934
C1,ExtraTreesRegressor,Train,642,7.6923
C1,ExtraTreesRegressor,Train,74,53.0534
C1,ExtraTreesRegressor,Train,602,10.7843
C1,ExtraTreesRegressor,Train,574,177.8478
C1,ExtraTreesRegressor,Train,106,15.3742
C1,ExtraTreesRegressor,Test,458,0.325285714
C1,ExtraTreesRegressor,Test,641,19.690976
C1,ExtraTreesRegressor,Test,318,9.656321571
C1,ExtraTreesRegressor,Test,436,0.701433143
C1,ExtraTreesRegressor,Test,283,16.24499929
C1,ExtraTreesRegressor,Test,24,184.5587856
C1,ExtraTreesRegressor,Test,473,2.501352857
C1,ExtraTreesRegressor,Test,29,166.7965519
C1,ExtraTreesRegressor,Test,282,16.17363714
C1,ExtraTreesRegressor,Test,362,6.550482
C1,ExtraTreesRegressor,Test,104,15.60414514
C1,ExtraTreesRegressor,Test,617,33.76342271
C1,ExtraTreesRegressor,Test,229,0.166200857
C1,ExtraTreesRegressor,Test,404,247.1685804
C1,ExtraTreesRegressor,Test,209,91.72542
C1,ExtraTreesRegressor,Test,613,192.930019
C1,ExtraTreesRegressor,Test,621,12.99289557
C1,ExtraTreesRegressor,Test,604,23.818621
C1,ExtraTreesRegressor,Test,659,14.69170057
C1,ExtraTreesRegressor,Test,600,20.55186971
C1,ExtraTreesRegressor,Test,670,5.055438571
C1,ExtraTreesRegressor,Test,526,-0.112525714
C1,ExtraTreesRegressor,Test,115,14.09963257
C1,ExtraTreesRegressor,Test,635,185.310921
C1,ExtraTreesRegressor,Test,434,0.502831857
C1,ExtraTreesRegressor,Test,59,66.17077643
C1,ExtraTreesRegressor,Test,503,0.280826571
C1,ExtraTreesRegressor,Test,631,177.8079739
C1,ExtraTreesRegressor,Test,270,14.60691986
C1,ExtraTreesRegressor,Test,259,50.68
C1,ExtraTreesRegressor,Test,625,115.6352713
C1,ExtraTreesRegressor,Test,367,25.11534557
C1,ExtraTreesRegressor,Test,336,0.152885286
C1,ExtraTreesRegressor,Test,226,130.7752387
C1,ExtraTreesRegressor,Test,477,2.291594286
C1,ExtraTreesRegressor,Test,181,17.80568857
C1,ExtraTreesRegressor,Test,427,3.990090429
C1,ExtraTreesRegressor,Test,294,236.6228571
C1,ExtraTreesRegressor,Test,8,198.2217219
C1,ExtraTreesRegressor,Test,238,0.085225714
C1,ExtraTreesRegressor,Test,533,1.069872857
C1,ExtraTreesRegressor,Test,586,205.4408553
C1,ExtraTreesRegressor,Test,160,93.00024629
C1,ExtraTreesRegressor,Test,505,0.390356143
C1,ExtraTreesRegressor,Test,272,15.58967486
C1,ExtraTreesRegressor,Test,12,63.02078043
C1,ExtraTreesRegressor,Test,598,29.74388471
C1,ExtraTreesRegressor,Test,138,4.6607
C1,ExtraTreesRegressor,Test,652,178.4298094
C1,ExtraTreesRegressor,Test,485,0.578448857
C1,ExtraTreesRegressor,Test,646,38.92565729
C1,ExtraTreesRegressor,Test,583,198.5697249
C1,ExtraTreesRegressor,Test,200,57.663732
C1,ExtraTreesRegressor,Test,237,0.085225714
C1,ExtraTreesRegressor,Test,591,4.385715286
C1,ExtraTreesRegressor,Test,265,25.49857143
C1,ExtraTreesRegressor,Test,76,59.23578186
C1,ExtraTreesRegressor,Test,57,72.04502557
C1,ExtraTreesRegressor,Test,307,186.5885714
C1,ExtraTreesRegressor,Test,46,44.85768414
C1,ExtraTreesRegressor,Test,447,2.199052429
C1,ExtraTreesRegressor,Test,481,0.208879143
C1,ExtraTreesRegressor,Test,597,5.829678143
C1,ExtraTreesRegressor,Test,520,1.036575286
C1,ExtraTreesRegressor,Test,148,7.603791286
C1,ExtraTreesRegressor,Test,412,2.181685714
C1,ExtraTreesRegressor,Test,246,14.49785714
C1,ExtraTreesRegressor,Test,255,21.65428571
C1,ExtraTreesRegressor,Test,575,175.8722009
C1,ExtraTreesRegressor,Test,114,14.77135571
C1,ExtraTreesRegressor,Test,441,1.467770571
C1,ExtraTreesRegressor,Test,405,266.4427789
C1,ExtraTreesRegressor,Test,278,18.41898743
C1,ExtraTreesRegressor,Test,430,0.116868143
C1,ExtraTreesRegressor,Test,490,-0.020637714
C1,ExtraTreesRegressor,Test,608,189.8641674
C1,ExtraTreesRegressor,Test,199,43.908184
C1,ExtraTreesRegressor,Test,353,10.45334771
C1,ExtraTreesRegressor,Test,673,6.878637857
C1,ExtraTreesRegressor,Test,135,3.695286143
C1,ExtraTreesRegressor,Test,130,14.01359543
C1,ExtraTreesRegressor,Test,147,7.519207286
C1,ExtraTreesRegressor,Test,340,1.903057
C1,ExtraTreesRegressor,Test,493,0.078295143
C1,ExtraTreesRegressor,Test,521,1.146494714
C1,ExtraTreesRegressor,Test,435,0.666447
C1,ExtraTreesRegressor,Test,38,176.7075854
C1,ExtraTreesRegressor,Test,571,120.0645817
C1,ExtraTreesRegressor,Test,256,19.01
C1,ExtraTreesRegressor,Test,496,0.675842286
C1,ExtraTreesRegressor,Test,601,23.87576557
C1,ExtraTreesRegressor,Test,173,9.219698857
C1,ExtraTreesRegressor,Test,212,13.27222029
C1,ExtraTreesRegressor,Test,311,153.8144967
C1,ExtraTreesRegressor,Test,249,30.49573714
C1,ExtraTreesRegressor,Test,131,11.699592
C1,ExtraTreesRegressor,Test,647,45.06334029
C1,ExtraTreesRegressor,Test,579,190.3726333
C1,ExtraTreesRegressor,Test,239,5.4272
C1,ExtraTreesRegressor,Test,171,7.080439286
C1,ExtraTreesRegressor,Test,244,17.54428571
C1,ExtraTreesRegressor,Test,334,8.198562
C1,ExtraTreesRegressor,Test,89,18.41832457
C1,ExtraTreesRegressor,Test,137,2.4124
C1,ExtraTreesRegressor,Test,107,15.56687671
C1,ExtraTreesRegressor,Test,376,90.47311471
C1,ExtraTreesRegressor,Test,91,9.167776429
C1,ExtraTreesRegressor,Test,25,184.0509446
C1,ExtraTreesRegressor,Test,319,9.620996
C1,ExtraTreesRegressor,Test,72,10.09428571
C1,ExtraTreesRegressor,Test,164,2.152595571
C1,ExtraTreesRegressor,Test,49,99.18829071
C1,ExtraTreesRegressor,Test,395,157.4122813
C1,ExtraTreesRegressor,Test,650,163.0704314
C1,ExtraTreesRegressor,Test,149,7.696891
C1,ExtraTreesRegressor,Test,242,22.35285714
C1,ExtraTreesRegressor,Test,429,3.741017857
C1,ExtraTreesRegressor,Test,166,2.896794
C1,ExtraTreesRegressor,Test,515,0.211681286
C1,ExtraTreesRegressor,Test,271,15.06540286
C1,ExtraTreesRegressor,Test,292,247.7071429
C1,ExtraTreesRegressor,Test,491,-0.031268714
C1,ExtraTreesRegressor,Test,100,13.42698114
C1,ExtraTreesRegressor,Test,39,179.5880883
C1,ExtraTreesRegressor,Test,145,7.477473857
C1,ExtraTreesRegressor,Test,549,2.585289143
C1,ExtraTreesRegressor,Test,227,137.9360411
C1,ExtraTreesRegressor,Test,615,32.768109
C1,ExtraTreesRegressor,Test,502,0.259162857
C1,ExtraTreesRegressor,Test,420,0.891664143
C1,ExtraTreesRegressor,Test,476,2.475229286
C1,ExtraTreesRegressor,Test,372,161.204275
C1,ExtraTreesRegressor,Test,151,7.917649429
C1,ExtraTreesRegressor,Test,68,56.74493429
C1,ExtraTreesRegressor,Test,556,24.89241686
C1,PyTorch_TabularMLP,Train,424,2.894916534
C1,PyTorch_TabularMLP,Train,146,7.995063782
C1,PyTorch_TabularMLP,Train,93,12.56534576
C1,PyTorch_TabularMLP,Train,323,10.44534302
C1,PyTorch_TabularMLP,Train,539,2.27425766
C1,PyTorch_TabularMLP,Train,99,15.18035126
C1,PyTorch_TabularMLP,Train,92,11.45018768
C1,PyTorch_TabularMLP,Train,28,192.2802734
C1,PyTorch_TabularMLP,Train,258,55.445755
C1,PyTorch_TabularMLP,Train,632,193.1849365
C1,PyTorch_TabularMLP,Train,366,11.33381271
C1,PyTorch_TabularMLP,Train,150,8.70741272
C1,PyTorch_TabularMLP,Train,572,132.3366241
C1,PyTorch_TabularMLP,Train,638,208.6192627
C1,PyTorch_TabularMLP,Train,421,2.9320755
C1,PyTorch_TabularMLP,Train,27,191.8694153
C1,PyTorch_TabularMLP,Train,50,121.8817825
C1,PyTorch_TabularMLP,Train,286,22.48204613
C1,PyTorch_TabularMLP,Train,213,19.58049774
C1,PyTorch_TabularMLP,Train,445,2.974113464
C1,PyTorch_TabularMLP,Train,252,26.79200935
C1,PyTorch_TabularMLP,Train,85,12.52261353
C1,PyTorch_TabularMLP,Train,461,3.145500183
C1,PyTorch_TabularMLP,Train,455,3.322200775
C1,PyTorch_TabularMLP,Train,375,154.7468262
C1,PyTorch_TabularMLP,Train,210,141.935257
C1,PyTorch_TabularMLP,Train,290,12.12135315
C1,PyTorch_TabularMLP,Train,15,189.6083374
C1,PyTorch_TabularMLP,Train,535,2.231273651
C1,PyTorch_TabularMLP,Train,596,7.237232208
C1,PyTorch_TabularMLP,Train,514,2.974933624
C1,PyTorch_TabularMLP,Train,651,183.1058655
C1,PyTorch_TabularMLP,Train,62,58.70043945
C1,PyTorch_TabularMLP,Train,58,85.63314056
C1,PyTorch_TabularMLP,Train,78,62.2082901
C1,PyTorch_TabularMLP,Train,274,20.34741974
C1,PyTorch_TabularMLP,Train,418,3.394180298
C1,PyTorch_TabularMLP,Train,522,2.138877869
C1,PyTorch_TabularMLP,Train,516,2.167293549
C1,PyTorch_TabularMLP,Train,633,197.9171143
C1,PyTorch_TabularMLP,Train,656,10.71941757
C1,PyTorch_TabularMLP,Train,431,3.104873657
C1,PyTorch_TabularMLP,Train,51,46.51258469
C1,PyTorch_TabularMLP,Train,497,2.307571411
C1,PyTorch_TabularMLP,Train,425,2.890758514
C1,PyTorch_TabularMLP,Train,331,9.937988281
C1,PyTorch_TabularMLP,Train,413,2.915332794
C1,PyTorch_TabularMLP,Train,109,16.53520584
C1,PyTorch_TabularMLP,Train,42,190.9218445
C1,PyTorch_TabularMLP,Train,75,56.32414627
C1,PyTorch_TabularMLP,Train,432,3.036396027
C1,PyTorch_TabularMLP,Train,626,138.5745239
C1,PyTorch_TabularMLP,Train,480,2.363769531
C1,PyTorch_TabularMLP,Train,222,29.98319626
C1,PyTorch_TabularMLP,Train,442,3.724876404
C1,PyTorch_TabularMLP,Train,460,3.150741577
C1,PyTorch_TabularMLP,Train,21,115.1445618
C1,PyTorch_TabularMLP,Train,55,77.98490906
C1,PyTorch_TabularMLP,Train,291,257.325592
C1,PyTorch_TabularMLP,Train,217,134.6359558
C1,PyTorch_TabularMLP,Train,392,257.3734741
C1,PyTorch_TabularMLP,Train,544,2.221355438
C1,PyTorch_TabularMLP,Train,203,147.1667328
C1,PyTorch_TabularMLP,Train,305,198.7919312
C1,PyTorch_TabularMLP,Train,664,11.10306168
C1,PyTorch_TabularMLP,Train,558,18.88624954
C1,PyTorch_TabularMLP,Train,113,5.771137238
C1,PyTorch_TabularMLP,Train,188,11.65493393
C1,PyTorch_TabularMLP,Train,220,8.760883331
C1,PyTorch_TabularMLP,Train,80,67.19758606
C1,PyTorch_TabularMLP,Train,383,52.30358887
C1,PyTorch_TabularMLP,Train,41,188.5813599
C1,PyTorch_TabularMLP,Train,654,5.607017517
C1,PyTorch_TabularMLP,Train,548,2.426544189
C1,PyTorch_TabularMLP,Train,484,2.305301666
C1,PyTorch_TabularMLP,Train,17,190.4707947
C1,PyTorch_TabularMLP,Train,123,6.982265472
C1,PyTorch_TabularMLP,Train,132,11.16346359
C1,PyTorch_TabularMLP,Train,341,6.440723419
C1,PyTorch_TabularMLP,Train,511,2.08902359
C1,PyTorch_TabularMLP,Train,482,2.318347931
C1,PyTorch_TabularMLP,Train,48,106.7747574
C1,PyTorch_TabularMLP,Train,349,10.41927719
C1,PyTorch_TabularMLP,Train,494,2.320709229
C1,PyTorch_TabularMLP,Train,304,202.272583
C1,PyTorch_TabularMLP,Train,525,2.578346252
C1,PyTorch_TabularMLP,Train,308,193.3021851
C1,PyTorch_TabularMLP,Train,4,111.7222595
C1,PyTorch_TabularMLP,Train,437,2.909088135
C1,PyTorch_TabularMLP,Train,531,2.151809692
C1,PyTorch_TabularMLP,Train,165,6.962524414
C1,PyTorch_TabularMLP,Train,474,3.158397675
C1,PyTorch_TabularMLP,Train,409,2.964118958
C1,PyTorch_TabularMLP,Train,627,138.8977509
C1,PyTorch_TabularMLP,Train,567,120.2788315
C1,PyTorch_TabularMLP,Train,280,25.52536011
C1,PyTorch_TabularMLP,Train,82,66.70912933
C1,PyTorch_TabularMLP,Train,605,10.91078186
C1,PyTorch_TabularMLP,Train,350,11.03116608
C1,PyTorch_TabularMLP,Train,470,3.16185379
C1,PyTorch_TabularMLP,Train,446,2.942092896
C1,PyTorch_TabularMLP,Train,541,2.215965271
C1,PyTorch_TabularMLP,Train,96,14.78368759
C1,PyTorch_TabularMLP,Train,444,3.008537292
C1,PyTorch_TabularMLP,Train,154,31.31179619
C1,PyTorch_TabularMLP,Train,582,197.79422
C1,PyTorch_TabularMLP,Train,140,7.521068573
C1,PyTorch_TabularMLP,Train,125,8.909660339
C1,PyTorch_TabularMLP,Train,60,29.95073891
C1,PyTorch_TabularMLP,Train,52,49.22304153
C1,PyTorch_TabularMLP,Train,560,20.5091095
C1,PyTorch_TabularMLP,Train,225,138.4031982
C1,PyTorch_TabularMLP,Train,287,20.54699707
C1,PyTorch_TabularMLP,Train,403,253.8882141
C1,PyTorch_TabularMLP,Train,158,89.90378571
C1,PyTorch_TabularMLP,Train,389,60.10513306
C1,PyTorch_TabularMLP,Train,250,29.86873627
C1,PyTorch_TabularMLP,Train,361,8.948951721
C1,PyTorch_TabularMLP,Train,234,7.36812973
C1,PyTorch_TabularMLP,Train,457,3.212135315
C1,PyTorch_TabularMLP,Train,66,63.0369339
C1,PyTorch_TabularMLP,Train,523,2.168106079
C1,PyTorch_TabularMLP,Train,639,5.329078674
C1,PyTorch_TabularMLP,Train,390,257.4426575
C1,PyTorch_TabularMLP,Train,369,14.04017639
C1,PyTorch_TabularMLP,Train,360,11.49124146
C1,PyTorch_TabularMLP,Train,215,53.85352325
C1,PyTorch_TabularMLP,Train,98,15.14069748
C1,PyTorch_TabularMLP,Train,207,51.8859024
C1,PyTorch_TabularMLP,Train,464,3.12147522
C1,PyTorch_TabularMLP,Train,208,78.89373016
C1,PyTorch_TabularMLP,Train,538,3.094833374
C1,PyTorch_TabularMLP,Train,276,18.56376648
C1,PyTorch_TabularMLP,Train,264,34.10821533
C1,PyTorch_TabularMLP,Train,214,30.12626076
C1,PyTorch_TabularMLP,Train,169,10.27014923
C1,PyTorch_TabularMLP,Train,668,12.63360596
C1,PyTorch_TabularMLP,Train,284,21.7790184
C1,PyTorch_TabularMLP,Train,168,7.552837372
C1,PyTorch_TabularMLP,Train,293,254.3680115
C1,PyTorch_TabularMLP,Train,448,2.925380707
C1,PyTorch_TabularMLP,Train,599,9.411518097
C1,PyTorch_TabularMLP,Train,232,8.641792297
C1,PyTorch_TabularMLP,Train,559,20.10177994
C1,PyTorch_TabularMLP,Train,593,6.8332901
C1,PyTorch_TabularMLP,Train,373,162.5256042
C1,PyTorch_TabularMLP,Train,411,2.928123474
C1,PyTorch_TabularMLP,Train,667,12.50063705
C1,PyTorch_TabularMLP,Train,64,63.75062943
C1,PyTorch_TabularMLP,Train,126,10.49452209
C1,PyTorch_TabularMLP,Train,170,11.3360405
C1,PyTorch_TabularMLP,Train,156,42.90466309
C1,PyTorch_TabularMLP,Train,32,149.2867279
C1,PyTorch_TabularMLP,Train,554,25.16752434
C1,PyTorch_TabularMLP,Train,310,173.329834
C1,PyTorch_TabularMLP,Train,555,25.99162674
C1,PyTorch_TabularMLP,Train,566,106.3049088
C1,PyTorch_TabularMLP,Train,9,193.1989746
C1,PyTorch_TabularMLP,Train,648,11.00227356
C1,PyTorch_TabularMLP,Train,610,192.2617188
C1,PyTorch_TabularMLP,Train,139,7.473999023
C1,PyTorch_TabularMLP,Train,306,196.6719055
C1,PyTorch_TabularMLP,Train,428,2.837867737
C1,PyTorch_TabularMLP,Train,551,21.80677032
C1,PyTorch_TabularMLP,Train,53,56.98521805
C1,PyTorch_TabularMLP,Train,393,250.1330872
C1,PyTorch_TabularMLP,Train,338,3.993553162
C1,PyTorch_TabularMLP,Train,595,7.144462585
C1,PyTorch_TabularMLP,Train,381,205.9524231
C1,PyTorch_TabularMLP,Train,607,193.0805359
C1,PyTorch_TabularMLP,Train,71,11.32697296
C1,PyTorch_TabularMLP,Train,320,11.01568222
C1,PyTorch_TabularMLP,Train,313,135.2688904
C1,PyTorch_TabularMLP,Train,451,2.904754639
C1,PyTorch_TabularMLP,Train,530,2.153064728
C1,PyTorch_TabularMLP,Train,162,6.340698242
C1,PyTorch_TabularMLP,Train,144,7.649185181
C1,PyTorch_TabularMLP,Train,65,63.61422729
C1,PyTorch_TabularMLP,Train,513,2.506023407
C1,PyTorch_TabularMLP,Train,590,6.107681274
C1,PyTorch_TabularMLP,Train,167,7.116340637
C1,PyTorch_TabularMLP,Train,153,8.925598145
C1,PyTorch_TabularMLP,Train,67,61.24768829
C1,PyTorch_TabularMLP,Train,10,193.6280823
C1,PyTorch_TabularMLP,Train,576,198.3521118
C1,PyTorch_TabularMLP,Train,422,2.909362793
C1,PyTorch_TabularMLP,Train,309,184.6482849
C1,PyTorch_TabularMLP,Train,348,10.16594696
C1,PyTorch_TabularMLP,Train,563,21.26301575
C1,PyTorch_TabularMLP,Train,653,188.1609802
C1,PyTorch_TabularMLP,Train,585,203.5676575
C1,PyTorch_TabularMLP,Train,471,3.157356262
C1,PyTorch_TabularMLP,Train,180,11.4269371
C1,PyTorch_TabularMLP,Train,611,191.9539185
C1,PyTorch_TabularMLP,Train,103,15.16764832
C1,PyTorch_TabularMLP,Train,472,3.155033112
C1,PyTorch_TabularMLP,Train,467,3.258636475
C1,PyTorch_TabularMLP,Train,54,75.16146851
C1,PyTorch_TabularMLP,Train,506,2.077316284
C1,PyTorch_TabularMLP,Train,175,16.48674393
C1,PyTorch_TabularMLP,Train,469,3.182670593
C1,PyTorch_TabularMLP,Train,594,6.978618622
C1,PyTorch_TabularMLP,Train,606,193.3065796
C1,PyTorch_TabularMLP,Train,136,6.806438446
C1,PyTorch_TabularMLP,Train,500,2.294502258
C1,PyTorch_TabularMLP,Train,528,2.199668884
C1,PyTorch_TabularMLP,Train,356,12.1566391
C1,PyTorch_TabularMLP,Train,101,11.92063141
C1,PyTorch_TabularMLP,Train,176,11.61616516
C1,PyTorch_TabularMLP,Train,407,3.023857117
C1,PyTorch_TabularMLP,Train,508,2.067756653
C1,PyTorch_TabularMLP,Train,277,19.53909683
C1,PyTorch_TabularMLP,Train,439,2.861492157
C1,PyTorch_TabularMLP,Train,316,11.06533813
C1,PyTorch_TabularMLP,Train,486,2.287742615
C1,PyTorch_TabularMLP,Train,110,13.32623672
C1,PyTorch_TabularMLP,Train,44,51.38344574
C1,PyTorch_TabularMLP,Train,452,2.91350174
C1,PyTorch_TabularMLP,Train,241,15.1623764
C1,PyTorch_TabularMLP,Train,195,112.2435608
C1,PyTorch_TabularMLP,Train,182,41.72198486
C1,PyTorch_TabularMLP,Train,351,11.28936005
C1,PyTorch_TabularMLP,Train,385,254.8854675
C1,PyTorch_TabularMLP,Train,296,234.5030823
C1,PyTorch_TabularMLP,Train,478,2.896217346
C1,PyTorch_TabularMLP,Train,399,230.1386414
C1,PyTorch_TabularMLP,Train,155,35.92791367
C1,PyTorch_TabularMLP,Train,299,168.9773865
C1,PyTorch_TabularMLP,Train,56,80.82141113
C1,PyTorch_TabularMLP,Train,11,65.70681
C1,PyTorch_TabularMLP,Train,178,28.10941887
C1,PyTorch_TabularMLP,Train,603,10.69195557
C1,PyTorch_TabularMLP,Train,663,7.994915009
C1,PyTorch_TabularMLP,Train,5,180.5839081
C1,PyTorch_TabularMLP,Train,263,37.89025879
C1,PyTorch_TabularMLP,Train,300,152.9108276
C1,PyTorch_TabularMLP,Train,669,5.386035919
C1,PyTorch_TabularMLP,Train,315,6.516036987
C1,PyTorch_TabularMLP,Train,518,2.127998352
C1,PyTorch_TabularMLP,Train,216,81.03970337
C1,PyTorch_TabularMLP,Train,22,182.5508423
C1,PyTorch_TabularMLP,Train,397,191.0661011
C1,PyTorch_TabularMLP,Train,609,192.5163269
C1,PyTorch_TabularMLP,Train,121,14.00878906
C1,PyTorch_TabularMLP,Train,628,140.8993835
C1,PyTorch_TabularMLP,Train,177,21.98206329
C1,PyTorch_TabularMLP,Train,61,51.17284775
C1,PyTorch_TabularMLP,Train,501,2.435073853
C1,PyTorch_TabularMLP,Train,243,16.19380188
C1,PyTorch_TabularMLP,Train,260,45.59202194
C1,PyTorch_TabularMLP,Train,504,2.135967255
C1,PyTorch_TabularMLP,Train,649,159.2411499
C1,PyTorch_TabularMLP,Train,127,10.86384583
C1,PyTorch_TabularMLP,Train,510,2.069461823
C1,PyTorch_TabularMLP,Train,69,96.93968201
C1,PyTorch_TabularMLP,Train,303,205.5056763
C1,PyTorch_TabularMLP,Train,285,22.54797554
C1,PyTorch_TabularMLP,Train,194,92.12562561
C1,PyTorch_TabularMLP,Train,415,2.870201111
C1,PyTorch_TabularMLP,Train,253,25.65210915
C1,PyTorch_TabularMLP,Train,507,2.071235657
C1,PyTorch_TabularMLP,Train,197,17.64983749
C1,PyTorch_TabularMLP,Train,84,11.46540833
C1,PyTorch_TabularMLP,Train,495,2.314750671
C1,PyTorch_TabularMLP,Train,540,2.233528137
C1,PyTorch_TabularMLP,Train,337,3.88243866
C1,PyTorch_TabularMLP,Train,406,3.460502625
C1,PyTorch_TabularMLP,Train,161,108.0809631
C1,PyTorch_TabularMLP,Train,6,188.381897
C1,PyTorch_TabularMLP,Train,624,128.9228668
C1,PyTorch_TabularMLP,Train,382,186.4699707
C1,PyTorch_TabularMLP,Train,569,127.6012039
C1,PyTorch_TabularMLP,Train,172,13.27527618
C1,PyTorch_TabularMLP,Train,660,17.26040649
C1,PyTorch_TabularMLP,Train,666,12.22525787
C1,PyTorch_TabularMLP,Train,488,2.276023865
C1,PyTorch_TabularMLP,Train,191,35.67333984
C1,PyTorch_TabularMLP,Train,379,257.9095459
C1,PyTorch_TabularMLP,Train,545,2.226264954
C1,PyTorch_TabularMLP,Train,218,152.9265747
C1,PyTorch_TabularMLP,Train,416,2.845924377
C1,PyTorch_TabularMLP,Train,288,20.13512802
C1,PyTorch_TabularMLP,Train,187,65.24839783
C1,PyTorch_TabularMLP,Train,163,6.573139191
C1,PyTorch_TabularMLP,Train,543,2.215824127
C1,PyTorch_TabularMLP,Train,124,7.765106201
C1,PyTorch_TabularMLP,Train,463,3.120723724
C1,PyTorch_TabularMLP,Train,157,60.04698563
C1,PyTorch_TabularMLP,Train,236,7.136535645
C1,PyTorch_TabularMLP,Train,129,12.48446274
C1,PyTorch_TabularMLP,Train,134,8.224773407
C1,PyTorch_TabularMLP,Train,570,129.5470581
C1,PyTorch_TabularMLP,Train,616,32.4982338
C1,PyTorch_TabularMLP,Train,634,186.8711243
C1,PyTorch_TabularMLP,Train,13,180.0610046
C1,PyTorch_TabularMLP,Train,245,15.83526993
C1,PyTorch_TabularMLP,Train,347,13.00905228
C1,PyTorch_TabularMLP,Train,7,192.5507202
C1,PyTorch_TabularMLP,Train,332,9.816616058
C1,PyTorch_TabularMLP,Train,196,8.908977509
C1,PyTorch_TabularMLP,Train,330,10.69864655
C1,PyTorch_TabularMLP,Train,365,5.181949615
C1,PyTorch_TabularMLP,Train,433,2.990093231
C1,PyTorch_TabularMLP,Train,489,2.40202713
C1,PyTorch_TabularMLP,Train,363,6.679252625
C1,PyTorch_TabularMLP,Train,70,68.52993011
C1,PyTorch_TabularMLP,Train,499,2.292842865
C1,PyTorch_TabularMLP,Train,36,180.139679
C1,PyTorch_TabularMLP,Train,211,158.8678589
C1,PyTorch_TabularMLP,Train,118,14.04905319
C1,PyTorch_TabularMLP,Train,619,4.437648773
C1,PyTorch_TabularMLP,Train,179,42.52808762
C1,PyTorch_TabularMLP,Train,573,133.7471771
C1,PyTorch_TabularMLP,Train,86,14.40620804
C1,PyTorch_TabularMLP,Train,661,13.32991409
C1,PyTorch_TabularMLP,Train,79,62.77494431
C1,PyTorch_TabularMLP,Train,143,7.602916718
C1,PyTorch_TabularMLP,Train,524,2.223148346
C1,PyTorch_TabularMLP,Train,380,256.3230896
C1,PyTorch_TabularMLP,Train,423,2.901382446
C1,PyTorch_TabularMLP,Train,357,14.8686676
C1,PyTorch_TabularMLP,Train,184,10.75461578
C1,PyTorch_TabularMLP,Train,352,11.39125824
C1,PyTorch_TabularMLP,Train,492,2.359157562
C1,PyTorch_TabularMLP,Train,152,8.780029297
C1,PyTorch_TabularMLP,Train,73,6.64956665
C1,PyTorch_TabularMLP,Train,289,19.30105591
C1,PyTorch_TabularMLP,Train,16,190.0543518
C1,PyTorch_TabularMLP,Train,273,19.32553864
C1,PyTorch_TabularMLP,Train,542,2.212100983
C1,PyTorch_TabularMLP,Train,487,2.279323578
C1,PyTorch_TabularMLP,Train,629,170.6620483
C1,PyTorch_TabularMLP,Train,261,43.420578
C1,PyTorch_TabularMLP,Train,122,13.32623672
C1,PyTorch_TabularMLP,Train,335,3.777462006
C1,PyTorch_TabularMLP,Train,417,2.758178711
C1,PyTorch_TabularMLP,Train,578,199.6144104
C1,PyTorch_TabularMLP,Train,587,204.8398438
C1,PyTorch_TabularMLP,Train,414,2.891555786
C1,PyTorch_TabularMLP,Train,251,27.69622803
C1,PyTorch_TabularMLP,Train,662,9.919006348
C1,PyTorch_TabularMLP,Train,235,7.282981873
C1,PyTorch_TabularMLP,Train,374,160.1557465
C1,PyTorch_TabularMLP,Train,326,10.60305786
C1,PyTorch_TabularMLP,Train,281,25.71395302
C1,PyTorch_TabularMLP,Train,620,5.214164734
C1,PyTorch_TabularMLP,Train,90,15.14154816
C1,PyTorch_TabularMLP,Train,419,2.984783173
C1,PyTorch_TabularMLP,Train,453,2.959213257
C1,PyTorch_TabularMLP,Train,592,6.635150909
C1,PyTorch_TabularMLP,Train,479,2.39868927
C1,PyTorch_TabularMLP,Train,562,21.06705093
C1,PyTorch_TabularMLP,Train,618,32.16976166
C1,PyTorch_TabularMLP,Train,133,8.909660339
C1,PyTorch_TabularMLP,Train,483,2.310977936
C1,PyTorch_TabularMLP,Train,391,257.1472473
C1,PyTorch_TabularMLP,Train,18,190.9819641
C1,PyTorch_TabularMLP,Train,396,175.7864838
C1,PyTorch_TabularMLP,Train,355,11.62175751
C1,PyTorch_TabularMLP,Train,636,203.7640381
C1,PyTorch_TabularMLP,Train,547,2.328243256
C1,PyTorch_TabularMLP,Train,204,8.641792297
C1,PyTorch_TabularMLP,Train,468,3.210292816
C1,PyTorch_TabularMLP,Train,561,20.8602066
C1,PyTorch_TabularMLP,Train,183,62.14028168
C1,PyTorch_TabularMLP,Train,159,97.86499786
C1,PyTorch_TabularMLP,Train,117,13.98836899
C1,PyTorch_TabularMLP,Train,394,193.2276611
C1,PyTorch_TabularMLP,Train,527,2.256507874
C1,PyTorch_TabularMLP,Train,371,11.96784592
C1,PyTorch_TabularMLP,Train,333,9.584278107
C1,PyTorch_TabularMLP,Train,45,58.85800171
C1,PyTorch_TabularMLP,Train,327,10.7195015
C1,PyTorch_TabularMLP,Train,536,2.315704346
C1,PyTorch_TabularMLP,Train,671,5.611660004
C1,PyTorch_TabularMLP,Train,623,6.534088135
C1,PyTorch_TabularMLP,Train,221,19.54535294
C1,PyTorch_TabularMLP,Train,512,2.132621765
C1,PyTorch_TabularMLP,Train,206,28.52640533
C1,PyTorch_TabularMLP,Train,612,191.7741699
C1,PyTorch_TabularMLP,Train,466,3.924987793
C1,PyTorch_TabularMLP,Train,346,12.65850449
C1,PyTorch_TabularMLP,Train,233,8.100269318
C1,PyTorch_TabularMLP,Train,532,2.153179169
C1,PyTorch_TabularMLP,Train,370,13.78055191
C1,PyTorch_TabularMLP,Train,475,3.173175812
C1,PyTorch_TabularMLP,Train,87,14.60716248
C1,PyTorch_TabularMLP,Train,534,2.181613922
C1,PyTorch_TabularMLP,Train,302,6.681194305
C1,PyTorch_TabularMLP,Train,665,11.84207153
C1,PyTorch_TabularMLP,Train,314,91.83805084
C1,PyTorch_TabularMLP,Train,219,165.3784485
C1,PyTorch_TabularMLP,Train,537,2.676948547
C1,PyTorch_TabularMLP,Train,142,7.559631348
C1,PyTorch_TabularMLP,Train,388,200.8141479
C1,PyTorch_TabularMLP,Train,465,3.048446655
C1,PyTorch_TabularMLP,Train,588,205.1625061
C1,PyTorch_TabularMLP,Train,108,15.52331161
C1,PyTorch_TabularMLP,Train,40,188.3381042
C1,PyTorch_TabularMLP,Train,14,185.3296509
C1,PyTorch_TabularMLP,Train,322,10.75201035
C1,PyTorch_TabularMLP,Train,438,2.879524231
C1,PyTorch_TabularMLP,Train,622,5.604503632
C1,PyTorch_TabularMLP,Train,440,2.852790833
C1,PyTorch_TabularMLP,Train,384,258.145752
C1,PyTorch_TabularMLP,Train,185,29.59413147
C1,PyTorch_TabularMLP,Train,192,64.67919159
C1,PyTorch_TabularMLP,Train,105,15.64165115
C1,PyTorch_TabularMLP,Train,223,53.74023056
C1,PyTorch_TabularMLP,Train,581,200.1703491
C1,PyTorch_TabularMLP,Train,30,190.9218445
C1,PyTorch_TabularMLP,Train,262,40.78650665
C1,PyTorch_TabularMLP,Train,116,13.91339111
C1,PyTorch_TabularMLP,Train,550,18.44488525
C1,PyTorch_TabularMLP,Train,401,248.9833679
C1,PyTorch_TabularMLP,Train,34,166.2862549
C1,PyTorch_TabularMLP,Train,269,15.79110718
C1,PyTorch_TabularMLP,Train,257,51.8859024
C1,PyTorch_TabularMLP,Train,408,2.988704681
C1,PyTorch_TabularMLP,Train,43,39.06504059
C1,PyTorch_TabularMLP,Train,517,2.143688202
C1,PyTorch_TabularMLP,Train,247,14.63638306
C1,PyTorch_TabularMLP,Train,529,2.170280457
C1,PyTorch_TabularMLP,Train,97,14.96884537
C1,PyTorch_TabularMLP,Train,655,8.687862396
C1,PyTorch_TabularMLP,Train,584,202.5358582
C1,PyTorch_TabularMLP,Train,462,3.127334595
C1,PyTorch_TabularMLP,Train,637,204.4054871
C1,PyTorch_TabularMLP,Train,557,27.12005806
C1,PyTorch_TabularMLP,Train,443,3.062423706
C1,PyTorch_TabularMLP,Train,640,7.099094391
C1,PyTorch_TabularMLP,Train,301,104.8250046
C1,PyTorch_TabularMLP,Train,398,210.9792786
C1,PyTorch_TabularMLP,Train,377,30.01280594
C1,PyTorch_TabularMLP,Train,297,213.7692566
C1,PyTorch_TabularMLP,Train,230,6.39509201
C1,PyTorch_TabularMLP,Train,201,104.6792603
C1,PyTorch_TabularMLP,Train,454,4.061195374
C1,PyTorch_TabularMLP,Train,589,205.6700439
C1,PyTorch_TabularMLP,Train,378,255.4050293
C1,PyTorch_TabularMLP,Train,186,44.79191971
C1,PyTorch_TabularMLP,Train,456,3.25528717
C1,PyTorch_TabularMLP,Train,254,24.36314774
C1,PyTorch_TabularMLP,Train,498,2.297382355
C1,PyTorch_TabularMLP,Train,614,25.7677536
C1,PyTorch_TabularMLP,Train,564,21.35725021
C1,PyTorch_TabularMLP,Train,386,254.4054565
C1,PyTorch_TabularMLP,Train,459,3.159648895
C1,PyTorch_TabularMLP,Train,295,250.4904175
C1,PyTorch_TabularMLP,Train,450,2.907600403
C1,PyTorch_TabularMLP,Train,339,4.38356781
C1,PyTorch_TabularMLP,Train,23,186.8909607
C1,PyTorch_TabularMLP,Train,345,12.1566391
C1,PyTorch_TabularMLP,Train,342,6.877277374
C1,PyTorch_TabularMLP,Train,102,13.30358505
C1,PyTorch_TabularMLP,Train,658,14.09770966
C1,PyTorch_TabularMLP,Train,266,12.57901764
C1,PyTorch_TabularMLP,Train,202,124.2943115
C1,PyTorch_TabularMLP,Train,33,81.284729
C1,PyTorch_TabularMLP,Train,672,5.757492065
C1,PyTorch_TabularMLP,Train,577,199.1950989
C1,PyTorch_TabularMLP,Train,112,5.518222809
C1,PyTorch_TabularMLP,Train,94,14.35854721
C1,PyTorch_TabularMLP,Train,47,98.03181458
C1,PyTorch_TabularMLP,Train,26,191.0930481
C1,PyTorch_TabularMLP,Train,552,23.12496948
C1,PyTorch_TabularMLP,Train,317,11.11535645
C1,PyTorch_TabularMLP,Train,128,12.32555771
C1,PyTorch_TabularMLP,Train,198,25.58428001
C1,PyTorch_TabularMLP,Train,354,11.59197617
C1,PyTorch_TabularMLP,Train,37,181.1964111
C1,PyTorch_TabularMLP,Train,193,81.82789612
C1,PyTorch_TabularMLP,Train,88,14.8330307
C1,PyTorch_TabularMLP,Train,275,15.25976563
C1,PyTorch_TabularMLP,Train,111,6.820907593
C1,PyTorch_TabularMLP,Train,268,14.21922684
C1,PyTorch_TabularMLP,Train,267,13.99272919
C1,PyTorch_TabularMLP,Train,20,47.77964783
C1,PyTorch_TabularMLP,Train,312,144.0658875
C1,PyTorch_TabularMLP,Train,3,49.53319931
C1,PyTorch_TabularMLP,Train,402,250.0144348
C1,PyTorch_TabularMLP,Train,344,9.645729065
C1,PyTorch_TabularMLP,Train,644,8.241363525
C1,PyTorch_TabularMLP,Train,120,14.03911209
C1,PyTorch_TabularMLP,Train,359,13.95606613
C1,PyTorch_TabularMLP,Train,364,6.356906891
C1,PyTorch_TabularMLP,Train,83,11.29195786
C1,PyTorch_TabularMLP,Train,519,2.125614166
C1,PyTorch_TabularMLP,Train,231,8.339614868
C1,PyTorch_TabularMLP,Train,141,7.537029266
C1,PyTorch_TabularMLP,Train,410,2.937618256
C1,PyTorch_TabularMLP,Train,279,24.62958717
C1,PyTorch_TabularMLP,Train,228,5.580684662
C1,PyTorch_TabularMLP,Train,224,81.51847076
C1,PyTorch_TabularMLP,Train,95,14.55590057
C1,PyTorch_TabularMLP,Train,248,18.710289
C1,PyTorch_TabularMLP,Train,31,170.5157471
C1,PyTorch_TabularMLP,Train,81,67.4434433
C1,PyTorch_TabularMLP,Train,568,124.2780914
C1,PyTorch_TabularMLP,Train,553,24.36904907
C1,PyTorch_TabularMLP,Train,449,2.921283722
C1,PyTorch_TabularMLP,Train,387,257.548584
C1,PyTorch_TabularMLP,Train,174,14.08530807
C1,PyTorch_TabularMLP,Train,630,190.4511108
C1,PyTorch_TabularMLP,Train,240,12.6908493
C1,PyTorch_TabularMLP,Train,358,14.88322449
C1,PyTorch_TabularMLP,Train,19,191.8518372
C1,PyTorch_TabularMLP,Train,645,10.55868149
C1,PyTorch_TabularMLP,Train,189,18.89277649
C1,PyTorch_TabularMLP,Train,643,8.555820465
C1,PyTorch_TabularMLP,Train,63,63.71631622
C1,PyTorch_TabularMLP,Train,205,18.710289
C1,PyTorch_TabularMLP,Train,325,10.4242363
C1,PyTorch_TabularMLP,Train,329,11.04101944
C1,PyTorch_TabularMLP,Train,368,13.07852173
C1,PyTorch_TabularMLP,Train,321,10.91969681
C1,PyTorch_TabularMLP,Train,565,21.49668121
C1,PyTorch_TabularMLP,Train,77,61.04157639
C1,PyTorch_TabularMLP,Train,674,7.085521698
C1,PyTorch_TabularMLP,Train,190,23.67079163
C1,PyTorch_TabularMLP,Train,546,2.265979767
C1,PyTorch_TabularMLP,Train,580,200.055603
C1,PyTorch_TabularMLP,Train,328,11.06533813
C1,PyTorch_TabularMLP,Train,343,7.573551178
C1,PyTorch_TabularMLP,Train,324,9.979259491
C1,PyTorch_TabularMLP,Train,35,176.8215942
C1,PyTorch_TabularMLP,Train,657,12.63278198
C1,PyTorch_TabularMLP,Train,400,240.9404907
C1,PyTorch_TabularMLP,Train,298,209.8258057
C1,PyTorch_TabularMLP,Train,509,2.066303253
C1,PyTorch_TabularMLP,Train,426,2.871589661
C1,PyTorch_TabularMLP,Train,119,14.07903671
C1,PyTorch_TabularMLP,Train,642,7.594928741
C1,PyTorch_TabularMLP,Train,74,51.17362976
C1,PyTorch_TabularMLP,Train,602,10.48437881
C1,PyTorch_TabularMLP,Train,574,192.8797607
C1,PyTorch_TabularMLP,Train,106,15.87472534
C1,PyTorch_TabularMLP,Test,458,3.171875
C1,PyTorch_TabularMLP,Test,641,7.454826355
C1,PyTorch_TabularMLP,Test,318,11.09333038
C1,PyTorch_TabularMLP,Test,436,2.916397095
C1,PyTorch_TabularMLP,Test,283,20.41653824
C1,PyTorch_TabularMLP,Test,24,190.3339233
C1,PyTorch_TabularMLP,Test,473,3.15422821
C1,PyTorch_TabularMLP,Test,29,200.3132629
C1,PyTorch_TabularMLP,Test,282,20.04792404
C1,PyTorch_TabularMLP,Test,362,6.875701904
C1,PyTorch_TabularMLP,Test,104,15.38210678
C1,PyTorch_TabularMLP,Test,617,32.53306198
C1,PyTorch_TabularMLP,Test,229,6.004573822
C1,PyTorch_TabularMLP,Test,404,257.8392639
C1,PyTorch_TabularMLP,Test,209,121.5203934
C1,PyTorch_TabularMLP,Test,613,191.4542847
C1,PyTorch_TabularMLP,Test,621,5.487174988
C1,PyTorch_TabularMLP,Test,604,10.78504944
C1,PyTorch_TabularMLP,Test,659,14.42715073
C1,PyTorch_TabularMLP,Test,600,9.854476929
C1,PyTorch_TabularMLP,Test,670,5.541973114
C1,PyTorch_TabularMLP,Test,526,3.185329437
C1,PyTorch_TabularMLP,Test,115,13.69400024
C1,PyTorch_TabularMLP,Test,635,202.0665588
C1,PyTorch_TabularMLP,Test,434,2.943553925
C1,PyTorch_TabularMLP,Test,59,86.45584106
C1,PyTorch_TabularMLP,Test,503,2.192764282
C1,PyTorch_TabularMLP,Test,631,192.4459534
C1,PyTorch_TabularMLP,Test,270,17.77679062
C1,PyTorch_TabularMLP,Test,259,52.77283478
C1,PyTorch_TabularMLP,Test,625,137.6936798
C1,PyTorch_TabularMLP,Test,367,12.14283371
C1,PyTorch_TabularMLP,Test,336,3.824207306
C1,PyTorch_TabularMLP,Test,226,155.7907715
C1,PyTorch_TabularMLP,Test,477,3.146450043
C1,PyTorch_TabularMLP,Test,181,29.01226616
C1,PyTorch_TabularMLP,Test,427,2.855186462
C1,PyTorch_TabularMLP,Test,294,252.3842468
C1,PyTorch_TabularMLP,Test,8,192.9011841
C1,PyTorch_TabularMLP,Test,238,6.507789612
C1,PyTorch_TabularMLP,Test,533,2.155357361
C1,PyTorch_TabularMLP,Test,586,204.203949
C1,PyTorch_TabularMLP,Test,160,104.3165054
C1,PyTorch_TabularMLP,Test,505,2.103172302
C1,PyTorch_TabularMLP,Test,272,18.71775818
C1,PyTorch_TabularMLP,Test,12,100.8894501
C1,PyTorch_TabularMLP,Test,598,8.348342896
C1,PyTorch_TabularMLP,Test,138,7.44108963
C1,PyTorch_TabularMLP,Test,652,183.8497314
C1,PyTorch_TabularMLP,Test,485,2.301815033
C1,PyTorch_TabularMLP,Test,646,10.75314331
C1,PyTorch_TabularMLP,Test,583,201.3742981
C1,PyTorch_TabularMLP,Test,200,75.23397827
C1,PyTorch_TabularMLP,Test,237,6.507789612
C1,PyTorch_TabularMLP,Test,591,6.45728302
C1,PyTorch_TabularMLP,Test,265,29.15397644
C1,PyTorch_TabularMLP,Test,76,59.97212219
C1,PyTorch_TabularMLP,Test,57,83.53599548
C1,PyTorch_TabularMLP,Test,307,194.7645874
C1,PyTorch_TabularMLP,Test,46,90.70373535
C1,PyTorch_TabularMLP,Test,447,2.932422638
C1,PyTorch_TabularMLP,Test,481,2.340892792
C1,PyTorch_TabularMLP,Test,597,7.395648956
C1,PyTorch_TabularMLP,Test,520,2.125221252
C1,PyTorch_TabularMLP,Test,148,8.559951782
C1,PyTorch_TabularMLP,Test,412,2.92036438
C1,PyTorch_TabularMLP,Test,246,15.401371
C1,PyTorch_TabularMLP,Test,255,22.63463974
C1,PyTorch_TabularMLP,Test,575,197.2141418
C1,PyTorch_TabularMLP,Test,114,13.10575485
C1,PyTorch_TabularMLP,Test,441,2.875431061
C1,PyTorch_TabularMLP,Test,405,254.8854675
C1,PyTorch_TabularMLP,Test,278,20.08472443
C1,PyTorch_TabularMLP,Test,430,3.835639954
C1,PyTorch_TabularMLP,Test,490,2.851360321
C1,PyTorch_TabularMLP,Test,608,192.8351746
C1,PyTorch_TabularMLP,Test,199,46.43497086
C1,PyTorch_TabularMLP,Test,353,11.46520615
C1,PyTorch_TabularMLP,Test,673,6.287910461
C1,PyTorch_TabularMLP,Test,135,8.068519592
C1,PyTorch_TabularMLP,Test,130,13.8004303
C1,PyTorch_TabularMLP,Test,147,8.288082123
C1,PyTorch_TabularMLP,Test,340,5.917579651
C1,PyTorch_TabularMLP,Test,493,2.339519501
C1,PyTorch_TabularMLP,Test,521,2.125789642
C1,PyTorch_TabularMLP,Test,435,2.928218842
C1,PyTorch_TabularMLP,Test,38,182.3338318
C1,PyTorch_TabularMLP,Test,571,131.4161377
C1,PyTorch_TabularMLP,Test,256,20.28480911
C1,PyTorch_TabularMLP,Test,496,2.310283661
C1,PyTorch_TabularMLP,Test,601,10.25320435
C1,PyTorch_TabularMLP,Test,173,13.69529343
C1,PyTorch_TabularMLP,Test,212,8.730659485
C1,PyTorch_TabularMLP,Test,311,170.7436218
C1,PyTorch_TabularMLP,Test,249,27.92376137
C1,PyTorch_TabularMLP,Test,131,12.23126221
C1,PyTorch_TabularMLP,Test,647,10.81622696
C1,PyTorch_TabularMLP,Test,579,199.936554
C1,PyTorch_TabularMLP,Test,239,8.641784668
C1,PyTorch_TabularMLP,Test,171,12.17964554
C1,PyTorch_TabularMLP,Test,244,16.07012177
C1,PyTorch_TabularMLP,Test,334,7.753578186
C1,PyTorch_TabularMLP,Test,89,15.01003647
C1,PyTorch_TabularMLP,Test,137,6.806438446
C1,PyTorch_TabularMLP,Test,107,16.14274216
C1,PyTorch_TabularMLP,Test,376,128.4129333
C1,PyTorch_TabularMLP,Test,91,11.11527634
C1,PyTorch_TabularMLP,Test,25,190.7009583
C1,PyTorch_TabularMLP,Test,319,11.05976868
C1,PyTorch_TabularMLP,Test,72,5.718196869
C1,PyTorch_TabularMLP,Test,164,6.746868134
C1,PyTorch_TabularMLP,Test,49,117.1969147
C1,PyTorch_TabularMLP,Test,395,55.90140152
C1,PyTorch_TabularMLP,Test,650,181.0186768
C1,PyTorch_TabularMLP,Test,149,8.659229279
C1,PyTorch_TabularMLP,Test,242,16.21230698
C1,PyTorch_TabularMLP,Test,429,2.790691376
C1,PyTorch_TabularMLP,Test,166,7.042793274
C1,PyTorch_TabularMLP,Test,515,2.211402893
C1,PyTorch_TabularMLP,Test,271,18.5487175
C1,PyTorch_TabularMLP,Test,292,255.9567871
C1,PyTorch_TabularMLP,Test,491,2.389778137
C1,PyTorch_TabularMLP,Test,100,11.37185669
C1,PyTorch_TabularMLP,Test,39,182.9413757
C1,PyTorch_TabularMLP,Test,145,7.963005066
C1,PyTorch_TabularMLP,Test,549,2.765010834
C1,PyTorch_TabularMLP,Test,227,167.0935364
C1,PyTorch_TabularMLP,Test,615,32.28249359
C1,PyTorch_TabularMLP,Test,502,3.047092438
C1,PyTorch_TabularMLP,Test,420,2.953552246
C1,PyTorch_TabularMLP,Test,476,3.197666168
C1,PyTorch_TabularMLP,Test,372,179.779129
C1,PyTorch_TabularMLP,Test,151,8.735679626
C1,PyTorch_TabularMLP,Test,68,58.10396194
C1,PyTorch_TabularMLP,Test,556,26.42192268
C2,RandomForestRegressor,Train,424,3.7916585
C2,RandomForestRegressor,Train,146,7.425967667
C2,RandomForestRegressor,Train,93,13.38051546
C2,RandomForestRegressor,Train,323,9.181463
C2,RandomForestRegressor,Train,539,0.050153833
C2,RandomForestRegressor,Train,99,11.98812583
C2,RandomForestRegressor,Train,92,8.441190067
C2,RandomForestRegressor,Train,28,189.9670732
C2,RandomForestRegressor,Train,258,58.67559186
C2,RandomForestRegressor,Train,632,190.8317255
C2,RandomForestRegressor,Train,366,15.71181283
C2,RandomForestRegressor,Train,150,7.684242833
C2,RandomForestRegressor,Train,572,120.7607917
C2,RandomForestRegressor,Train,638,207.4340353
C2,RandomForestRegressor,Train,421,1.444903167
C2,RandomForestRegressor,Train,27,188.1487745
C2,RandomForestRegressor,Train,50,96.29170317
C2,RandomForestRegressor,Train,286,16.92478233
C2,RandomForestRegressor,Train,213,21.79424867
C2,RandomForestRegressor,Train,445,1.342501667
C2,RandomForestRegressor,Train,252,29.78429083
C2,RandomForestRegressor,Train,85,9.421875511
C2,RandomForestRegressor,Train,461,0.535473167
C2,RandomForestRegressor,Train,455,0.028853833
C2,RandomForestRegressor,Train,375,142.7586447
C2,RandomForestRegressor,Train,210,122.5696577
C2,RandomForestRegressor,Train,290,12.83583333
C2,RandomForestRegressor,Train,15,185.0477205
C2,RandomForestRegressor,Train,535,1.242895167
C2,RandomForestRegressor,Train,596,4.636148667
C2,RandomForestRegressor,Train,514,0.201335667
C2,RandomForestRegressor,Train,651,169.1497455
C2,RandomForestRegressor,Train,62,64.67644317
C2,RandomForestRegressor,Train,58,72.08687533
C2,RandomForestRegressor,Train,78,62.1613825
C2,RandomForestRegressor,Train,274,16.73699033
C2,RandomForestRegressor,Train,418,0.27575
C2,RandomForestRegressor,Train,522,1.113500333
C2,RandomForestRegressor,Train,516,0.324602
C2,RandomForestRegressor,Train,633,194.0928703
C2,RandomForestRegressor,Train,656,8.223491
C2,RandomForestRegressor,Train,431,0.2042935
C2,RandomForestRegressor,Train,51,37.59727711
C2,RandomForestRegressor,Train,497,0.705248833
C2,RandomForestRegressor,Train,425,4.1685275
C2,RandomForestRegressor,Train,331,8.873629556
C2,RandomForestRegressor,Train,413,2.576647
C2,RandomForestRegressor,Train,109,14.47425395
C2,RandomForestRegressor,Train,42,182.311202
C2,RandomForestRegressor,Train,75,55.69913517
C2,RandomForestRegressor,Train,432,0.252911333
C2,RandomForestRegressor,Train,626,124.1901017
C2,RandomForestRegressor,Train,480,0.136864333
C2,RandomForestRegressor,Train,222,28.98643667
C2,RandomForestRegressor,Train,442,0.401923667
C2,RandomForestRegressor,Train,460,0.5036445
C2,RandomForestRegressor,Train,21,86.21611083
C2,RandomForestRegressor,Train,55,74.41208917
C2,RandomForestRegressor,Train,291,245.5790765
C2,RandomForestRegressor,Train,217,108.1154098
C2,RandomForestRegressor,Train,392,255.08277
C2,RandomForestRegressor,Train,544,2.362682
C2,RandomForestRegressor,Train,203,120.2948981
C2,RandomForestRegressor,Train,305,198.3733333
C2,RandomForestRegressor,Train,664,7.532378333
C2,RandomForestRegressor,Train,558,16.13693367
C2,RandomForestRegressor,Train,113,2.635223486
C2,RandomForestRegressor,Train,188,13.15585113
C2,RandomForestRegressor,Train,220,12.56865043
C2,RandomForestRegressor,Train,80,63.285365
C2,RandomForestRegressor,Train,383,87.18042317
C2,RandomForestRegressor,Train,41,186.5877141
C2,RandomForestRegressor,Train,654,4.0158515
C2,RandomForestRegressor,Train,548,3.277574
C2,RandomForestRegressor,Train,484,0.458212167
C2,RandomForestRegressor,Train,17,183.3675868
C2,RandomForestRegressor,Train,123,3.392144806
C2,RandomForestRegressor,Train,132,9.825818765
C2,RandomForestRegressor,Train,341,3.030577283
C2,RandomForestRegressor,Train,511,1.0155175
C2,RandomForestRegressor,Train,482,0.267026
C2,RandomForestRegressor,Train,48,100.6418438
C2,RandomForestRegressor,Train,349,8.592213833
C2,RandomForestRegressor,Train,494,0.2205565
C2,RandomForestRegressor,Train,304,198.7666667
C2,RandomForestRegressor,Train,525,1.295312833
C2,RandomForestRegressor,Train,308,173.8416667
C2,RandomForestRegressor,Train,4,89.29633148
C2,RandomForestRegressor,Train,437,0.763212
C2,RandomForestRegressor,Train,531,0.7836
C2,RandomForestRegressor,Train,165,2.585741
C2,RandomForestRegressor,Train,474,2.552242667
C2,RandomForestRegressor,Train,409,0.922591833
C2,RandomForestRegressor,Train,627,125.8511595
C2,RandomForestRegressor,Train,567,108.8404575
C2,RandomForestRegressor,Train,280,32.47837033
C2,RandomForestRegressor,Train,82,54.86646683
C2,RandomForestRegressor,Train,605,11.56241617
C2,RandomForestRegressor,Train,350,9.299726667
C2,RandomForestRegressor,Train,470,1.740265
C2,RandomForestRegressor,Train,446,1.636678
C2,RandomForestRegressor,Train,541,0.361555333
C2,RandomForestRegressor,Train,96,16.9173745
C2,RandomForestRegressor,Train,444,1.164462167
C2,RandomForestRegressor,Train,154,32.78224367
C2,RandomForestRegressor,Train,582,192.6313148
C2,RandomForestRegressor,Train,140,5.5490015
C2,RandomForestRegressor,Train,125,7.91229521
C2,RandomForestRegressor,Train,60,36.06122167
C2,RandomForestRegressor,Train,52,46.70884767
C2,RandomForestRegressor,Train,560,18.58785383
C2,RandomForestRegressor,Train,225,110.0826373
C2,RandomForestRegressor,Train,287,15.6104995
C2,RandomForestRegressor,Train,403,233.9204278
C2,RandomForestRegressor,Train,158,81.3136435
C2,RandomForestRegressor,Train,389,93.67347483
C2,RandomForestRegressor,Train,250,32.77541875
C2,RandomForestRegressor,Train,361,7.912072569
C2,RandomForestRegressor,Train,234,0.135868233
C2,RandomForestRegressor,Train,457,0.180572667
C2,RandomForestRegressor,Train,66,62.76152
C2,RandomForestRegressor,Train,523,1.189292833
C2,RandomForestRegressor,Train,639,6.669507333
C2,RandomForestRegressor,Train,390,244.5354508
C2,RandomForestRegressor,Train,369,13.95326533
C2,RandomForestRegressor,Train,360,9.987594424
C2,RandomForestRegressor,Train,215,61.28057694
C2,RandomForestRegressor,Train,98,12.31337283
C2,RandomForestRegressor,Train,207,59.01177445
C2,RandomForestRegressor,Train,464,0.815387333
C2,RandomForestRegressor,Train,208,65.37870421
C2,RandomForestRegressor,Train,538,0.0466345
C2,RandomForestRegressor,Train,276,19.99757633
C2,RandomForestRegressor,Train,264,29.72696867
C2,RandomForestRegressor,Train,214,30.95421175
C2,RandomForestRegressor,Train,169,6.3518465
C2,RandomForestRegressor,Train,668,11.87941383
C2,RandomForestRegressor,Train,284,20.33800333
C2,RandomForestRegressor,Train,168,3.692685167
C2,RandomForestRegressor,Train,293,241.8257432
C2,RandomForestRegressor,Train,448,2.405155833
C2,RandomForestRegressor,Train,599,10.19345533
C2,RandomForestRegressor,Train,232,6.811543584
C2,RandomForestRegressor,Train,559,17.5633115
C2,RandomForestRegressor,Train,593,4.145863333
C2,RandomForestRegressor,Train,373,157.6224167
C2,RandomForestRegressor,Train,411,1.783895667
C2,RandomForestRegressor,Train,667,11.24160083
C2,RandomForestRegressor,Train,64,65.26363333
C2,RandomForestRegressor,Train,126,10.67891935
C2,RandomForestRegressor,Train,170,6.579854167
C2,RandomForestRegressor,Train,156,59.48411633
C2,RandomForestRegressor,Train,32,133.6311299
C2,RandomForestRegressor,Train,554,23.4864205
C2,RandomForestRegressor,Train,310,161.6716667
C2,RandomForestRegressor,Train,555,24.28949483
C2,RandomForestRegressor,Train,566,103.3004107
C2,RandomForestRegressor,Train,9,195.4076528
C2,RandomForestRegressor,Train,648,11.83803283
C2,RandomForestRegressor,Train,610,189.8020022
C2,RandomForestRegressor,Train,139,5.032770667
C2,RandomForestRegressor,Train,306,196.6383333
C2,RandomForestRegressor,Train,428,4.3487865
C2,RandomForestRegressor,Train,551,20.61962433
C2,RandomForestRegressor,Train,53,64.06537917
C2,RandomForestRegressor,Train,393,231.3834642
C2,RandomForestRegressor,Train,338,0.9449475
C2,RandomForestRegressor,Train,595,4.605462
C2,RandomForestRegressor,Train,381,208.4198857
C2,RandomForestRegressor,Train,607,186.2382873
C2,RandomForestRegressor,Train,71,21.4541645
C2,RandomForestRegressor,Train,320,9.573390333
C2,RandomForestRegressor,Train,313,103.8384102
C2,RandomForestRegressor,Train,451,2.746907833
C2,RandomForestRegressor,Train,530,0.505882
C2,RandomForestRegressor,Train,162,2.288584333
C2,RandomForestRegressor,Train,144,7.357663167
C2,RandomForestRegressor,Train,65,65.07977133
C2,RandomForestRegressor,Train,513,1.080607833
C2,RandomForestRegressor,Train,590,4.163349667
C2,RandomForestRegressor,Train,167,3.313248333
C2,RandomForestRegressor,Train,153,8.07728367
C2,RandomForestRegressor,Train,67,61.65510733
C2,RandomForestRegressor,Train,10,191.7536497
C2,RandomForestRegressor,Train,576,194.8576207
C2,RandomForestRegressor,Train,422,2.113489167
C2,RandomForestRegressor,Train,309,166.6930223
C2,RandomForestRegressor,Train,348,8.361557
C2,RandomForestRegressor,Train,563,19.87432167
C2,RandomForestRegressor,Train,653,179.4695735
C2,RandomForestRegressor,Train,585,204.129046
C2,RandomForestRegressor,Train,471,2.165301833
C2,RandomForestRegressor,Train,180,35.804274
C2,RandomForestRegressor,Train,611,190.109847
C2,RandomForestRegressor,Train,103,14.45964246
C2,RandomForestRegressor,Train,472,2.376867167
C2,RandomForestRegressor,Train,467,0.449613333
C2,RandomForestRegressor,Train,54,69.01017017
C2,RandomForestRegressor,Train,506,0.490603
C2,RandomForestRegressor,Train,175,15.198137
C2,RandomForestRegressor,Train,469,1.373363167
C2,RandomForestRegressor,Train,594,4.425324333
C2,RandomForestRegressor,Train,606,183.4300945
C2,RandomForestRegressor,Train,136,3.725405053
C2,RandomForestRegressor,Train,500,0.887180833
C2,RandomForestRegressor,Train,528,0.017038833
C2,RandomForestRegressor,Train,356,10.55474529
C2,RandomForestRegressor,Train,101,9.545328667
C2,RandomForestRegressor,Train,176,13.921577
C2,RandomForestRegressor,Train,407,0.216019833
C2,RandomForestRegressor,Train,508,0.715741
C2,RandomForestRegressor,Train,277,22.84315567
C2,RandomForestRegressor,Train,439,0.917100333
C2,RandomForestRegressor,Train,316,9.369204685
C2,RandomForestRegressor,Train,486,0.592304167
C2,RandomForestRegressor,Train,110,11.99087801
C2,RandomForestRegressor,Train,44,51.99969383
C2,RandomForestRegressor,Train,452,2.8390465
C2,RandomForestRegressor,Train,241,19.31454444
C2,RandomForestRegressor,Train,195,101.9844156
C2,RandomForestRegressor,Train,182,37.693364
C2,RandomForestRegressor,Train,351,9.635934167
C2,RandomForestRegressor,Train,385,257.8311995
C2,RandomForestRegressor,Train,296,207.7307432
C2,RandomForestRegressor,Train,478,0.083664
C2,RandomForestRegressor,Train,399,201.202861
C2,RandomForestRegressor,Train,155,40.95634767
C2,RandomForestRegressor,Train,299,157.0884387
C2,RandomForestRegressor,Train,56,72.67111467
C2,RandomForestRegressor,Train,11,61.77230283
C2,RandomForestRegressor,Train,178,32.6755345
C2,RandomForestRegressor,Train,603,11.0657315
C2,RandomForestRegressor,Train,663,5.847833167
C2,RandomForestRegressor,Train,5,166.0842411
C2,RandomForestRegressor,Train,263,34.27960033
C2,RandomForestRegressor,Train,300,115.2087692
C2,RandomForestRegressor,Train,669,5.762190167
C2,RandomForestRegressor,Train,315,27.40585567
C2,RandomForestRegressor,Train,518,0.541171
C2,RandomForestRegressor,Train,216,73.03703156
C2,RandomForestRegressor,Train,22,158.3130363
C2,RandomForestRegressor,Train,397,176.0318292
C2,RandomForestRegressor,Train,609,189.5883857
C2,RandomForestRegressor,Train,121,13.87776582
C2,RandomForestRegressor,Train,628,126.3526842
C2,RandomForestRegressor,Train,177,16.71869783
C2,RandomForestRegressor,Train,61,46.60539517
C2,RandomForestRegressor,Train,501,0.882137
C2,RandomForestRegressor,Train,243,17.99296933
C2,RandomForestRegressor,Train,260,51.17741211
C2,RandomForestRegressor,Train,504,0.354982167
C2,RandomForestRegressor,Train,649,147.8783458
C2,RandomForestRegressor,Train,127,11.57048829
C2,RandomForestRegressor,Train,510,0.917335833
C2,RandomForestRegressor,Train,69,72.625373
C2,RandomForestRegressor,Train,303,199.16
C2,RandomForestRegressor,Train,285,17.77929217
C2,RandomForestRegressor,Train,194,91.48691517
C2,RandomForestRegressor,Train,415,2.675750333
C2,RandomForestRegressor,Train,253,26.24860167
C2,RandomForestRegressor,Train,507,0.631803833
C2,RandomForestRegressor,Train,197,17.79858025
C2,RandomForestRegressor,Train,84,10.10463483
C2,RandomForestRegressor,Train,495,0.413232
C2,RandomForestRegressor,Train,540,0.192138333
C2,RandomForestRegressor,Train,337,0.433409167
C2,RandomForestRegressor,Train,406,0.145074667
C2,RandomForestRegressor,Train,161,92.48994033
C2,RandomForestRegressor,Train,6,190.4641224
C2,RandomForestRegressor,Train,624,110.0193843
C2,RandomForestRegressor,Train,382,179.2826278
C2,RandomForestRegressor,Train,569,116.8783575
C2,RandomForestRegressor,Train,172,8.180761833
C2,RandomForestRegressor,Train,660,17.38141467
C2,RandomForestRegressor,Train,666,10.41719767
C2,RandomForestRegressor,Train,488,0.692203833
C2,RandomForestRegressor,Train,191,49.47515245
C2,RandomForestRegressor,Train,379,247.1641298
C2,RandomForestRegressor,Train,545,2.801537833
C2,RandomForestRegressor,Train,218,132.8077983
C2,RandomForestRegressor,Train,416,2.793959667
C2,RandomForestRegressor,Train,288,14.66357783
C2,RandomForestRegressor,Train,187,59.75538783
C2,RandomForestRegressor,Train,163,2.323842167
C2,RandomForestRegressor,Train,543,1.7362055
C2,RandomForestRegressor,Train,124,4.644571361
C2,RandomForestRegressor,Train,463,0.700114833
C2,RandomForestRegressor,Train,157,64.92626733
C2,RandomForestRegressor,Train,236,0.0296273
C2,RandomForestRegressor,Train,129,15.83041425
C2,RandomForestRegressor,Train,134,5.876145184
C2,RandomForestRegressor,Train,570,119.139142
C2,RandomForestRegressor,Train,616,31.21383167
C2,RandomForestRegressor,Train,634,173.4179195
C2,RandomForestRegressor,Train,13,159.6772533
C2,RandomForestRegressor,Train,245,15.91416667
C2,RandomForestRegressor,Train,347,16.59663924
C2,RandomForestRegressor,Train,7,197.6295274
C2,RandomForestRegressor,Train,332,8.694175389
C2,RandomForestRegressor,Train,196,11.58473039
C2,RandomForestRegressor,Train,330,8.987966556
C2,RandomForestRegressor,Train,365,4.164702933
C2,RandomForestRegressor,Train,433,0.340223167
C2,RandomForestRegressor,Train,489,0.717758833
C2,RandomForestRegressor,Train,363,5.45616585
C2,RandomForestRegressor,Train,70,45.7432655
C2,RandomForestRegressor,Train,499,0.852998833
C2,RandomForestRegressor,Train,36,169.014554
C2,RandomForestRegressor,Train,211,136.5344104
C2,RandomForestRegressor,Train,118,12.4418635
C2,RandomForestRegressor,Train,619,5.3701685
C2,RandomForestRegressor,Train,179,46.887726
C2,RandomForestRegressor,Train,573,120.5981325
C2,RandomForestRegressor,Train,86,12.49366833
C2,RandomForestRegressor,Train,661,12.74147233
C2,RandomForestRegressor,Train,79,62.67635367
C2,RandomForestRegressor,Train,143,7.2694745
C2,RandomForestRegressor,Train,524,1.268644333
C2,RandomForestRegressor,Train,380,244.6318842
C2,RandomForestRegressor,Train,423,3.053037833
C2,RandomForestRegressor,Train,357,13.19976127
C2,RandomForestRegressor,Train,184,13.94914617
C2,RandomForestRegressor,Train,352,9.8874065
C2,RandomForestRegressor,Train,492,0.069401833
C2,RandomForestRegressor,Train,152,8.003508739
C2,RandomForestRegressor,Train,73,9.569760333
C2,RandomForestRegressor,Train,289,14.15583333
C2,RandomForestRegressor,Train,16,186.3016401
C2,RandomForestRegressor,Train,273,15.54762083
C2,RandomForestRegressor,Train,542,0.8890805
C2,RandomForestRegressor,Train,487,0.6584525
C2,RandomForestRegressor,Train,629,159.8444373
C2,RandomForestRegressor,Train,261,45.97362283
C2,RandomForestRegressor,Train,122,11.99087801
C2,RandomForestRegressor,Train,335,0.480046167
C2,RandomForestRegressor,Train,417,2.7914145
C2,RandomForestRegressor,Train,578,199.1187043
C2,RandomForestRegressor,Train,587,207.1031383
C2,RandomForestRegressor,Train,414,2.606423
C2,RandomForestRegressor,Train,251,32.94748583
C2,RandomForestRegressor,Train,662,10.295261
C2,RandomForestRegressor,Train,235,0.030442467
C2,RandomForestRegressor,Train,374,154.4328103
C2,RandomForestRegressor,Train,326,9.0359585
C2,RandomForestRegressor,Train,281,34.40722983
C2,RandomForestRegressor,Train,620,5.129668167
C2,RandomForestRegressor,Train,90,18.21156011
C2,RandomForestRegressor,Train,419,0.408425167
C2,RandomForestRegressor,Train,453,2.837052333
C2,RandomForestRegressor,Train,592,3.8916035
C2,RandomForestRegressor,Train,479,0.095525667
C2,RandomForestRegressor,Train,562,19.846882
C2,RandomForestRegressor,Train,618,31.43765533
C2,RandomForestRegressor,Train,133,7.91229521
C2,RandomForestRegressor,Train,483,0.416883833
C2,RandomForestRegressor,Train,391,254.2594165
C2,RandomForestRegressor,Train,18,182.0778
C2,RandomForestRegressor,Train,396,168.0951517
C2,RandomForestRegressor,Train,355,10.7808495
C2,RandomForestRegressor,Train,636,199.2235458
C2,RandomForestRegressor,Train,547,3.202550667
C2,RandomForestRegressor,Train,204,6.811543584
C2,RandomForestRegressor,Train,468,0.9201065
C2,RandomForestRegressor,Train,561,19.49732717
C2,RandomForestRegressor,Train,183,53.05969467
C2,RandomForestRegressor,Train,159,87.765211
C2,RandomForestRegressor,Train,117,13.19770683
C2,RandomForestRegressor,Train,394,199.1359048
C2,RandomForestRegressor,Train,527,-0.048662
C2,RandomForestRegressor,Train,371,9.238667
C2,RandomForestRegressor,Train,333,8.294940222
C2,RandomForestRegressor,Train,45,66.31967717
C2,RandomForestRegressor,Train,327,8.955902833
C2,RandomForestRegressor,Train,536,1.4056935
C2,RandomForestRegressor,Train,671,6.202778
C2,RandomForestRegressor,Train,623,8.666634333
C2,RandomForestRegressor,Train,221,17.97205592
C2,RandomForestRegressor,Train,512,1.061140667
C2,RandomForestRegressor,Train,206,30.24961231
C2,RandomForestRegressor,Train,612,190.4001645
C2,RandomForestRegressor,Train,466,0.348605833
C2,RandomForestRegressor,Train,346,14.20893782
C2,RandomForestRegressor,Train,233,2.03435286
C2,RandomForestRegressor,Train,532,0.972426
C2,RandomForestRegressor,Train,370,11.58840583
C2,RandomForestRegressor,Train,475,2.53806
C2,RandomForestRegressor,Train,87,17.10863339
C2,RandomForestRegressor,Train,534,1.141806333
C2,RandomForestRegressor,Train,302,35.50973567
C2,RandomForestRegressor,Train,665,8.991211667
C2,RandomForestRegressor,Train,314,62.459485
C2,RandomForestRegressor,Train,219,141.5892916
C2,RandomForestRegressor,Train,537,1.352202167
C2,RandomForestRegressor,Train,142,6.628113667
C2,RandomForestRegressor,Train,388,196.3779942
C2,RandomForestRegressor,Train,465,0.820040833
C2,RandomForestRegressor,Train,588,207.893849
C2,RandomForestRegressor,Train,108,15.9708575
C2,RandomForestRegressor,Train,40,186.0457606
C2,RandomForestRegressor,Train,14,176.8660493
C2,RandomForestRegressor,Train,322,9.501
C2,RandomForestRegressor,Train,438,0.842252833
C2,RandomForestRegressor,Train,622,6.120715667
C2,RandomForestRegressor,Train,440,1.0632185
C2,RandomForestRegressor,Train,384,250.843243
C2,RandomForestRegressor,Train,185,19.83615217
C2,RandomForestRegressor,Train,192,59.41474706
C2,RandomForestRegressor,Train,105,14.7816425
C2,RandomForestRegressor,Train,223,58.07399617
C2,RandomForestRegressor,Train,581,201.9873057
C2,RandomForestRegressor,Train,30,182.311202
C2,RandomForestRegressor,Train,262,40.12710033
C2,RandomForestRegressor,Train,116,12.65480317
C2,RandomForestRegressor,Train,550,19.58739183
C2,RandomForestRegressor,Train,401,222.1465722
C2,RandomForestRegressor,Train,34,150.8823832
C2,RandomForestRegressor,Train,269,13.44827517
C2,RandomForestRegressor,Train,257,59.01177445
C2,RandomForestRegressor,Train,408,0.441885667
C2,RandomForestRegressor,Train,43,37.23770783
C2,RandomForestRegressor,Train,517,0.4308245
C2,RandomForestRegressor,Train,247,13.4561165
C2,RandomForestRegressor,Train,529,0.291531833
C2,RandomForestRegressor,Train,97,13.70065333
C2,RandomForestRegressor,Train,655,5.1373475
C2,RandomForestRegressor,Train,584,203.1978128
C2,RandomForestRegressor,Train,462,0.656160833
C2,RandomForestRegressor,Train,637,204.700521
C2,RandomForestRegressor,Train,557,24.62585583
C2,RandomForestRegressor,Train,443,0.799599833
C2,RandomForestRegressor,Train,640,5.727796833
C2,RandomForestRegressor,Train,301,84.22064017
C2,RandomForestRegressor,Train,398,191.7672718
C2,RandomForestRegressor,Train,377,62.95014633
C2,RandomForestRegressor,Train,297,203.8590765
C2,RandomForestRegressor,Train,230,1.198953822
C2,RandomForestRegressor,Train,201,86.64245117
C2,RandomForestRegressor,Train,454,0.005006667
C2,RandomForestRegressor,Train,589,208.558161
C2,RandomForestRegressor,Train,378,238.714509
C2,RandomForestRegressor,Train,186,41.41349333
C2,RandomForestRegressor,Train,456,0.087398833
C2,RandomForestRegressor,Train,254,23.279435
C2,RandomForestRegressor,Train,498,0.768938833
C2,RandomForestRegressor,Train,614,30.29664117
C2,RandomForestRegressor,Train,564,19.87482467
C2,RandomForestRegressor,Train,386,260.7823047
C2,RandomForestRegressor,Train,459,0.447117333
C2,RandomForestRegressor,Train,295,219.1974098
C2,RandomForestRegressor,Train,450,2.6579425
C2,RandomForestRegressor,Train,339,1.078217083
C2,RandomForestRegressor,Train,23,179.1207715
C2,RandomForestRegressor,Train,345,10.55474529
C2,RandomForestRegressor,Train,342,3.766440117
C2,RandomForestRegressor,Train,102,13.87053436
C2,RandomForestRegressor,Train,658,13.51855517
C2,RandomForestRegressor,Train,266,10.45563633
C2,RandomForestRegressor,Train,202,103.7902287
C2,RandomForestRegressor,Train,33,94.25842564
C2,RandomForestRegressor,Train,672,7.610967
C2,RandomForestRegressor,Train,577,198.0024502
C2,RandomForestRegressor,Train,112,3.866431636
C2,RandomForestRegressor,Train,94,13.42853609
C2,RandomForestRegressor,Train,47,93.66658933
C2,RandomForestRegressor,Train,26,185.7637153
C2,RandomForestRegressor,Train,552,21.23388483
C2,RandomForestRegressor,Train,317,9.650911056
C2,RandomForestRegressor,Train,128,13.44597758
C2,RandomForestRegressor,Train,198,28.59812067
C2,RandomForestRegressor,Train,354,10.75962783
C2,RandomForestRegressor,Train,37,172.1077767
C2,RandomForestRegressor,Train,193,81.10698333
C2,RandomForestRegressor,Train,88,17.43906928
C2,RandomForestRegressor,Train,275,17.692811
C2,RandomForestRegressor,Train,111,7.039301861
C2,RandomForestRegressor,Train,268,12.2639765
C2,RandomForestRegressor,Train,267,11.34884983
C2,RandomForestRegressor,Train,20,54.78399033
C2,RandomForestRegressor,Train,312,134.5724772
C2,RandomForestRegressor,Train,3,56.92710131
C2,RandomForestRegressor,Train,402,226.3361963
C2,RandomForestRegressor,Train,344,8.550581882
C2,RandomForestRegressor,Train,644,10.9039625
C2,RandomForestRegressor,Train,120,12.95221114
C2,RandomForestRegressor,Train,359,11.6496726
C2,RandomForestRegressor,Train,364,4.992226267
C2,RandomForestRegressor,Train,83,7.217213622
C2,RandomForestRegressor,Train,519,0.748490667
C2,RandomForestRegressor,Train,231,1.854079111
C2,RandomForestRegressor,Train,141,6.137855667
C2,RandomForestRegressor,Train,410,1.351500667
C2,RandomForestRegressor,Train,279,23.97733883
C2,RandomForestRegressor,Train,228,1.835531211
C2,RandomForestRegressor,Train,224,74.85670267
C2,RandomForestRegressor,Train,95,18.36608567
C2,RandomForestRegressor,Train,248,24.82763203
C2,RandomForestRegressor,Train,31,153.904948
C2,RandomForestRegressor,Train,81,56.68770567
C2,RandomForestRegressor,Train,568,114.1829645
C2,RandomForestRegressor,Train,553,22.82435833
C2,RandomForestRegressor,Train,449,2.588840667
C2,RandomForestRegressor,Train,387,237.5846418
C2,RandomForestRegressor,Train,174,9.303558667
C2,RandomForestRegressor,Train,630,171.8757652
C2,RandomForestRegressor,Train,240,18.785924
C2,RandomForestRegressor,Train,358,13.42390094
C2,RandomForestRegressor,Train,19,183.106719
C2,RandomForestRegressor,Train,645,9.6503445
C2,RandomForestRegressor,Train,189,18.36705433
C2,RandomForestRegressor,Train,643,7.464789833
C2,RandomForestRegressor,Train,63,70.08774533
C2,RandomForestRegressor,Train,205,24.82763203
C2,RandomForestRegressor,Train,325,9.116625167
C2,RandomForestRegressor,Train,329,9.401362944
C2,RandomForestRegressor,Train,368,15.68472688
C2,RandomForestRegressor,Train,321,9.572333333
C2,RandomForestRegressor,Train,565,19.7939495
C2,RandomForestRegressor,Train,77,61.69511017
C2,RandomForestRegressor,Train,674,9.136534167
C2,RandomForestRegressor,Train,190,28.629247
C2,RandomForestRegressor,Train,546,2.964810667
C2,RandomForestRegressor,Train,580,201.4235522
C2,RandomForestRegressor,Train,328,9.369204685
C2,RandomForestRegressor,Train,343,5.910286394
C2,RandomForestRegressor,Train,324,8.490583667
C2,RandomForestRegressor,Train,35,160.2488007
C2,RandomForestRegressor,Train,657,11.902018
C2,RandomForestRegressor,Train,400,209.0410972
C2,RandomForestRegressor,Train,298,187.9740765
C2,RandomForestRegressor,Train,509,0.830214667
C2,RandomForestRegressor,Train,426,4.2276485
C2,RandomForestRegressor,Train,119,13.2397895
C2,RandomForestRegressor,Train,642,7.459393667
C2,RandomForestRegressor,Train,74,54.76669567
C2,RandomForestRegressor,Train,602,10.78041133
C2,RandomForestRegressor,Train,574,183.5672817
C2,RandomForestRegressor,Train,106,15.11495033
C2,RandomForestRegressor,Test,458,0.310958667
C2,RandomForestRegressor,Test,641,6.237939
C2,RandomForestRegressor,Test,318,9.652877389
C2,RandomForestRegressor,Test,436,0.7545105
C2,RandomForestRegressor,Test,283,21.68362317
C2,RandomForestRegressor,Test,24,184.1777432
C2,RandomForestRegressor,Test,473,2.389664
C2,RandomForestRegressor,Test,29,180.1027027
C2,RandomForestRegressor,Test,282,22.5455
C2,RandomForestRegressor,Test,362,7.286613033
C2,RandomForestRegressor,Test,104,15.76830817
C2,RandomForestRegressor,Test,617,31.561902
C2,RandomForestRegressor,Test,229,2.018720211
C2,RandomForestRegressor,Test,404,233.7442213
C2,RandomForestRegressor,Test,209,94.40988999
C2,RandomForestRegressor,Test,613,190.1912313
C2,RandomForestRegressor,Test,621,5.7805685
C2,RandomForestRegressor,Test,604,11.35909367
C2,RandomForestRegressor,Test,659,13.61532383
C2,RandomForestRegressor,Test,600,10.08399383
C2,RandomForestRegressor,Test,670,5.802168333
C2,RandomForestRegressor,Test,526,-0.040772333
C2,RandomForestRegressor,Test,115,13.27270317
C2,RandomForestRegressor,Test,635,183.6695812
C2,RandomForestRegressor,Test,434,0.533730833
C2,RandomForestRegressor,Test,59,69.88014833
C2,RandomForestRegressor,Test,503,0.310989
C2,RandomForestRegressor,Test,631,180.6336937
C2,RandomForestRegressor,Test,270,13.4591475
C2,RandomForestRegressor,Test,259,52.07437822
C2,RandomForestRegressor,Test,625,116.4925885
C2,RandomForestRegressor,Test,367,16.26690067
C2,RandomForestRegressor,Test,336,0.496418
C2,RandomForestRegressor,Test,226,125.7107057
C2,RandomForestRegressor,Test,477,2.556612
C2,RandomForestRegressor,Test,181,19.3262455
C2,RandomForestRegressor,Test,427,4.2545985
C2,RandomForestRegressor,Test,294,228.7807432
C2,RandomForestRegressor,Test,8,196.2320536
C2,RandomForestRegressor,Test,238,0.047364467
C2,RandomForestRegressor,Test,533,1.1576105
C2,RandomForestRegressor,Test,586,205.0099378
C2,RandomForestRegressor,Test,160,90.616463
C2,RandomForestRegressor,Test,505,0.405294833
C2,RandomForestRegressor,Test,272,15.524829
C2,RandomForestRegressor,Test,12,63.09160433
C2,RandomForestRegressor,Test,598,10.1938515
C2,RandomForestRegressor,Test,138,5.030601833
C2,RandomForestRegressor,Test,652,173.618076
C2,RandomForestRegressor,Test,485,0.533040667
C2,RandomForestRegressor,Test,646,10.04233083
C2,RandomForestRegressor,Test,583,199.7002717
C2,RandomForestRegressor,Test,200,57.21220389
C2,RandomForestRegressor,Test,237,0.047364467
C2,RandomForestRegressor,Test,591,4.145271
C2,RandomForestRegressor,Test,265,28.39161383
C2,RandomForestRegressor,Test,76,56.90635167
C2,RandomForestRegressor,Test,57,71.40968767
C2,RandomForestRegressor,Test,307,180.54
C2,RandomForestRegressor,Test,46,59.97327017
C2,RandomForestRegressor,Test,447,1.932255667
C2,RandomForestRegressor,Test,481,0.166440667
C2,RandomForestRegressor,Test,597,4.716444167
C2,RandomForestRegressor,Test,520,0.804187833
C2,RandomForestRegressor,Test,148,7.44668
C2,RandomForestRegressor,Test,412,2.246019667
C2,RandomForestRegressor,Test,246,14.19665717
C2,RandomForestRegressor,Test,255,21.8069255
C2,RandomForestRegressor,Test,575,184.5393628
C2,RandomForestRegressor,Test,114,12.99260367
C2,RandomForestRegressor,Test,441,1.213160833
C2,RandomForestRegressor,Test,405,257.8311995
C2,RandomForestRegressor,Test,278,16.87767783
C2,RandomForestRegressor,Test,430,0.150794167
C2,RandomForestRegressor,Test,490,0.062001667
C2,RandomForestRegressor,Test,608,187.9324475
C2,RandomForestRegressor,Test,199,49.06050663
C2,RandomForestRegressor,Test,353,10.28044767
C2,RandomForestRegressor,Test,673,7.524687278
C2,RandomForestRegressor,Test,135,4.720411428
C2,RandomForestRegressor,Test,130,19.13544864
C2,RandomForestRegressor,Test,147,7.4420995
C2,RandomForestRegressor,Test,340,2.99623285
C2,RandomForestRegressor,Test,493,0.122545167
C2,RandomForestRegressor,Test,521,1.019722833
C2,RandomForestRegressor,Test,435,0.6089435
C2,RandomForestRegressor,Test,38,172.667015
C2,RandomForestRegressor,Test,571,120.0502415
C2,RandomForestRegressor,Test,256,20.6105515
C2,RandomForestRegressor,Test,496,0.521387333
C2,RandomForestRegressor,Test,601,10.59284683
C2,RandomForestRegressor,Test,173,8.97603
C2,RandomForestRegressor,Test,212,14.30803681
C2,RandomForestRegressor,Test,311,150.3877298
C2,RandomForestRegressor,Test,249,30.3091175
C2,RandomForestRegressor,Test,131,13.16937971
C2,RandomForestRegressor,Test,647,11.33654183
C2,RandomForestRegressor,Test,579,200.0332282
C2,RandomForestRegressor,Test,239,6.811543584
C2,RandomForestRegressor,Test,171,6.608701833
C2,RandomForestRegressor,Test,244,17.35046933
C2,RandomForestRegressor,Test,334,8.197669389
C2,RandomForestRegressor,Test,89,18.02910744
C2,RandomForestRegressor,Test,137,3.725405053
C2,RandomForestRegressor,Test,107,15.2326785
C2,RandomForestRegressor,Test,376,126.8012937
C2,RandomForestRegressor,Test,91,9.441555167
C2,RandomForestRegressor,Test,25,185.6407809
C2,RandomForestRegressor,Test,319,9.574101111
C2,RandomForestRegressor,Test,72,13.46621933
C2,RandomForestRegressor,Test,164,2.339037667
C2,RandomForestRegressor,Test,49,94.39845317
C2,RandomForestRegressor,Test,395,149.3295858
C2,RandomForestRegressor,Test,650,158.1443197
C2,RandomForestRegressor,Test,149,7.6835325
C2,RandomForestRegressor,Test,242,20.18621111
C2,RandomForestRegressor,Test,429,4.2287575
C2,RandomForestRegressor,Test,166,2.896338333
C2,RandomForestRegressor,Test,515,0.212956667
C2,RandomForestRegressor,Test,271,13.4591475
C2,RandomForestRegressor,Test,292,244.9524098
C2,RandomForestRegressor,Test,491,0.069071833
C2,RandomForestRegressor,Test,100,18.35363022
C2,RandomForestRegressor,Test,39,181.3954712
C2,RandomForestRegressor,Test,145,7.425380667
C2,RandomForestRegressor,Test,549,3.0822405
C2,RandomForestRegressor,Test,227,132.4868972
C2,RandomForestRegressor,Test,615,29.74598317
C2,RandomForestRegressor,Test,502,0.3040165
C2,RandomForestRegressor,Test,420,0.515384333
C2,RandomForestRegressor,Test,476,2.598644333
C2,RandomForestRegressor,Test,372,157.5704295
C2,RandomForestRegressor,Test,151,7.8510985
C2,RandomForestRegressor,Test,68,61.87532133
C2,RandomForestRegressor,Test,556,24.54845017
C2,SVR_RBF,Train,424,3.294346912
C2,SVR_RBF,Train,146,7.34099646
C2,SVR_RBF,Train,93,16.68268696
C2,SVR_RBF,Train,323,9.488395948
C2,SVR_RBF,Train,539,0.187035906
C2,SVR_RBF,Train,99,11.04169397
C2,SVR_RBF,Train,92,10.52363656
C2,SVR_RBF,Train,28,141.2443315
C2,SVR_RBF,Train,258,38.28089556
C2,SVR_RBF,Train,632,190.597476
C2,SVR_RBF,Train,366,11.83960139
C2,SVR_RBF,Train,150,7.610155025
C2,SVR_RBF,Train,572,147.1258845
C2,SVR_RBF,Train,638,181.8207338
C2,SVR_RBF,Train,421,1.784632618
C2,SVR_RBF,Train,27,152.8371427
C2,SVR_RBF,Train,50,65.1246116
C2,SVR_RBF,Train,286,19.87974596
C2,SVR_RBF,Train,213,43.58356465
C2,SVR_RBF,Train,445,1.406106576
C2,SVR_RBF,Train,252,31.09995742
C2,SVR_RBF,Train,85,16.22190259
C2,SVR_RBF,Train,461,0.511148319
C2,SVR_RBF,Train,455,0.079518812
C2,SVR_RBF,Train,375,201.3388872
C2,SVR_RBF,Train,210,87.62375973
C2,SVR_RBF,Train,290,11.9998385
C2,SVR_RBF,Train,15,184.612686
C2,SVR_RBF,Train,535,1.863324033
C2,SVR_RBF,Train,596,4.721693627
C2,SVR_RBF,Train,514,0.042969977
C2,SVR_RBF,Train,651,134.5359272
C2,SVR_RBF,Train,62,53.28533829
C2,SVR_RBF,Train,58,55.046828
C2,SVR_RBF,Train,78,60.57397965
C2,SVR_RBF,Train,274,19.82734443
C2,SVR_RBF,Train,418,1.473290974
C2,SVR_RBF,Train,522,1.791260554
C2,SVR_RBF,Train,516,0.14405546
C2,SVR_RBF,Train,633,202.0578691
C2,SVR_RBF,Train,656,11.99835218
C2,SVR_RBF,Train,431,-0.072057878
C2,SVR_RBF,Train,51,38.44369035
C2,SVR_RBF,Train,497,0.831880495
C2,SVR_RBF,Train,425,4.011800902
C2,SVR_RBF,Train,331,8.999957284
C2,SVR_RBF,Train,413,2.425291016
C2,SVR_RBF,Train,109,20.76719251
C2,SVR_RBF,Train,42,174.0071181
C2,SVR_RBF,Train,75,54.85345786
C2,SVR_RBF,Train,432,-0.038360754
C2,SVR_RBF,Train,626,133.0693196
C2,SVR_RBF,Train,480,0.176033644
C2,SVR_RBF,Train,222,58.32673903
C2,SVR_RBF,Train,442,1.178098081
C2,SVR_RBF,Train,460,0.392127178
C2,SVR_RBF,Train,21,105.9923725
C2,SVR_RBF,Train,55,70.31873305
C2,SVR_RBF,Train,291,230.2487148
C2,SVR_RBF,Train,217,63.15356199
C2,SVR_RBF,Train,392,258.8580108
C2,SVR_RBF,Train,544,1.842673994
C2,SVR_RBF,Train,203,128.7586156
C2,SVR_RBF,Train,305,201.5912268
C2,SVR_RBF,Train,664,8.173061433
C2,SVR_RBF,Train,558,18.79279892
C2,SVR_RBF,Train,113,1.100552483
C2,SVR_RBF,Train,188,33.8599793
C2,SVR_RBF,Train,220,56.4662953
C2,SVR_RBF,Train,80,63.03288249
C2,SVR_RBF,Train,383,50.97611832
C2,SVR_RBF,Train,41,179.148056
C2,SVR_RBF,Train,654,11.72321959
C2,SVR_RBF,Train,548,3.271963996
C2,SVR_RBF,Train,484,0.469131138
C2,SVR_RBF,Train,17,192.6803714
C2,SVR_RBF,Train,123,7.264731363
C2,SVR_RBF,Train,132,10.90147531
C2,SVR_RBF,Train,341,3.051157711
C2,SVR_RBF,Train,511,0.742168269
C2,SVR_RBF,Train,482,0.236282661
C2,SVR_RBF,Train,48,72.86911886
C2,SVR_RBF,Train,349,8.814683482
C2,SVR_RBF,Train,494,0.179177183
C2,SVR_RBF,Train,304,198.8997737
C2,SVR_RBF,Train,525,1.428098235
C2,SVR_RBF,Train,308,175.5151819
C2,SVR_RBF,Train,4,100.7215054
C2,SVR_RBF,Train,437,0.843636242
C2,SVR_RBF,Train,531,0.864269883
C2,SVR_RBF,Train,165,2.301527977
C2,SVR_RBF,Train,474,2.679757452
C2,SVR_RBF,Train,409,0.741124353
C2,SVR_RBF,Train,627,142.4771692
C2,SVR_RBF,Train,567,145.0397773
C2,SVR_RBF,Train,280,26.14250267
C2,SVR_RBF,Train,82,60.01370446
C2,SVR_RBF,Train,605,49.70744574
C2,SVR_RBF,Train,350,9.154852199
C2,SVR_RBF,Train,470,1.678370914
C2,SVR_RBF,Train,446,1.631998051
C2,SVR_RBF,Train,541,0.413239998
C2,SVR_RBF,Train,96,18.40350955
C2,SVR_RBF,Train,444,1.292072857
C2,SVR_RBF,Train,154,83.74136114
C2,SVR_RBF,Train,582,174.5538574
C2,SVR_RBF,Train,140,7.312212228
C2,SVR_RBF,Train,125,7.683516045
C2,SVR_RBF,Train,60,40.69461124
C2,SVR_RBF,Train,52,44.14822237
C2,SVR_RBF,Train,560,19.14255648
C2,SVR_RBF,Train,225,74.32006116
C2,SVR_RBF,Train,287,17.1341473
C2,SVR_RBF,Train,403,230.5354773
C2,SVR_RBF,Train,158,85.48370975
C2,SVR_RBF,Train,389,58.75855465
C2,SVR_RBF,Train,250,34.89955614
C2,SVR_RBF,Train,361,9.400723442
C2,SVR_RBF,Train,234,11.77870476
C2,SVR_RBF,Train,457,0.113771754
C2,SVR_RBF,Train,66,60.04659908
C2,SVR_RBF,Train,523,1.63956532
C2,SVR_RBF,Train,639,-2.725164306
C2,SVR_RBF,Train,390,239.7104499
C2,SVR_RBF,Train,369,15.04840651
C2,SVR_RBF,Train,360,11.6416456
C2,SVR_RBF,Train,215,46.80949219
C2,SVR_RBF,Train,98,12.89045428
C2,SVR_RBF,Train,207,36.48839801
C2,SVR_RBF,Train,464,0.582544293
C2,SVR_RBF,Train,208,42.09867626
C2,SVR_RBF,Train,538,0.112118277
C2,SVR_RBF,Train,276,16.11597503
C2,SVR_RBF,Train,264,31.32891459
C2,SVR_RBF,Train,214,44.65676152
C2,SVR_RBF,Train,169,5.907043274
C2,SVR_RBF,Train,668,12.02289709
C2,SVR_RBF,Train,284,24.21309005
C2,SVR_RBF,Train,168,7.078128518
C2,SVR_RBF,Train,293,249.100125
C2,SVR_RBF,Train,448,2.431450003
C2,SVR_RBF,Train,599,48.30662084
C2,SVR_RBF,Train,232,32.04171068
C2,SVR_RBF,Train,559,18.96800163
C2,SVR_RBF,Train,593,4.250569912
C2,SVR_RBF,Train,373,245.8010595
C2,SVR_RBF,Train,411,1.44574413
C2,SVR_RBF,Train,667,10.8815011
C2,SVR_RBF,Train,64,65.36519181
C2,SVR_RBF,Train,126,8.197269794
C2,SVR_RBF,Train,170,6.221081625
C2,SVR_RBF,Train,156,84.21648645
C2,SVR_RBF,Train,32,96.9356421
C2,SVR_RBF,Train,554,23.84039952
C2,SVR_RBF,Train,310,149.0046779
C2,SVR_RBF,Train,555,24.11315631
C2,SVR_RBF,Train,566,144.5871548
C2,SVR_RBF,Train,9,198.0855791
C2,SVR_RBF,Train,648,55.11037818
C2,SVR_RBF,Train,610,148.0408043
C2,SVR_RBF,Train,139,7.310871892
C2,SVR_RBF,Train,306,198.9000626
C2,SVR_RBF,Train,428,4.462069187
C2,SVR_RBF,Train,551,23.02014858
C2,SVR_RBF,Train,53,55.38942086
C2,SVR_RBF,Train,393,227.1424829
C2,SVR_RBF,Train,338,-32.5326742
C2,SVR_RBF,Train,595,4.563372727
C2,SVR_RBF,Train,381,214.6892547
C2,SVR_RBF,Train,607,146.4788599
C2,SVR_RBF,Train,71,40.64519386
C2,SVR_RBF,Train,320,9.522648083
C2,SVR_RBF,Train,313,109.8998297
C2,SVR_RBF,Train,451,2.841432397
C2,SVR_RBF,Train,530,0.427535891
C2,SVR_RBF,Train,162,1.960934297
C2,SVR_RBF,Train,144,7.319415538
C2,SVR_RBF,Train,65,64.6069909
C2,SVR_RBF,Train,513,0.547841265
C2,SVR_RBF,Train,590,3.792356052
C2,SVR_RBF,Train,167,3.312199107
C2,SVR_RBF,Train,153,7.683436181
C2,SVR_RBF,Train,67,52.23462039
C2,SVR_RBF,Train,10,184.9471141
C2,SVR_RBF,Train,576,194.2514629
C2,SVR_RBF,Train,422,2.099408326
C2,SVR_RBF,Train,309,154.012289
C2,SVR_RBF,Train,348,8.700592162
C2,SVR_RBF,Train,563,19.66137559
C2,SVR_RBF,Train,653,156.9778
C2,SVR_RBF,Train,585,178.0614964
C2,SVR_RBF,Train,471,1.94627956
C2,SVR_RBF,Train,180,10.75726282
C2,SVR_RBF,Train,611,148.5375267
C2,SVR_RBF,Train,103,30.40431956
C2,SVR_RBF,Train,472,2.196048318
C2,SVR_RBF,Train,467,1.449501541
C2,SVR_RBF,Train,54,66.20277848
C2,SVR_RBF,Train,506,0.153767979
C2,SVR_RBF,Train,175,13.10272949
C2,SVR_RBF,Train,469,1.545562935
C2,SVR_RBF,Train,594,4.406300717
C2,SVR_RBF,Train,606,145.9348785
C2,SVR_RBF,Train,136,2.512625213
C2,SVR_RBF,Train,500,0.778134714
C2,SVR_RBF,Train,528,0.086406803
C2,SVR_RBF,Train,356,12.89338461
C2,SVR_RBF,Train,101,22.34708049
C2,SVR_RBF,Train,176,10.57919536
C2,SVR_RBF,Train,407,0.567757372
C2,SVR_RBF,Train,508,0.686908485
C2,SVR_RBF,Train,277,17.39797002
C2,SVR_RBF,Train,439,0.541436231
C2,SVR_RBF,Train,316,9.484977615
C2,SVR_RBF,Train,486,0.694053426
C2,SVR_RBF,Train,110,16.4001064
C2,SVR_RBF,Train,44,37.1810228
C2,SVR_RBF,Train,452,2.420967991
C2,SVR_RBF,Train,241,33.82015643
C2,SVR_RBF,Train,195,115.2642655
C2,SVR_RBF,Train,182,32.8448531
C2,SVR_RBF,Train,351,9.379192705
C2,SVR_RBF,Train,385,259.5405114
C2,SVR_RBF,Train,296,197.8888384
C2,SVR_RBF,Train,478,0.16296439
C2,SVR_RBF,Train,399,206.5595608
C2,SVR_RBF,Train,155,83.89972671
C2,SVR_RBF,Train,299,151.8333294
C2,SVR_RBF,Train,56,68.46014435
C2,SVR_RBF,Train,11,110.4578354
C2,SVR_RBF,Train,178,27.66698449
C2,SVR_RBF,Train,603,49.25356437
C2,SVR_RBF,Train,663,7.908909954
C2,SVR_RBF,Train,5,114.4600143
C2,SVR_RBF,Train,263,31.79069064
C2,SVR_RBF,Train,300,135.1890851
C2,SVR_RBF,Train,669,5.461739288
C2,SVR_RBF,Train,315,98.34394137
C2,SVR_RBF,Train,518,0.450642171
C2,SVR_RBF,Train,216,52.22399631
C2,SVR_RBF,Train,22,114.9332267
C2,SVR_RBF,Train,397,201.069679
C2,SVR_RBF,Train,609,147.5320028
C2,SVR_RBF,Train,121,18.58382111
C2,SVR_RBF,Train,628,151.6481513
C2,SVR_RBF,Train,177,15.99899349
C2,SVR_RBF,Train,61,45.03346244
C2,SVR_RBF,Train,501,1.198578809
C2,SVR_RBF,Train,243,30.15971023
C2,SVR_RBF,Train,260,35.40610435
C2,SVR_RBF,Train,504,-0.065703508
C2,SVR_RBF,Train,649,111.5634981
C2,SVR_RBF,Train,127,9.342267066
C2,SVR_RBF,Train,510,1.032209667
C2,SVR_RBF,Train,69,60.65849159
C2,SVR_RBF,Train,303,192.8891143
C2,SVR_RBF,Train,285,22.38017264
C2,SVR_RBF,Train,194,75.89751048
C2,SVR_RBF,Train,415,2.911226357
C2,SVR_RBF,Train,253,29.54336525
C2,SVR_RBF,Train,507,0.438328514
C2,SVR_RBF,Train,197,30.16850549
C2,SVR_RBF,Train,84,8.158339764
C2,SVR_RBF,Train,495,0.376427317
C2,SVR_RBF,Train,540,0.262249422
C2,SVR_RBF,Train,337,-32.92188728
C2,SVR_RBF,Train,406,0.511021991
C2,SVR_RBF,Train,161,88.33310033
C2,SVR_RBF,Train,6,148.9403343
C2,SVR_RBF,Train,624,113.8596689
C2,SVR_RBF,Train,382,141.6383895
C2,SVR_RBF,Train,569,145.9100841
C2,SVR_RBF,Train,172,7.512386677
C2,SVR_RBF,Train,660,18.98976881
C2,SVR_RBF,Train,666,9.470221466
C2,SVR_RBF,Train,488,0.423893094
C2,SVR_RBF,Train,191,37.21284284
C2,SVR_RBF,Train,379,254.6412999
C2,SVR_RBF,Train,545,2.507383901
C2,SVR_RBF,Train,218,95.89998371
C2,SVR_RBF,Train,416,2.665394287
C2,SVR_RBF,Train,288,14.60029191
C2,SVR_RBF,Train,187,63.61035774
C2,SVR_RBF,Train,163,1.991245925
C2,SVR_RBF,Train,543,1.303258587
C2,SVR_RBF,Train,124,7.445291721
C2,SVR_RBF,Train,463,0.464218523
C2,SVR_RBF,Train,157,84.53327537
C2,SVR_RBF,Train,236,-4.546871213
C2,SVR_RBF,Train,129,11.87494501
C2,SVR_RBF,Train,134,4.896848928
C2,SVR_RBF,Train,570,146.3274553
C2,SVR_RBF,Train,616,23.3975977
C2,SVR_RBF,Train,634,147.7497829
C2,SVR_RBF,Train,13,126.9598067
C2,SVR_RBF,Train,245,28.24368233
C2,SVR_RBF,Train,347,20.19114496
C2,SVR_RBF,Train,7,180.1502711
C2,SVR_RBF,Train,332,8.53704612
C2,SVR_RBF,Train,196,29.14684939
C2,SVR_RBF,Train,330,9.420685926
C2,SVR_RBF,Train,365,3.593850606
C2,SVR_RBF,Train,433,0.029474033
C2,SVR_RBF,Train,489,0.929969583
C2,SVR_RBF,Train,363,5.340007678
C2,SVR_RBF,Train,70,60.02366416
C2,SVR_RBF,Train,499,0.950314987
C2,SVR_RBF,Train,36,154.9112801
C2,SVR_RBF,Train,211,139.3347977
C2,SVR_RBF,Train,118,21.01091155
C2,SVR_RBF,Train,619,0.094846051
C2,SVR_RBF,Train,179,47.40340578
C2,SVR_RBF,Train,573,147.5066569
C2,SVR_RBF,Train,86,22.15946693
C2,SVR_RBF,Train,661,12.82970004
C2,SVR_RBF,Train,79,62.1318508
C2,SVR_RBF,Train,143,7.316242809
C2,SVR_RBF,Train,524,1.222238478
C2,SVR_RBF,Train,380,249.2344007
C2,SVR_RBF,Train,423,2.718816673
C2,SVR_RBF,Train,357,13.27024643
C2,SVR_RBF,Train,184,20.38204919
C2,SVR_RBF,Train,352,9.710759654
C2,SVR_RBF,Train,492,0.051462411
C2,SVR_RBF,Train,152,7.732233136
C2,SVR_RBF,Train,73,5.287355437
C2,SVR_RBF,Train,289,12.72390163
C2,SVR_RBF,Train,16,195.7174313
C2,SVR_RBF,Train,273,16.65037198
C2,SVR_RBF,Train,542,0.715279092
C2,SVR_RBF,Train,487,0.579165936
C2,SVR_RBF,Train,629,154.4662342
C2,SVR_RBF,Train,261,33.9353743
C2,SVR_RBF,Train,122,16.4001064
C2,SVR_RBF,Train,335,-33.11020411
C2,SVR_RBF,Train,417,2.881065475
C2,SVR_RBF,Train,578,195.3461822
C2,SVR_RBF,Train,587,178.9242965
C2,SVR_RBF,Train,414,2.778910926
C2,SVR_RBF,Train,251,32.44528527
C2,SVR_RBF,Train,662,9.319810025
C2,SVR_RBF,Train,235,1.551830015
C2,SVR_RBF,Train,374,241.4864224
C2,SVR_RBF,Train,326,8.547201683
C2,SVR_RBF,Train,281,31.15390555
C2,SVR_RBF,Train,620,6.072543694
C2,SVR_RBF,Train,90,25.82404148
C2,SVR_RBF,Train,419,1.550509211
C2,SVR_RBF,Train,453,2.683908665
C2,SVR_RBF,Train,592,4.096273198
C2,SVR_RBF,Train,479,0.168987006
C2,SVR_RBF,Train,562,19.48933782
C2,SVR_RBF,Train,618,33.83688357
C2,SVR_RBF,Train,133,7.683516045
C2,SVR_RBF,Train,483,0.34770892
C2,SVR_RBF,Train,391,261.4203643
C2,SVR_RBF,Train,18,180.8352604
C2,SVR_RBF,Train,396,199.6308106
C2,SVR_RBF,Train,355,11.00744595
C2,SVR_RBF,Train,636,165.3085859
C2,SVR_RBF,Train,547,3.272111172
C2,SVR_RBF,Train,204,32.04171068
C2,SVR_RBF,Train,468,1.481059723
C2,SVR_RBF,Train,561,19.31636692
C2,SVR_RBF,Train,183,56.80668079
C2,SVR_RBF,Train,159,86.43401952
C2,SVR_RBF,Train,117,20.88220313
C2,SVR_RBF,Train,394,155.282074
C2,SVR_RBF,Train,527,0.029647536
C2,SVR_RBF,Train,371,7.491149507
C2,SVR_RBF,Train,333,8.30003109
C2,SVR_RBF,Train,45,51.39660181
C2,SVR_RBF,Train,327,9.000023863
C2,SVR_RBF,Train,536,1.582113717
C2,SVR_RBF,Train,671,5.379002519
C2,SVR_RBF,Train,623,25.09883056
C2,SVR_RBF,Train,221,57.39572356
C2,SVR_RBF,Train,512,0.292622121
C2,SVR_RBF,Train,206,34.25999444
C2,SVR_RBF,Train,612,149.0220013
C2,SVR_RBF,Train,466,1.418491715
C2,SVR_RBF,Train,346,16.51921273
C2,SVR_RBF,Train,233,23.21709878
C2,SVR_RBF,Train,532,1.251924816
C2,SVR_RBF,Train,370,10.7693768
C2,SVR_RBF,Train,475,2.76167024
C2,SVR_RBF,Train,87,25.68954885
C2,SVR_RBF,Train,534,1.929773356
C2,SVR_RBF,Train,302,118.5988913
C2,SVR_RBF,Train,665,8.698970877
C2,SVR_RBF,Train,314,104.0973343
C2,SVR_RBF,Train,219,144.9176144
C2,SVR_RBF,Train,537,2.003604481
C2,SVR_RBF,Train,142,7.313553396
C2,SVR_RBF,Train,388,150.655794
C2,SVR_RBF,Train,465,1.650421744
C2,SVR_RBF,Train,588,179.3327847
C2,SVR_RBF,Train,108,21.52724993
C2,SVR_RBF,Train,40,177.8639902
C2,SVR_RBF,Train,14,160.3009448
C2,SVR_RBF,Train,322,9.499774173
C2,SVR_RBF,Train,438,0.881471525
C2,SVR_RBF,Train,622,18.62747689
C2,SVR_RBF,Train,440,0.152138208
C2,SVR_RBF,Train,384,238.7963725
C2,SVR_RBF,Train,185,27.32559889
C2,SVR_RBF,Train,192,41.44580045
C2,SVR_RBF,Train,105,30.02589689
C2,SVR_RBF,Train,223,60.19321734
C2,SVR_RBF,Train,581,196.8678684
C2,SVR_RBF,Train,30,174.0071181
C2,SVR_RBF,Train,262,32.24269728
C2,SVR_RBF,Train,116,20.54602218
C2,SVR_RBF,Train,550,22.74647911
C2,SVR_RBF,Train,401,215.2065612
C2,SVR_RBF,Train,34,145.9149694
C2,SVR_RBF,Train,269,13.03774881
C2,SVR_RBF,Train,257,36.48839801
C2,SVR_RBF,Train,408,0.625072414
C2,SVR_RBF,Train,43,32.13132994
C2,SVR_RBF,Train,517,0.246092103
C2,SVR_RBF,Train,247,27.4077706
C2,SVR_RBF,Train,529,0.200305505
C2,SVR_RBF,Train,97,15.5553228
C2,SVR_RBF,Train,655,11.86065769
C2,SVR_RBF,Train,584,177.6074957
C2,SVR_RBF,Train,462,0.551201277
C2,SVR_RBF,Train,637,173.7311629
C2,SVR_RBF,Train,557,24.65695705
C2,SVR_RBF,Train,443,1.235040156
C2,SVR_RBF,Train,640,0.551324128
C2,SVR_RBF,Train,301,126.8598251
C2,SVR_RBF,Train,398,204.1139712
C2,SVR_RBF,Train,377,34.87264154
C2,SVR_RBF,Train,297,190.8955946
C2,SVR_RBF,Train,230,31.15121089
C2,SVR_RBF,Train,201,48.91236963
C2,SVR_RBF,Train,454,0.069381641
C2,SVR_RBF,Train,589,179.7258001
C2,SVR_RBF,Train,378,235.18148
C2,SVR_RBF,Train,186,41.56392316
C2,SVR_RBF,Train,456,0.090335733
C2,SVR_RBF,Train,254,29.1268028
C2,SVR_RBF,Train,498,0.984266618
C2,SVR_RBF,Train,614,13.52534531
C2,SVR_RBF,Train,564,19.83238821
C2,SVR_RBF,Train,386,255.7896625
C2,SVR_RBF,Train,459,0.281802578
C2,SVR_RBF,Train,295,226.7845261
C2,SVR_RBF,Train,450,3.025908616
C2,SVR_RBF,Train,339,-31.84778913
C2,SVR_RBF,Train,23,136.5478369
C2,SVR_RBF,Train,345,12.89338461
C2,SVR_RBF,Train,342,3.736698138
C2,SVR_RBF,Train,102,27.45212305
C2,SVR_RBF,Train,658,13.10870239
C2,SVR_RBF,Train,266,12.39068904
C2,SVR_RBF,Train,202,80.57825159
C2,SVR_RBF,Train,33,54.64911726
C2,SVR_RBF,Train,672,5.30299526
C2,SVR_RBF,Train,577,194.8067363
C2,SVR_RBF,Train,112,1.398423711
C2,SVR_RBF,Train,94,20.10278671
C2,SVR_RBF,Train,47,69.97346803
C2,SVR_RBF,Train,26,163.5968586
C2,SVR_RBF,Train,552,23.29377384
C2,SVR_RBF,Train,317,9.578806359
C2,SVR_RBF,Train,128,10.58769929
C2,SVR_RBF,Train,198,31.1927338
C2,SVR_RBF,Train,354,10.65578683
C2,SVR_RBF,Train,37,160.9094367
C2,SVR_RBF,Train,193,50.01658829
C2,SVR_RBF,Train,88,26.87123472
C2,SVR_RBF,Train,275,15.36327658
C2,SVR_RBF,Train,111,7.497800642
C2,SVR_RBF,Train,268,12.66826872
C2,SVR_RBF,Train,267,12.52291064
C2,SVR_RBF,Train,20,105.2838347
C2,SVR_RBF,Train,312,121.5089625
C2,SVR_RBF,Train,3,97.77719916
C2,SVR_RBF,Train,402,220.0790087
C2,SVR_RBF,Train,344,9.321340544
C2,SVR_RBF,Train,644,21.05225807
C2,SVR_RBF,Train,120,19.9555209
C2,SVR_RBF,Train,359,13.28485435
C2,SVR_RBF,Train,364,4.04815968
C2,SVR_RBF,Train,83,4.31334084
C2,SVR_RBF,Train,519,0.846218125
C2,SVR_RBF,Train,231,35.04089806
C2,SVR_RBF,Train,141,7.312701264
C2,SVR_RBF,Train,410,0.976750505
C2,SVR_RBF,Train,279,21.38169688
C2,SVR_RBF,Train,228,11.6865595
C2,SVR_RBF,Train,224,64.88166849
C2,SVR_RBF,Train,95,20.38427379
C2,SVR_RBF,Train,248,33.14954024
C2,SVR_RBF,Train,31,145.6757973
C2,SVR_RBF,Train,81,62.56749411
C2,SVR_RBF,Train,568,145.4808066
C2,SVR_RBF,Train,553,23.5672316
C2,SVR_RBF,Train,449,2.83577107
C2,SVR_RBF,Train,387,223.0118543
C2,SVR_RBF,Train,174,9.479621991
C2,SVR_RBF,Train,630,166.7023216
C2,SVR_RBF,Train,240,33.76982837
C2,SVR_RBF,Train,358,13.80384004
C2,SVR_RBF,Train,19,155.8392108
C2,SVR_RBF,Train,645,29.35769199
C2,SVR_RBF,Train,189,34.69511482
C2,SVR_RBF,Train,643,11.29492707
C2,SVR_RBF,Train,63,61.13377635
C2,SVR_RBF,Train,205,33.14954024
C2,SVR_RBF,Train,325,8.900091129
C2,SVR_RBF,Train,329,9.629203357
C2,SVR_RBF,Train,368,15.11705625
C2,SVR_RBF,Train,321,9.511295591
C2,SVR_RBF,Train,565,20.00228529
C2,SVR_RBF,Train,77,58.4875946
C2,SVR_RBF,Train,674,4.949855689
C2,SVR_RBF,Train,190,35.5323517
C2,SVR_RBF,Train,546,2.959713572
C2,SVR_RBF,Train,580,196.3769111
C2,SVR_RBF,Train,328,9.484977615
C2,SVR_RBF,Train,343,5.810620199
C2,SVR_RBF,Train,324,9.482864741
C2,SVR_RBF,Train,35,149.7454292
C2,SVR_RBF,Train,657,12.4129377
C2,SVR_RBF,Train,400,209.578742
C2,SVR_RBF,Train,298,168.0977047
C2,SVR_RBF,Train,509,0.945210534
C2,SVR_RBF,Train,426,4.499402955
C2,SVR_RBF,Train,119,20.75478258
C2,SVR_RBF,Train,642,7.592005184
C2,SVR_RBF,Train,74,53.75797174
C2,SVR_RBF,Train,602,49.02157552
C2,SVR_RBF,Train,574,193.0941474
C2,SVR_RBF,Train,106,27.58778109
C2,SVR_RBF,Test,458,0.166250518
C2,SVR_RBF,Test,641,4.000434692
C2,SVR_RBF,Test,318,9.567795907
C2,SVR_RBF,Test,436,0.638131533
C2,SVR_RBF,Test,283,25.19231701
C2,SVR_RBF,Test,24,155.6529876
C2,SVR_RBF,Test,473,2.496105454
C2,SVR_RBF,Test,29,159.7575849
C2,SVR_RBF,Test,282,25.57492197
C2,SVR_RBF,Test,362,7.179967596
C2,SVR_RBF,Test,104,31.17326828
C2,SVR_RBF,Test,617,28.56777634
C2,SVR_RBF,Test,229,22.09796486
C2,SVR_RBF,Test,404,253.3578072
C2,SVR_RBF,Test,209,53.44646263
C2,SVR_RBF,Test,613,149.4940644
C2,SVR_RBF,Test,621,12.26750968
C2,SVR_RBF,Test,604,49.48222031
C2,SVR_RBF,Test,659,13.81005777
C2,SVR_RBF,Test,600,48.54800065
C2,SVR_RBF,Test,670,5.419531555
C2,SVR_RBF,Test,526,-0.026882119
C2,SVR_RBF,Test,115,20.18833015
C2,SVR_RBF,Test,635,156.6237646
C2,SVR_RBF,Test,434,0.165044366
C2,SVR_RBF,Test,59,45.38562327
C2,SVR_RBF,Test,503,-0.101638912
C2,SVR_RBF,Test,631,178.7795377
C2,SVR_RBF,Test,270,13.81083019
C2,SVR_RBF,Test,259,38.15288578
C2,SVR_RBF,Test,625,123.503422
C2,SVR_RBF,Test,367,11.51221553
C2,SVR_RBF,Test,336,-33.04790331
C2,SVR_RBF,Test,226,102.4042652
C2,SVR_RBF,Test,477,3.866811944
C2,SVR_RBF,Test,181,17.90866409
C2,SVR_RBF,Test,427,4.759976434
C2,SVR_RBF,Test,294,243.9196245
C2,SVR_RBF,Test,8,197.7003375
C2,SVR_RBF,Test,238,-1.074471653
C2,SVR_RBF,Test,533,1.69228631
C2,SVR_RBF,Test,586,178.5004828
C2,SVR_RBF,Test,160,87.38391356
C2,SVR_RBF,Test,505,0.006996474
C2,SVR_RBF,Test,272,15.27352963
C2,SVR_RBF,Test,12,110.9950732
C2,SVR_RBF,Test,598,48.06232042
C2,SVR_RBF,Test,138,7.31002075
C2,SVR_RBF,Test,652,145.8704716
C2,SVR_RBF,Test,485,0.621159047
C2,SVR_RBF,Test,646,37.84978728
C2,SVR_RBF,Test,583,177.1386446
C2,SVR_RBF,Test,200,38.42697445
C2,SVR_RBF,Test,237,-5.295690534
C2,SVR_RBF,Test,591,3.943503967
C2,SVR_RBF,Test,265,30.85831585
C2,SVR_RBF,Test,76,56.62399212
C2,SVR_RBF,Test,57,62.79132695
C2,SVR_RBF,Test,307,190.4297141
C2,SVR_RBF,Test,46,62.32305467
C2,SVR_RBF,Test,447,2.059961153
C2,SVR_RBF,Test,481,0.192943896
C2,SVR_RBF,Test,597,4.881171734
C2,SVR_RBF,Test,520,1.1980788
C2,SVR_RBF,Test,148,7.449609086
C2,SVR_RBF,Test,412,1.883869717
C2,SVR_RBF,Test,246,27.82982513
C2,SVR_RBF,Test,255,28.70097353
C2,SVR_RBF,Test,575,193.6805391
C2,SVR_RBF,Test,114,19.90344012
C2,SVR_RBF,Test,441,0.590900096
C2,SVR_RBF,Test,405,259.5405114
C2,SVR_RBF,Test,278,19.25048232
C2,SVR_RBF,Test,430,-0.105516125
C2,SVR_RBF,Test,490,0.015495877
C2,SVR_RBF,Test,608,147.0112954
C2,SVR_RBF,Test,199,33.24855725
C2,SVR_RBF,Test,353,10.14116546
C2,SVR_RBF,Test,673,5.142595836
C2,SVR_RBF,Test,135,1.256984759
C2,SVR_RBF,Test,130,13.15763915
C2,SVR_RBF,Test,147,7.37753849
C2,SVR_RBF,Test,340,2.709501048
C2,SVR_RBF,Test,493,0.091088905
C2,SVR_RBF,Test,521,1.593094563
C2,SVR_RBF,Test,435,0.422099191
C2,SVR_RBF,Test,38,167.3973794
C2,SVR_RBF,Test,571,146.7327705
C2,SVR_RBF,Test,256,28.26679069
C2,SVR_RBF,Test,496,0.577098622
C2,SVR_RBF,Test,601,48.7863536
C2,SVR_RBF,Test,173,8.498177823
C2,SVR_RBF,Test,212,42.51260176
C2,SVR_RBF,Test,311,132.8935023
C2,SVR_RBF,Test,249,34.89375001
C2,SVR_RBF,Test,131,13.65568966
C2,SVR_RBF,Test,647,46.45788929
C2,SVR_RBF,Test,579,195.8696291
C2,SVR_RBF,Test,239,32.04171068
C2,SVR_RBF,Test,171,6.539362812
C2,SVR_RBF,Test,244,28.64844012
C2,SVR_RBF,Test,334,8.777733013
C2,SVR_RBF,Test,89,26.62560195
C2,SVR_RBF,Test,137,28.96587831
C2,SVR_RBF,Test,107,24.28413254
C2,SVR_RBF,Test,376,123.3174481
C2,SVR_RBF,Test,91,6.617887816
C2,SVR_RBF,Test,25,164.0452271
C2,SVR_RBF,Test,319,9.54372636
C2,SVR_RBF,Test,72,17.74807915
C2,SVR_RBF,Test,164,2.040624103
C2,SVR_RBF,Test,49,70.29962126
C2,SVR_RBF,Test,395,63.0341746
C2,SVR_RBF,Test,650,123.0684801
C2,SVR_RBF,Test,149,7.522635543
C2,SVR_RBF,Test,242,31.46327625
C2,SVR_RBF,Test,429,4.484663225
C2,SVR_RBF,Test,166,2.727481906
C2,SVR_RBF,Test,515,0.093355652
C2,SVR_RBF,Test,271,14.54519045
C2,SVR_RBF,Test,292,243.8326916
C2,SVR_RBF,Test,491,0.032987549
C2,SVR_RBF,Test,100,19.49933879
C2,SVR_RBF,Test,39,173.4912003
C2,SVR_RBF,Test,145,7.331540234
C2,SVR_RBF,Test,549,3.852316893
C2,SVR_RBF,Test,227,143.8606795
C2,SVR_RBF,Test,615,18.3694863
C2,SVR_RBF,Test,502,-0.137202273
C2,SVR_RBF,Test,420,1.62819616
C2,SVR_RBF,Test,476,2.900144021
C2,SVR_RBF,Test,372,221.5953381
C2,SVR_RBF,Test,151,7.677906175
C2,SVR_RBF,Test,68,44.90717488
C2,SVR_RBF,Test,556,24.38538181
C2,ExtraTreesRegressor,Train,424,4.0661
C2,ExtraTreesRegressor,Train,146,7.4684
C2,ExtraTreesRegressor,Train,93,15.107
C2,ExtraTreesRegressor,Train,323,9.499761905
C2,ExtraTreesRegressor,Train,539,0.0157
C2,ExtraTreesRegressor,Train,99,10.9416
C2,ExtraTreesRegressor,Train,92,5.6837
C2,ExtraTreesRegressor,Train,28,192.4421
C2,ExtraTreesRegressor,Train,258,62
C2,ExtraTreesRegressor,Train,632,190.4977
C2,ExtraTreesRegressor,Train,366,11.7391
C2,ExtraTreesRegressor,Train,150,7.8279
C2,ExtraTreesRegressor,Train,572,121.0705
C2,ExtraTreesRegressor,Train,638,208.5973
C2,ExtraTreesRegressor,Train,421,1.8843
C2,ExtraTreesRegressor,Train,27,188.2349
C2,ExtraTreesRegressor,Train,50,99.7175
C2,ExtraTreesRegressor,Train,286,16
C2,ExtraTreesRegressor,Train,213,16.71325571
C2,ExtraTreesRegressor,Train,445,1.4355
C2,ExtraTreesRegressor,Train,252,31
C2,ExtraTreesRegressor,Train,85,7.7779
C2,ExtraTreesRegressor,Train,461,0.5271
C2,ExtraTreesRegressor,Train,455,0.0117
C2,ExtraTreesRegressor,Train,375,137.4459
C2,ExtraTreesRegressor,Train,210,132.1477
C2,ExtraTreesRegressor,Train,290,11.9
C2,ExtraTreesRegressor,Train,15,186.1441
C2,ExtraTreesRegressor,Train,535,1.1538
C2,ExtraTreesRegressor,Train,596,4.6697
C2,ExtraTreesRegressor,Train,514,0.0991
C2,ExtraTreesRegressor,Train,651,168.7782
C2,ExtraTreesRegressor,Train,62,67.104
C2,ExtraTreesRegressor,Train,58,70.945
C2,ExtraTreesRegressor,Train,78,62.2973
C2,ExtraTreesRegressor,Train,274,16.7407
C2,ExtraTreesRegressor,Train,418,0.0232
C2,ExtraTreesRegressor,Train,522,1.1411
C2,ExtraTreesRegressor,Train,516,0.3443
C2,ExtraTreesRegressor,Train,633,193.6651
C2,ExtraTreesRegressor,Train,656,9.8231
C2,ExtraTreesRegressor,Train,431,0.1437
C2,ExtraTreesRegressor,Train,51,36.1086
C2,ExtraTreesRegressor,Train,497,0.7317
C2,ExtraTreesRegressor,Train,425,4.3637
C2,ExtraTreesRegressor,Train,331,8.9
C2,ExtraTreesRegressor,Train,413,2.5006
C2,ExtraTreesRegressor,Train,109,15
C2,ExtraTreesRegressor,Train,42,182.6244
C2,ExtraTreesRegressor,Train,75,54.9536
C2,ExtraTreesRegressor,Train,432,0.1875
C2,ExtraTreesRegressor,Train,626,123.9819
C2,ExtraTreesRegressor,Train,480,0.1562
C2,ExtraTreesRegressor,Train,222,31.24034429
C2,ExtraTreesRegressor,Train,442,0.0274
C2,ExtraTreesRegressor,Train,460,0.4651
C2,ExtraTreesRegressor,Train,21,106.0925
C2,ExtraTreesRegressor,Train,55,75.5317
C2,ExtraTreesRegressor,Train,291,250
C2,ExtraTreesRegressor,Train,217,110.3519
C2,ExtraTreesRegressor,Train,392,258.758
C2,ExtraTreesRegressor,Train,544,2.5785
C2,ExtraTreesRegressor,Train,203,128.8589
C2,ExtraTreesRegressor,Train,305,199
C2,ExtraTreesRegressor,Train,664,8.0733
C2,ExtraTreesRegressor,Train,558,14.9253
C2,ExtraTreesRegressor,Train,113,1
C2,ExtraTreesRegressor,Train,188,11.00431548
C2,ExtraTreesRegressor,Train,220,10.8544
C2,ExtraTreesRegressor,Train,80,64.4519
C2,ExtraTreesRegressor,Train,383,50.8758
C2,ExtraTreesRegressor,Train,41,187.5173
C2,ExtraTreesRegressor,Train,654,2.3164
C2,ExtraTreesRegressor,Train,548,3.3721
C2,ExtraTreesRegressor,Train,484,0.4688
C2,ExtraTreesRegressor,Train,17,182.9271
C2,ExtraTreesRegressor,Train,123,1.9281
C2,ExtraTreesRegressor,Train,132,10.8016
C2,ExtraTreesRegressor,Train,341,1.9465
C2,ExtraTreesRegressor,Train,511,1.0309
C2,ExtraTreesRegressor,Train,482,0.2813
C2,ExtraTreesRegressor,Train,48,107.2474
C2,ExtraTreesRegressor,Train,349,8.6133
C2,ExtraTreesRegressor,Train,494,0.1951
C2,ExtraTreesRegressor,Train,304,199
C2,ExtraTreesRegressor,Train,525,1.3279
C2,ExtraTreesRegressor,Train,308,175
C2,ExtraTreesRegressor,Train,4,100.6216
C2,ExtraTreesRegressor,Train,437,0.625
C2,ExtraTreesRegressor,Train,531,0.7582
C2,ExtraTreesRegressor,Train,165,2.4016
C2,ExtraTreesRegressor,Train,474,2.6613
C2,ExtraTreesRegressor,Train,409,0.9991
C2,ExtraTreesRegressor,Train,627,126.6968
C2,ExtraTreesRegressor,Train,567,110.5493
C2,ExtraTreesRegressor,Train,280,29.322
C2,ExtraTreesRegressor,Train,82,59.9138
C2,ExtraTreesRegressor,Train,605,11.3206
C2,ExtraTreesRegressor,Train,350,9.2547
C2,ExtraTreesRegressor,Train,470,1.9355
C2,ExtraTreesRegressor,Train,446,1.68
C2,ExtraTreesRegressor,Train,541,0.3471
C2,ExtraTreesRegressor,Train,96,18.5037
C2,ExtraTreesRegressor,Train,444,1.392
C2,ExtraTreesRegressor,Train,154,21.2041
C2,ExtraTreesRegressor,Train,582,194.643
C2,ExtraTreesRegressor,Train,140,5.2675
C2,ExtraTreesRegressor,Train,125,7.91885
C2,ExtraTreesRegressor,Train,60,32.1593
C2,ExtraTreesRegressor,Train,52,44.2483
C2,ExtraTreesRegressor,Train,560,18.6576
C2,ExtraTreesRegressor,Train,225,116.4338
C2,ExtraTreesRegressor,Train,287,15
C2,ExtraTreesRegressor,Train,403,239.2408
C2,ExtraTreesRegressor,Train,158,85.5833
C2,ExtraTreesRegressor,Train,389,58.658
C2,ExtraTreesRegressor,Train,250,35
C2,ExtraTreesRegressor,Train,361,7.7554
C2,ExtraTreesRegressor,Train,234,0
C2,ExtraTreesRegressor,Train,457,0.124
C2,ExtraTreesRegressor,Train,66,60.1467
C2,ExtraTreesRegressor,Train,523,1.2087
C2,ExtraTreesRegressor,Train,639,3.6199
C2,ExtraTreesRegressor,Train,390,239.6104
C2,ExtraTreesRegressor,Train,369,11.7391
C2,ExtraTreesRegressor,Train,360,9.5371
C2,ExtraTreesRegressor,Train,215,63.7857
C2,ExtraTreesRegressor,Train,98,11.6115
C2,ExtraTreesRegressor,Train,207,60.2602
C2,ExtraTreesRegressor,Train,464,0.6822
C2,ExtraTreesRegressor,Train,208,64.3514
C2,ExtraTreesRegressor,Train,538,0.0122
C2,ExtraTreesRegressor,Train,276,21.2415
C2,ExtraTreesRegressor,Train,264,28
C2,ExtraTreesRegressor,Train,214,31.24034429
C2,ExtraTreesRegressor,Train,169,5.6234
C2,ExtraTreesRegressor,Train,668,11.9228
C2,ExtraTreesRegressor,Train,284,16.1
C2,ExtraTreesRegressor,Train,168,3.4065
C2,ExtraTreesRegressor,Train,293,249
C2,ExtraTreesRegressor,Train,448,2.4127
C2,ExtraTreesRegressor,Train,599,9.4379
C2,ExtraTreesRegressor,Train,232,5.4272
C2,ExtraTreesRegressor,Train,559,18.6567
C2,ExtraTreesRegressor,Train,593,4.2261
C2,ExtraTreesRegressor,Train,373,153.8961
C2,ExtraTreesRegressor,Train,411,1.8375
C2,ExtraTreesRegressor,Train,667,11.2467
C2,ExtraTreesRegressor,Train,64,62.9539
C2,ExtraTreesRegressor,Train,126,8.924
C2,ExtraTreesRegressor,Train,170,6.1214
C2,ExtraTreesRegressor,Train,156,57.1515
C2,ExtraTreesRegressor,Train,32,130
C2,ExtraTreesRegressor,Train,554,23.5187
C2,ExtraTreesRegressor,Train,310,160
C2,ExtraTreesRegressor,Train,555,24.7525
C2,ExtraTreesRegressor,Train,566,97.2533
C2,ExtraTreesRegressor,Train,9,198.1857
C2,ExtraTreesRegressor,Train,648,11.7647
C2,ExtraTreesRegressor,Train,610,190.2757
C2,ExtraTreesRegressor,Train,139,4.6607
C2,ExtraTreesRegressor,Train,306,199
C2,ExtraTreesRegressor,Train,428,4.562
C2,ExtraTreesRegressor,Train,551,21.0396
C2,ExtraTreesRegressor,Train,53,66.997
C2,ExtraTreesRegressor,Train,393,231.8182
C2,ExtraTreesRegressor,Train,338,0.1872
C2,ExtraTreesRegressor,Train,595,4.6602
C2,ExtraTreesRegressor,Train,381,203.2466
C2,ExtraTreesRegressor,Train,607,188.4733
C2,ExtraTreesRegressor,Train,71,12
C2,ExtraTreesRegressor,Train,320,9.599619048
C2,ExtraTreesRegressor,Train,313,110
C2,ExtraTreesRegressor,Train,451,2.784
C2,ExtraTreesRegressor,Train,530,0.5275
C2,ExtraTreesRegressor,Train,162,1.7279
C2,ExtraTreesRegressor,Train,144,7.4757
C2,ExtraTreesRegressor,Train,65,64.5069
C2,ExtraTreesRegressor,Train,513,1.0911
C2,ExtraTreesRegressor,Train,590,3.9695
C2,ExtraTreesRegressor,Train,167,3.4122
C2,ExtraTreesRegressor,Train,153,8.2082
C2,ExtraTreesRegressor,Train,67,58.7044
C2,ExtraTreesRegressor,Train,10,189.6709
C2,ExtraTreesRegressor,Train,576,194.3514
C2,ExtraTreesRegressor,Train,422,2.4793
C2,ExtraTreesRegressor,Train,309,170
C2,ExtraTreesRegressor,Train,348,8.0216
C2,ExtraTreesRegressor,Train,563,19.9014
C2,ExtraTreesRegressor,Train,653,178.2805
C2,ExtraTreesRegressor,Train,585,204.3982
C2,ExtraTreesRegressor,Train,471,2.3226
C2,ExtraTreesRegressor,Train,180,52.7921
C2,ExtraTreesRegressor,Train,611,190.3014
C2,ExtraTreesRegressor,Train,103,15.0427
C2,ExtraTreesRegressor,Train,472,2.5161
C2,ExtraTreesRegressor,Train,467,0.4355
C2,ExtraTreesRegressor,Train,54,69.8308
C2,ExtraTreesRegressor,Train,506,0.4892
C2,ExtraTreesRegressor,Train,175,9.6674
C2,ExtraTreesRegressor,Train,469,1.6452
C2,ExtraTreesRegressor,Train,594,4.5061
C2,ExtraTreesRegressor,Train,606,182.4439
C2,ExtraTreesRegressor,Train,136,2.4124
C2,ExtraTreesRegressor,Train,500,0.8782
C2,ExtraTreesRegressor,Train,528,-0.0329
C2,ExtraTreesRegressor,Train,356,10.63005
C2,ExtraTreesRegressor,Train,101,8.3687
C2,ExtraTreesRegressor,Train,176,3.9349
C2,ExtraTreesRegressor,Train,407,0.1875
C2,ExtraTreesRegressor,Train,508,0.7214
C2,ExtraTreesRegressor,Train,277,25.3552
C2,ExtraTreesRegressor,Train,439,0.8125
C2,ExtraTreesRegressor,Train,316,9.399904762
C2,ExtraTreesRegressor,Train,486,0.5937
C2,ExtraTreesRegressor,Train,110,12.04355
C2,ExtraTreesRegressor,Train,44,55.2411
C2,ExtraTreesRegressor,Train,452,2.832
C2,ExtraTreesRegressor,Train,241,18
C2,ExtraTreesRegressor,Train,195,98.0734
C2,ExtraTreesRegressor,Train,182,40.2656
C2,ExtraTreesRegressor,Train,351,9.76
C2,ExtraTreesRegressor,Train,385,266.4130943
C2,ExtraTreesRegressor,Train,296,210
C2,ExtraTreesRegressor,Train,478,0.0625
C2,ExtraTreesRegressor,Train,399,206.4592
C2,ExtraTreesRegressor,Train,155,42.7149
C2,ExtraTreesRegressor,Train,299,160
C2,ExtraTreesRegressor,Train,56,71.4614
C2,ExtraTreesRegressor,Train,11,55.825
C2,ExtraTreesRegressor,Train,178,32.7076
C2,ExtraTreesRegressor,Train,603,10.7927
C2,ExtraTreesRegressor,Train,663,3.9662
C2,ExtraTreesRegressor,Train,5,178.1616
C2,ExtraTreesRegressor,Train,263,36
C2,ExtraTreesRegressor,Train,300,115
C2,ExtraTreesRegressor,Train,669,4.6774
C2,ExtraTreesRegressor,Train,315,0
C2,ExtraTreesRegressor,Train,518,0.541
C2,ExtraTreesRegressor,Train,216,75.6454
C2,ExtraTreesRegressor,Train,22,169.1834
C2,ExtraTreesRegressor,Train,397,178.0901
C2,ExtraTreesRegressor,Train,609,190.1513
C2,ExtraTreesRegressor,Train,121,14.8143
C2,ExtraTreesRegressor,Train,628,128.5068
C2,ExtraTreesRegressor,Train,177,15.8993
C2,ExtraTreesRegressor,Train,61,45.1337
C2,ExtraTreesRegressor,Train,501,0.8787
C2,ExtraTreesRegressor,Train,243,17
C2,ExtraTreesRegressor,Train,260,55
C2,ExtraTreesRegressor,Train,504,0.3351
C2,ExtraTreesRegressor,Train,649,145.2489
C2,ExtraTreesRegressor,Train,127,9.7231
C2,ExtraTreesRegressor,Train,510,0.9325
C2,ExtraTreesRegressor,Train,69,90
C2,ExtraTreesRegressor,Train,303,200
C2,ExtraTreesRegressor,Train,285,16.1
C2,ExtraTreesRegressor,Train,194,88.3651
C2,ExtraTreesRegressor,Train,415,2.6875
C2,ExtraTreesRegressor,Train,253,26
C2,ExtraTreesRegressor,Train,507,0.6363
C2,ExtraTreesRegressor,Train,197,16.76794148
C2,ExtraTreesRegressor,Train,84,12.411
C2,ExtraTreesRegressor,Train,495,0.439
C2,ExtraTreesRegressor,Train,540,0.2479
C2,ExtraTreesRegressor,Train,337,0.1123
C2,ExtraTreesRegressor,Train,406,0.0568
C2,ExtraTreesRegressor,Train,161,95.3006
C2,ExtraTreesRegressor,Train,6,196.9007
C2,ExtraTreesRegressor,Train,624,113.5747
C2,ExtraTreesRegressor,Train,382,176.4069
C2,ExtraTreesRegressor,Train,569,117.0022
C2,ExtraTreesRegressor,Train,172,8.9135
C2,ExtraTreesRegressor,Train,660,19.09
C2,ExtraTreesRegressor,Train,666,11.2
C2,ExtraTreesRegressor,Train,488,0.6875
C2,ExtraTreesRegressor,Train,191,50.0692
C2,ExtraTreesRegressor,Train,379,256.0977057
C2,ExtraTreesRegressor,Train,545,2.9256
C2,ExtraTreesRegressor,Train,218,140.1645
C2,ExtraTreesRegressor,Train,416,2.75
C2,ExtraTreesRegressor,Train,288,14.5
C2,ExtraTreesRegressor,Train,187,67.1065
C2,ExtraTreesRegressor,Train,163,2.005
C2,ExtraTreesRegressor,Train,543,2.033
C2,ExtraTreesRegressor,Train,124,4.7621
C2,ExtraTreesRegressor,Train,463,0.6518
C2,ExtraTreesRegressor,Train,157,70.5282
C2,ExtraTreesRegressor,Train,236,0
C2,ExtraTreesRegressor,Train,129,11.7748
C2,ExtraTreesRegressor,Train,134,4.7968
C2,ExtraTreesRegressor,Train,570,120.2191
C2,ExtraTreesRegressor,Train,616,32.1267
C2,ExtraTreesRegressor,Train,634,177.3756
C2,ExtraTreesRegressor,Train,13,164.5415
C2,ExtraTreesRegressor,Train,245,15.5
C2,ExtraTreesRegressor,Train,347,12.5401
C2,ExtraTreesRegressor,Train,7,203.5289
C2,ExtraTreesRegressor,Train,332,8.8
C2,ExtraTreesRegressor,Train,196,11.00431548
C2,ExtraTreesRegressor,Train,330,9
C2,ExtraTreesRegressor,Train,365,3.4934
C2,ExtraTreesRegressor,Train,433,0.25
C2,ExtraTreesRegressor,Train,489,0.7188
C2,ExtraTreesRegressor,Train,363,5.2402
C2,ExtraTreesRegressor,Train,70,30
C2,ExtraTreesRegressor,Train,499,0.878
C2,ExtraTreesRegressor,Train,36,171.4973
C2,ExtraTreesRegressor,Train,211,143.58
C2,ExtraTreesRegressor,Train,118,11.7251
C2,ExtraTreesRegressor,Train,619,2.2624
C2,ExtraTreesRegressor,Train,179,47.5037
C2,ExtraTreesRegressor,Train,573,120.9294
C2,ExtraTreesRegressor,Train,86,12.286
C2,ExtraTreesRegressor,Train,661,12.93
C2,ExtraTreesRegressor,Train,79,62.9884
C2,ExtraTreesRegressor,Train,143,7.4165
C2,ExtraTreesRegressor,Train,524,1.2789
C2,ExtraTreesRegressor,Train,380,249.1342
C2,ExtraTreesRegressor,Train,423,3.4215
C2,ExtraTreesRegressor,Train,357,13.1703
C2,ExtraTreesRegressor,Train,184,3.8774
C2,ExtraTreesRegressor,Train,352,10.1342
C2,ExtraTreesRegressor,Train,492,-0.0488
C2,ExtraTreesRegressor,Train,152,8.0988
C2,ExtraTreesRegressor,Train,73,2
C2,ExtraTreesRegressor,Train,289,14.2
C2,ExtraTreesRegressor,Train,16,187.171
C2,ExtraTreesRegressor,Train,273,16.5508
C2,ExtraTreesRegressor,Train,542,1.0405
C2,ExtraTreesRegressor,Train,487,0.6573
C2,ExtraTreesRegressor,Train,629,162.4434
C2,ExtraTreesRegressor,Train,261,48
C2,ExtraTreesRegressor,Train,122,12.04355
C2,ExtraTreesRegressor,Train,335,0.1123
C2,ExtraTreesRegressor,Train,417,2.7813
C2,ExtraTreesRegressor,Train,578,199.8271
C2,ExtraTreesRegressor,Train,587,207.3981
C2,ExtraTreesRegressor,Train,414,2.5938
C2,ExtraTreesRegressor,Train,251,34
C2,ExtraTreesRegressor,Train,662,9.42
C2,ExtraTreesRegressor,Train,235,0
C2,ExtraTreesRegressor,Train,374,151.0303
C2,ExtraTreesRegressor,Train,326,8.6
C2,ExtraTreesRegressor,Train,281,30.1344
C2,ExtraTreesRegressor,Train,620,4.0724
C2,ExtraTreesRegressor,Train,90,20.1088
C2,ExtraTreesRegressor,Train,419,0.2975
C2,ExtraTreesRegressor,Train,453,2.7841
C2,ExtraTreesRegressor,Train,592,3.7292
C2,ExtraTreesRegressor,Train,479,0.0833
C2,ExtraTreesRegressor,Train,562,19.9007
C2,ExtraTreesRegressor,Train,618,33.9367
C2,ExtraTreesRegressor,Train,133,7.91885
C2,ExtraTreesRegressor,Train,483,0.4379
C2,ExtraTreesRegressor,Train,391,261.2554
C2,ExtraTreesRegressor,Train,18,180.7351
C2,ExtraTreesRegressor,Train,396,160.5788
C2,ExtraTreesRegressor,Train,355,10.9333
C2,ExtraTreesRegressor,Train,636,202.2624
C2,ExtraTreesRegressor,Train,547,3.3719
C2,ExtraTreesRegressor,Train,204,5.4272
C2,ExtraTreesRegressor,Train,468,1.1613
C2,ExtraTreesRegressor,Train,561,19.9005
C2,ExtraTreesRegressor,Train,183,56.7066
C2,ExtraTreesRegressor,Train,159,90.713
C2,ExtraTreesRegressor,Train,117,13.7027
C2,ExtraTreesRegressor,Train,394,179.8701
C2,ExtraTreesRegressor,Train,527,-0.1319
C2,ExtraTreesRegressor,Train,371,7.3913
C2,ExtraTreesRegressor,Train,333,8.2
C2,ExtraTreesRegressor,Train,45,77.8966
C2,ExtraTreesRegressor,Train,327,8.9
C2,ExtraTreesRegressor,Train,536,1.1869
C2,ExtraTreesRegressor,Train,671,5.4793
C2,ExtraTreesRegressor,Train,623,4.9773
C2,ExtraTreesRegressor,Train,221,16.71325571
C2,ExtraTreesRegressor,Train,512,1.0682
C2,ExtraTreesRegressor,Train,206,31.2926
C2,ExtraTreesRegressor,Train,612,190.7779
C2,ExtraTreesRegressor,Train,466,0.2074
C2,ExtraTreesRegressor,Train,346,11.1176
C2,ExtraTreesRegressor,Train,233,0
C2,ExtraTreesRegressor,Train,532,0.9231
C2,ExtraTreesRegressor,Train,370,10.8696
C2,ExtraTreesRegressor,Train,475,2.6613
C2,ExtraTreesRegressor,Train,87,17.4132
C2,ExtraTreesRegressor,Train,534,1.088
C2,ExtraTreesRegressor,Train,302,0
C2,ExtraTreesRegressor,Train,665,9.5675
C2,ExtraTreesRegressor,Train,314,80
C2,ExtraTreesRegressor,Train,219,144.8177
C2,ExtraTreesRegressor,Train,537,1.1935
C2,ExtraTreesRegressor,Train,142,6.9943
C2,ExtraTreesRegressor,Train,388,191.9913
C2,ExtraTreesRegressor,Train,465,0.6823
C2,ExtraTreesRegressor,Train,588,208.3905
C2,ExtraTreesRegressor,Train,108,16.7484
C2,ExtraTreesRegressor,Train,40,187.7603
C2,ExtraTreesRegressor,Train,14,175.7096
C2,ExtraTreesRegressor,Train,322,9.599619048
C2,ExtraTreesRegressor,Train,438,0.7813
C2,ExtraTreesRegressor,Train,622,4.5249
C2,ExtraTreesRegressor,Train,440,0.8125
C2,ExtraTreesRegressor,Train,384,246.5368
C2,ExtraTreesRegressor,Train,185,19.2773
C2,ExtraTreesRegressor,Train,192,60.0842
C2,ExtraTreesRegressor,Train,105,13.9905
C2,ExtraTreesRegressor,Train,223,60.2934
C2,ExtraTreesRegressor,Train,581,202.7626
C2,ExtraTreesRegressor,Train,30,182.6244
C2,ExtraTreesRegressor,Train,262,43
C2,ExtraTreesRegressor,Train,116,12.2315
C2,ExtraTreesRegressor,Train,550,18.5644
C2,ExtraTreesRegressor,Train,401,222.5413
C2,ExtraTreesRegressor,Train,34,143.7129
C2,ExtraTreesRegressor,Train,269,14.1204
C2,ExtraTreesRegressor,Train,257,60.2602
C2,ExtraTreesRegressor,Train,408,0.525
C2,ExtraTreesRegressor,Train,43,35.8031
C2,ExtraTreesRegressor,Train,517,0.4426
C2,ExtraTreesRegressor,Train,247,11
C2,ExtraTreesRegressor,Train,529,0.3956
C2,ExtraTreesRegressor,Train,97,12.9034
C2,ExtraTreesRegressor,Train,655,5.0188
C2,ExtraTreesRegressor,Train,584,203.5592
C2,ExtraTreesRegressor,Train,462,0.6512
C2,ExtraTreesRegressor,Train,637,206.7873
C2,ExtraTreesRegressor,Train,557,24.7571
C2,ExtraTreesRegressor,Train,443,1.008
C2,ExtraTreesRegressor,Train,640,5.4298
C2,ExtraTreesRegressor,Train,301,99
C2,ExtraTreesRegressor,Train,398,189.0305
C2,ExtraTreesRegressor,Train,377,31.8134
C2,ExtraTreesRegressor,Train,297,205
C2,ExtraTreesRegressor,Train,230,0
C2,ExtraTreesRegressor,Train,201,88.117
C2,ExtraTreesRegressor,Train,454,-0.0311
C2,ExtraTreesRegressor,Train,589,209.3641
C2,ExtraTreesRegressor,Train,378,235.2814
C2,ExtraTreesRegressor,Train,186,46.1627
C2,ExtraTreesRegressor,Train,456,0.0318
C2,ExtraTreesRegressor,Train,254,22
C2,ExtraTreesRegressor,Train,498,0.7805
C2,ExtraTreesRegressor,Train,614,28.5068
C2,ExtraTreesRegressor,Train,564,19.9019
C2,ExtraTreesRegressor,Train,386,265.5844
C2,ExtraTreesRegressor,Train,459,0.3721
C2,ExtraTreesRegressor,Train,295,225
C2,ExtraTreesRegressor,Train,450,2.74
C2,ExtraTreesRegressor,Train,339,0.1497
C2,ExtraTreesRegressor,Train,23,185.6084
C2,ExtraTreesRegressor,Train,345,10.63005
C2,ExtraTreesRegressor,Train,342,3.5187
C2,ExtraTreesRegressor,Train,102,14.3145
C2,ExtraTreesRegressor,Train,658,13.7265
C2,ExtraTreesRegressor,Train,266,9.2885
C2,ExtraTreesRegressor,Train,202,105.5386
C2,ExtraTreesRegressor,Train,33,75
C2,ExtraTreesRegressor,Train,672,7.9032
C2,ExtraTreesRegressor,Train,577,199.826
C2,ExtraTreesRegressor,Train,112,2
C2,ExtraTreesRegressor,Train,94,12.6758
C2,ExtraTreesRegressor,Train,47,100.5808
C2,ExtraTreesRegressor,Train,26,184.3807
C2,ExtraTreesRegressor,Train,552,21.0401
C2,ExtraTreesRegressor,Train,317,9.69947619
C2,ExtraTreesRegressor,Train,128,10.5788
C2,ExtraTreesRegressor,Train,198,31.03574305
C2,ExtraTreesRegressor,Train,354,10.8798
C2,ExtraTreesRegressor,Train,37,175.4161
C2,ExtraTreesRegressor,Train,193,82.2821
C2,ExtraTreesRegressor,Train,88,17.5699
C2,ExtraTreesRegressor,Train,275,15.5572
C2,ExtraTreesRegressor,Train,111,5
C2,ExtraTreesRegressor,Train,268,12.5684
C2,ExtraTreesRegressor,Train,267,11.5498
C2,ExtraTreesRegressor,Train,20,37.4042
C2,ExtraTreesRegressor,Train,312,148
C2,ExtraTreesRegressor,Train,3,45.9523
C2,ExtraTreesRegressor,Train,402,229.0834
C2,ExtraTreesRegressor,Train,344,8.8717
C2,ExtraTreesRegressor,Train,644,6.7873
C2,ExtraTreesRegressor,Train,120,12.3402
C2,ExtraTreesRegressor,Train,359,11.4585
C2,ExtraTreesRegressor,Train,364,4.7511
C2,ExtraTreesRegressor,Train,83,4.2137
C2,ExtraTreesRegressor,Train,519,0.7869
C2,ExtraTreesRegressor,Train,231,0
C2,ExtraTreesRegressor,Train,141,6.4234
C2,ExtraTreesRegressor,Train,410,1.375
C2,ExtraTreesRegressor,Train,279,28.4955
C2,ExtraTreesRegressor,Train,228,0
C2,ExtraTreesRegressor,Train,224,79.7532
C2,ExtraTreesRegressor,Train,95,19.3671
C2,ExtraTreesRegressor,Train,248,25.8305
C2,ExtraTreesRegressor,Train,31,145
C2,ExtraTreesRegressor,Train,81,56.3548
C2,ExtraTreesRegressor,Train,568,114.8951
C2,ExtraTreesRegressor,Train,553,23.5149
C2,ExtraTreesRegressor,Train,449,2.736
C2,ExtraTreesRegressor,Train,387,240.4761
C2,ExtraTreesRegressor,Train,174,9.5591
C2,ExtraTreesRegressor,Train,630,175.1131
C2,ExtraTreesRegressor,Train,240,18
C2,ExtraTreesRegressor,Train,358,13.9039
C2,ExtraTreesRegressor,Train,19,182.1148
C2,ExtraTreesRegressor,Train,645,8.5973
C2,ExtraTreesRegressor,Train,189,16.76794148
C2,ExtraTreesRegressor,Train,643,8.5973
C2,ExtraTreesRegressor,Train,63,73.8302
C2,ExtraTreesRegressor,Train,205,25.8305
C2,ExtraTreesRegressor,Train,325,8.8
C2,ExtraTreesRegressor,Train,329,9.200190476
C2,ExtraTreesRegressor,Train,368,15.2174
C2,ExtraTreesRegressor,Train,321,9.599619048
C2,ExtraTreesRegressor,Train,565,19.9022
C2,ExtraTreesRegressor,Train,77,62.9884
C2,ExtraTreesRegressor,Train,674,4.8387
C2,ExtraTreesRegressor,Train,190,31.03574305
C2,ExtraTreesRegressor,Train,546,3.124
C2,ExtraTreesRegressor,Train,580,201.6556
C2,ExtraTreesRegressor,Train,328,9.399904762
C2,ExtraTreesRegressor,Train,343,6.4011
C2,ExtraTreesRegressor,Train,324,8.001904762
C2,ExtraTreesRegressor,Train,35,163.7025
C2,ExtraTreesRegressor,Train,657,12.7399
C2,ExtraTreesRegressor,Train,400,213.0824
C2,ExtraTreesRegressor,Train,298,198
C2,ExtraTreesRegressor,Train,509,0.8453
C2,ExtraTreesRegressor,Train,426,4.4132
C2,ExtraTreesRegressor,Train,119,13.7934
C2,ExtraTreesRegressor,Train,642,7.6923
C2,ExtraTreesRegressor,Train,74,53.0534
C2,ExtraTreesRegressor,Train,602,10.7843
C2,ExtraTreesRegressor,Train,574,177.8478
C2,ExtraTreesRegressor,Train,106,15.3742
C2,ExtraTreesRegressor,Test,458,0.297187
C2,ExtraTreesRegressor,Test,641,7.095106857
C2,ExtraTreesRegressor,Test,318,9.663161619
C2,ExtraTreesRegressor,Test,436,0.655831571
C2,ExtraTreesRegressor,Test,283,16.31489229
C2,ExtraTreesRegressor,Test,24,185.4971887
C2,ExtraTreesRegressor,Test,473,2.466943286
C2,ExtraTreesRegressor,Test,29,172.4308226
C2,ExtraTreesRegressor,Test,282,16.87704757
C2,ExtraTreesRegressor,Test,362,6.540618
C2,ExtraTreesRegressor,Test,104,15.38734429
C2,ExtraTreesRegressor,Test,617,33.81972757
C2,ExtraTreesRegressor,Test,229,0.037629429
C2,ExtraTreesRegressor,Test,404,247.1202936
C2,ExtraTreesRegressor,Test,209,92.64915857
C2,ExtraTreesRegressor,Test,613,190.4743917
C2,ExtraTreesRegressor,Test,621,5.416758143
C2,ExtraTreesRegressor,Test,604,11.04533786
C2,ExtraTreesRegressor,Test,659,14.29134757
C2,ExtraTreesRegressor,Test,600,9.857207429
C2,ExtraTreesRegressor,Test,670,5.060372714
C2,ExtraTreesRegressor,Test,526,-0.119322429
C2,ExtraTreesRegressor,Test,115,12.33107243
C2,ExtraTreesRegressor,Test,635,188.4704551
C2,ExtraTreesRegressor,Test,434,0.400072429
C2,ExtraTreesRegressor,Test,59,67.04107
C2,ExtraTreesRegressor,Test,503,0.319427429
C2,ExtraTreesRegressor,Test,631,182.7469619
C2,ExtraTreesRegressor,Test,270,14.61197414
C2,ExtraTreesRegressor,Test,259,50.55826757
C2,ExtraTreesRegressor,Test,625,118.7930373
C2,ExtraTreesRegressor,Test,367,13.61846843
C2,ExtraTreesRegressor,Test,336,0.132694143
C2,ExtraTreesRegressor,Test,226,131.7922687
C2,ExtraTreesRegressor,Test,477,2.286791286
C2,ExtraTreesRegressor,Test,181,17.33998657
C2,ExtraTreesRegressor,Test,427,4.262736429
C2,ExtraTreesRegressor,Test,294,236.4291617
C2,ExtraTreesRegressor,Test,8,198.3145006
C2,ExtraTreesRegressor,Test,238,0.063149571
C2,ExtraTreesRegressor,Test,533,1.141856143
C2,ExtraTreesRegressor,Test,586,205.8338664
C2,ExtraTreesRegressor,Test,160,93.01335371
C2,ExtraTreesRegressor,Test,505,0.388941857
C2,ExtraTreesRegressor,Test,272,15.596
C2,ExtraTreesRegressor,Test,12,62.37938243
C2,ExtraTreesRegressor,Test,598,9.594707143
C2,ExtraTreesRegressor,Test,138,4.6607
C2,ExtraTreesRegressor,Test,652,173.5952843
C2,ExtraTreesRegressor,Test,485,0.550743857
C2,ExtraTreesRegressor,Test,646,10.82078386
C2,ExtraTreesRegressor,Test,583,202.8243527
C2,ExtraTreesRegressor,Test,200,58.76602057
C2,ExtraTreesRegressor,Test,237,0.063149571
C2,ExtraTreesRegressor,Test,591,3.842484286
C2,ExtraTreesRegressor,Test,265,25.76571429
C2,ExtraTreesRegressor,Test,76,58.54630343
C2,ExtraTreesRegressor,Test,57,71.37127943
C2,ExtraTreesRegressor,Test,307,185.9851413
C2,ExtraTreesRegressor,Test,46,43.67560943
C2,ExtraTreesRegressor,Test,447,2.041917143
C2,ExtraTreesRegressor,Test,481,0.201992
C2,ExtraTreesRegressor,Test,597,4.753862857
C2,ExtraTreesRegressor,Test,520,0.875898429
C2,ExtraTreesRegressor,Test,148,7.598333571
C2,ExtraTreesRegressor,Test,412,2.237439857
C2,ExtraTreesRegressor,Test,246,14.20285714
C2,ExtraTreesRegressor,Test,255,21.45142857
C2,ExtraTreesRegressor,Test,575,186.2090856
C2,ExtraTreesRegressor,Test,114,12.84472186
C2,ExtraTreesRegressor,Test,441,1.240670429
C2,ExtraTreesRegressor,Test,405,266.4130943
C2,ExtraTreesRegressor,Test,278,18.21851886
C2,ExtraTreesRegressor,Test,430,0.133453
C2,ExtraTreesRegressor,Test,490,-0.032239143
C2,ExtraTreesRegressor,Test,608,189.26196
C2,ExtraTreesRegressor,Test,199,46.30024857
C2,ExtraTreesRegressor,Test,353,10.46865486
C2,ExtraTreesRegressor,Test,673,6.792581857
C2,ExtraTreesRegressor,Test,135,3.570537143
C2,ExtraTreesRegressor,Test,130,16.13555957
C2,ExtraTreesRegressor,Test,147,7.520748
C2,ExtraTreesRegressor,Test,340,1.938639143
C2,ExtraTreesRegressor,Test,493,0.046287
C2,ExtraTreesRegressor,Test,521,1.009447286
C2,ExtraTreesRegressor,Test,435,0.519950571
C2,ExtraTreesRegressor,Test,38,178.1942709
C2,ExtraTreesRegressor,Test,571,120.6265557
C2,ExtraTreesRegressor,Test,256,18.89571429
C2,ExtraTreesRegressor,Test,496,0.552312
C2,ExtraTreesRegressor,Test,601,10.27843829
C2,ExtraTreesRegressor,Test,173,9.243678286
C2,ExtraTreesRegressor,Test,212,12.691772
C2,ExtraTreesRegressor,Test,311,152.1120026
C2,ExtraTreesRegressor,Test,249,29.62423571
C2,ExtraTreesRegressor,Test,131,11.95615557
C2,ExtraTreesRegressor,Test,647,11.193072
C2,ExtraTreesRegressor,Test,579,200.7364929
C2,ExtraTreesRegressor,Test,239,5.4272
C2,ExtraTreesRegressor,Test,171,6.820405714
C2,ExtraTreesRegressor,Test,244,17.52071429
C2,ExtraTreesRegressor,Test,334,8.245816714
C2,ExtraTreesRegressor,Test,89,18.22445414
C2,ExtraTreesRegressor,Test,137,2.4124
C2,ExtraTreesRegressor,Test,107,15.33334
C2,ExtraTreesRegressor,Test,376,86.14583657
C2,ExtraTreesRegressor,Test,91,6.543123571
C2,ExtraTreesRegressor,Test,25,185.2262013
C2,ExtraTreesRegressor,Test,319,9.627047619
C2,ExtraTreesRegressor,Test,72,7.157142857
C2,ExtraTreesRegressor,Test,164,2.126898
C2,ExtraTreesRegressor,Test,49,98.46319671
C2,ExtraTreesRegressor,Test,395,156.0983027
C2,ExtraTreesRegressor,Test,650,155.1365323
C2,ExtraTreesRegressor,Test,149,7.699702286
C2,ExtraTreesRegressor,Test,242,21.36857143
C2,ExtraTreesRegressor,Test,429,4.138266286
C2,ExtraTreesRegressor,Test,166,2.902582143
C2,ExtraTreesRegressor,Test,515,0.217869143
C2,ExtraTreesRegressor,Test,271,15.07992143
C2,ExtraTreesRegressor,Test,292,249.4314286
C2,ExtraTreesRegressor,Test,491,-0.029177
C2,ExtraTreesRegressor,Test,100,10.03252571
C2,ExtraTreesRegressor,Test,39,182.1590519
C2,ExtraTreesRegressor,Test,145,7.471549429
C2,ExtraTreesRegressor,Test,549,2.811424857
C2,ExtraTreesRegressor,Test,227,138.9488071
C2,ExtraTreesRegressor,Test,615,30.466589
C2,ExtraTreesRegressor,Test,502,0.304098571
C2,ExtraTreesRegressor,Test,420,0.843127429
C2,ExtraTreesRegressor,Test,476,2.403662
C2,ExtraTreesRegressor,Test,372,155.998886
C2,ExtraTreesRegressor,Test,151,7.909944
C2,ExtraTreesRegressor,Test,68,57.88918857
C2,ExtraTreesRegressor,Test,556,24.75489857
C2,PyTorch_TabularMLP,Train,424,3.6195755
C2,PyTorch_TabularMLP,Train,146,6.780136108
C2,PyTorch_TabularMLP,Train,93,13.22397232
C2,PyTorch_TabularMLP,Train,323,10.49850082
C2,PyTorch_TabularMLP,Train,539,4.024002075
C2,PyTorch_TabularMLP,Train,99,17.536129
C2,PyTorch_TabularMLP,Train,92,12.91483307
C2,PyTorch_TabularMLP,Train,28,183.3126526
C2,PyTorch_TabularMLP,Train,258,55.70569611
C2,PyTorch_TabularMLP,Train,632,182.2958069
C2,PyTorch_TabularMLP,Train,366,12.81853104
C2,PyTorch_TabularMLP,Train,150,7.801200867
C2,PyTorch_TabularMLP,Train,572,117.8012848
C2,PyTorch_TabularMLP,Train,638,199.3652039
C2,PyTorch_TabularMLP,Train,421,3.574943542
C2,PyTorch_TabularMLP,Train,27,182.7986145
C2,PyTorch_TabularMLP,Train,50,107.2240906
C2,PyTorch_TabularMLP,Train,286,21.79398346
C2,PyTorch_TabularMLP,Train,213,24.70040703
C2,PyTorch_TabularMLP,Train,445,3.083717346
C2,PyTorch_TabularMLP,Train,252,28.71446037
C2,PyTorch_TabularMLP,Train,85,13.8343811
C2,PyTorch_TabularMLP,Train,461,3.182220459
C2,PyTorch_TabularMLP,Train,455,3.37374115
C2,PyTorch_TabularMLP,Train,375,134.1633759
C2,PyTorch_TabularMLP,Train,210,120.44487
C2,PyTorch_TabularMLP,Train,290,12.07266235
C2,PyTorch_TabularMLP,Train,15,180.8201904
C2,PyTorch_TabularMLP,Train,535,2.531848907
C2,PyTorch_TabularMLP,Train,596,6.312774658
C2,PyTorch_TabularMLP,Train,514,4.591567993
C2,PyTorch_TabularMLP,Train,651,168.3058319
C2,PyTorch_TabularMLP,Train,62,61.54237747
C2,PyTorch_TabularMLP,Train,58,86.32230377
C2,PyTorch_TabularMLP,Train,78,64.5560379
C2,PyTorch_TabularMLP,Train,274,18.37244415
C2,PyTorch_TabularMLP,Train,418,3.577373505
C2,PyTorch_TabularMLP,Train,522,3.03578186
C2,PyTorch_TabularMLP,Train,516,3.472789764
C2,PyTorch_TabularMLP,Train,633,185.9222717
C2,PyTorch_TabularMLP,Train,656,10.05559921
C2,PyTorch_TabularMLP,Train,431,3.050769806
C2,PyTorch_TabularMLP,Train,51,49.70596695
C2,PyTorch_TabularMLP,Train,497,2.668170929
C2,PyTorch_TabularMLP,Train,425,3.626094818
C2,PyTorch_TabularMLP,Train,331,10.52719879
C2,PyTorch_TabularMLP,Train,413,3.659801483
C2,PyTorch_TabularMLP,Train,109,17.89125824
C2,PyTorch_TabularMLP,Train,42,184.7755127
C2,PyTorch_TabularMLP,Train,75,60.56251907
C2,PyTorch_TabularMLP,Train,432,2.993312836
C2,PyTorch_TabularMLP,Train,626,122.0637131
C2,PyTorch_TabularMLP,Train,480,2.544387817
C2,PyTorch_TabularMLP,Train,222,37.25504684
C2,PyTorch_TabularMLP,Train,442,3.995075226
C2,PyTorch_TabularMLP,Train,460,3.187824249
C2,PyTorch_TabularMLP,Train,21,97.91113281
C2,PyTorch_TabularMLP,Train,55,71.73191833
C2,PyTorch_TabularMLP,Train,291,236.8961487
C2,PyTorch_TabularMLP,Train,217,116.9786301
C2,PyTorch_TabularMLP,Train,392,245.1270752
C2,PyTorch_TabularMLP,Train,544,3.781032562
C2,PyTorch_TabularMLP,Train,203,125.3115997
C2,PyTorch_TabularMLP,Train,305,192.7081604
C2,PyTorch_TabularMLP,Train,664,11.47271729
C2,PyTorch_TabularMLP,Train,558,14.27649689
C2,PyTorch_TabularMLP,Train,113,6.791236877
C2,PyTorch_TabularMLP,Train,188,18.07078171
C2,PyTorch_TabularMLP,Train,220,10.56640625
C2,PyTorch_TabularMLP,Train,80,67.47848511
C2,PyTorch_TabularMLP,Train,383,54.3121109
C2,PyTorch_TabularMLP,Train,41,183.321228
C2,PyTorch_TabularMLP,Train,654,5.476112366
C2,PyTorch_TabularMLP,Train,548,3.91910553
C2,PyTorch_TabularMLP,Train,484,2.633728027
C2,PyTorch_TabularMLP,Train,17,182.5621643
C2,PyTorch_TabularMLP,Train,123,7.080135345
C2,PyTorch_TabularMLP,Train,132,7.341094971
C2,PyTorch_TabularMLP,Train,341,9.752746582
C2,PyTorch_TabularMLP,Train,511,2.323955536
C2,PyTorch_TabularMLP,Train,482,2.605991364
C2,PyTorch_TabularMLP,Train,48,90.92585754
C2,PyTorch_TabularMLP,Train,349,9.346221924
C2,PyTorch_TabularMLP,Train,494,2.636692047
C2,PyTorch_TabularMLP,Train,304,198.2221069
C2,PyTorch_TabularMLP,Train,525,4.320713043
C2,PyTorch_TabularMLP,Train,308,183.2486572
C2,PyTorch_TabularMLP,Train,4,92.67913818
C2,PyTorch_TabularMLP,Train,437,2.954715729
C2,PyTorch_TabularMLP,Train,531,2.955993652
C2,PyTorch_TabularMLP,Train,165,5.174404144
C2,PyTorch_TabularMLP,Train,474,3.468025208
C2,PyTorch_TabularMLP,Train,409,3.606864929
C2,PyTorch_TabularMLP,Train,627,122.3824844
C2,PyTorch_TabularMLP,Train,567,111.5872955
C2,PyTorch_TabularMLP,Train,280,25.71725464
C2,PyTorch_TabularMLP,Train,82,63.87477875
C2,PyTorch_TabularMLP,Train,605,9.534637451
C2,PyTorch_TabularMLP,Train,350,10.09671783
C2,PyTorch_TabularMLP,Train,470,3.47303009
C2,PyTorch_TabularMLP,Train,446,3.059776306
C2,PyTorch_TabularMLP,Train,541,3.875865936
C2,PyTorch_TabularMLP,Train,96,15.03836441
C2,PyTorch_TabularMLP,Train,444,3.118156433
C2,PyTorch_TabularMLP,Train,154,30.64982033
C2,PyTorch_TabularMLP,Train,582,189.6358948
C2,PyTorch_TabularMLP,Train,140,6.437728882
C2,PyTorch_TabularMLP,Train,125,8.885227203
C2,PyTorch_TabularMLP,Train,60,27.68224907
C2,PyTorch_TabularMLP,Train,52,52.49005127
C2,PyTorch_TabularMLP,Train,560,17.38419724
C2,PyTorch_TabularMLP,Train,225,120.8091354
C2,PyTorch_TabularMLP,Train,287,19.87791061
C2,PyTorch_TabularMLP,Train,403,242.2674866
C2,PyTorch_TabularMLP,Train,158,77.31716156
C2,PyTorch_TabularMLP,Train,389,55.06591034
C2,PyTorch_TabularMLP,Train,250,34.92356873
C2,PyTorch_TabularMLP,Train,361,8.770954132
C2,PyTorch_TabularMLP,Train,234,5.918323517
C2,PyTorch_TabularMLP,Train,457,3.25674057
C2,PyTorch_TabularMLP,Train,66,64.01164246
C2,PyTorch_TabularMLP,Train,523,2.945625305
C2,PyTorch_TabularMLP,Train,639,5.436569214
C2,PyTorch_TabularMLP,Train,390,244.8382263
C2,PyTorch_TabularMLP,Train,369,11.14554596
C2,PyTorch_TabularMLP,Train,360,11.76844788
C2,PyTorch_TabularMLP,Train,215,55.71125031
C2,PyTorch_TabularMLP,Train,98,16.55057526
C2,PyTorch_TabularMLP,Train,207,53.1987648
C2,PyTorch_TabularMLP,Train,464,3.28377533
C2,PyTorch_TabularMLP,Train,208,72.59170532
C2,PyTorch_TabularMLP,Train,538,4.805721283
C2,PyTorch_TabularMLP,Train,276,16.61682129
C2,PyTorch_TabularMLP,Train,264,33.10903931
C2,PyTorch_TabularMLP,Train,214,36.86700439
C2,PyTorch_TabularMLP,Train,169,11.07079315
C2,PyTorch_TabularMLP,Train,668,12.27084732
C2,PyTorch_TabularMLP,Train,284,20.10086823
C2,PyTorch_TabularMLP,Train,168,5.149715424
C2,PyTorch_TabularMLP,Train,293,232.5873718
C2,PyTorch_TabularMLP,Train,448,3.055740356
C2,PyTorch_TabularMLP,Train,599,9.828502655
C2,PyTorch_TabularMLP,Train,232,9.879196167
C2,PyTorch_TabularMLP,Train,559,16.98781586
C2,PyTorch_TabularMLP,Train,593,6.164447784
C2,PyTorch_TabularMLP,Train,373,146.658905
C2,PyTorch_TabularMLP,Train,411,3.643474579
C2,PyTorch_TabularMLP,Train,667,12.22049332
C2,PyTorch_TabularMLP,Train,64,63.66254425
C2,PyTorch_TabularMLP,Train,126,10.51142502
C2,PyTorch_TabularMLP,Train,170,11.97605515
C2,PyTorch_TabularMLP,Train,156,39.83675385
C2,PyTorch_TabularMLP,Train,32,116.9360809
C2,PyTorch_TabularMLP,Train,554,24.34425354
C2,PyTorch_TabularMLP,Train,310,154.3988037
C2,PyTorch_TabularMLP,Train,555,24.61181259
C2,PyTorch_TabularMLP,Train,566,104.3975525
C2,PyTorch_TabularMLP,Train,9,187.7350159
C2,PyTorch_TabularMLP,Train,648,9.973239899
C2,PyTorch_TabularMLP,Train,610,186.8922424
C2,PyTorch_TabularMLP,Train,139,6.409000397
C2,PyTorch_TabularMLP,Train,306,189.0948792
C2,PyTorch_TabularMLP,Train,428,3.767215729
C2,PyTorch_TabularMLP,Train,551,23.32916641
C2,PyTorch_TabularMLP,Train,53,58.55973053
C2,PyTorch_TabularMLP,Train,393,244.2994995
C2,PyTorch_TabularMLP,Train,338,4.813179016
C2,PyTorch_TabularMLP,Train,595,6.279987335
C2,PyTorch_TabularMLP,Train,381,235.3816833
C2,PyTorch_TabularMLP,Train,607,185.4859009
C2,PyTorch_TabularMLP,Train,71,14.52771378
C2,PyTorch_TabularMLP,Train,320,11.1405983
C2,PyTorch_TabularMLP,Train,313,119.9937134
C2,PyTorch_TabularMLP,Train,451,3.136722565
C2,PyTorch_TabularMLP,Train,530,3.016525269
C2,PyTorch_TabularMLP,Train,162,5.309719086
C2,PyTorch_TabularMLP,Train,144,6.519901276
C2,PyTorch_TabularMLP,Train,65,63.78576279
C2,PyTorch_TabularMLP,Train,513,3.952384949
C2,PyTorch_TabularMLP,Train,590,5.824268341
C2,PyTorch_TabularMLP,Train,167,5.159282684
C2,PyTorch_TabularMLP,Train,153,9.923503876
C2,PyTorch_TabularMLP,Train,67,64.5904007
C2,PyTorch_TabularMLP,Train,10,188.6184692
C2,PyTorch_TabularMLP,Train,576,193.0567322
C2,PyTorch_TabularMLP,Train,422,3.599609375
C2,PyTorch_TabularMLP,Train,309,169.015564
C2,PyTorch_TabularMLP,Train,348,9.065155029
C2,PyTorch_TabularMLP,Train,563,16.48027802
C2,PyTorch_TabularMLP,Train,653,175.6956482
C2,PyTorch_TabularMLP,Train,585,200.8560181
C2,PyTorch_TabularMLP,Train,471,3.466209412
C2,PyTorch_TabularMLP,Train,180,15.62119293
C2,PyTorch_TabularMLP,Train,611,186.6799011
C2,PyTorch_TabularMLP,Train,103,15.37787247
C2,PyTorch_TabularMLP,Train,472,3.462375641
C2,PyTorch_TabularMLP,Train,467,3.586620331
C2,PyTorch_TabularMLP,Train,54,69.60411072
C2,PyTorch_TabularMLP,Train,506,2.74823761
C2,PyTorch_TabularMLP,Train,175,18.77098846
C2,PyTorch_TabularMLP,Train,469,3.50082016
C2,PyTorch_TabularMLP,Train,594,6.21969986
C2,PyTorch_TabularMLP,Train,606,181.0122681
C2,PyTorch_TabularMLP,Train,136,11.01231766
C2,PyTorch_TabularMLP,Train,500,2.816326141
C2,PyTorch_TabularMLP,Train,528,3.296829224
C2,PyTorch_TabularMLP,Train,356,12.37775803
C2,PyTorch_TabularMLP,Train,101,13.46743774
C2,PyTorch_TabularMLP,Train,176,13.57967758
C2,PyTorch_TabularMLP,Train,407,3.566703796
C2,PyTorch_TabularMLP,Train,508,2.636287689
C2,PyTorch_TabularMLP,Train,277,17.99009705
C2,PyTorch_TabularMLP,Train,439,3.050197601
C2,PyTorch_TabularMLP,Train,316,12.20820618
C2,PyTorch_TabularMLP,Train,486,2.687114716
C2,PyTorch_TabularMLP,Train,110,14.16622925
C2,PyTorch_TabularMLP,Train,44,52.12682724
C2,PyTorch_TabularMLP,Train,452,3.260017395
C2,PyTorch_TabularMLP,Train,241,18.41107559
C2,PyTorch_TabularMLP,Train,195,95.0327301
C2,PyTorch_TabularMLP,Train,182,40.94595337
C2,PyTorch_TabularMLP,Train,351,10.45338821
C2,PyTorch_TabularMLP,Train,385,245.1089172
C2,PyTorch_TabularMLP,Train,296,208.1105042
C2,PyTorch_TabularMLP,Train,478,2.932525635
C2,PyTorch_TabularMLP,Train,399,224.7772217
C2,PyTorch_TabularMLP,Train,155,34.36786652
C2,PyTorch_TabularMLP,Train,299,130.7882385
C2,PyTorch_TabularMLP,Train,56,74.58039856
C2,PyTorch_TabularMLP,Train,11,55.59510803
C2,PyTorch_TabularMLP,Train,178,31.58255577
C2,PyTorch_TabularMLP,Train,603,9.538959503
C2,PyTorch_TabularMLP,Train,663,8.404727936
C2,PyTorch_TabularMLP,Train,5,176.390686
C2,PyTorch_TabularMLP,Train,263,38.33537674
C2,PyTorch_TabularMLP,Train,300,122.6801376
C2,PyTorch_TabularMLP,Train,669,5.571491241
C2,PyTorch_TabularMLP,Train,315,4.457008362
C2,PyTorch_TabularMLP,Train,518,3.257019043
C2,PyTorch_TabularMLP,Train,216,79.8637085
C2,PyTorch_TabularMLP,Train,22,169.2567902
C2,PyTorch_TabularMLP,Train,397,182.5997009
C2,PyTorch_TabularMLP,Train,609,186.8786316
C2,PyTorch_TabularMLP,Train,121,13.87687302
C2,PyTorch_TabularMLP,Train,628,124.0500031
C2,PyTorch_TabularMLP,Train,177,24.80722046
C2,PyTorch_TabularMLP,Train,61,58.08026505
C2,PyTorch_TabularMLP,Train,501,3.36542511
C2,PyTorch_TabularMLP,Train,243,17.64328384
C2,PyTorch_TabularMLP,Train,260,47.4287529
C2,PyTorch_TabularMLP,Train,504,3.040699005
C2,PyTorch_TabularMLP,Train,649,138.494812
C2,PyTorch_TabularMLP,Train,127,10.9285202
C2,PyTorch_TabularMLP,Train,510,2.442363739
C2,PyTorch_TabularMLP,Train,69,85.57629395
C2,PyTorch_TabularMLP,Train,303,202.4295654
C2,PyTorch_TabularMLP,Train,285,22.06262589
C2,PyTorch_TabularMLP,Train,194,81.35383606
C2,PyTorch_TabularMLP,Train,415,3.738487244
C2,PyTorch_TabularMLP,Train,253,26.60088921
C2,PyTorch_TabularMLP,Train,507,2.687389374
C2,PyTorch_TabularMLP,Train,197,24.00954628
C2,PyTorch_TabularMLP,Train,84,13.57886887
C2,PyTorch_TabularMLP,Train,495,2.649185181
C2,PyTorch_TabularMLP,Train,540,3.93655014
C2,PyTorch_TabularMLP,Train,337,4.822978973
C2,PyTorch_TabularMLP,Train,406,3.583702087
C2,PyTorch_TabularMLP,Train,161,94.18664551
C2,PyTorch_TabularMLP,Train,6,182.8713684
C2,PyTorch_TabularMLP,Train,624,110.6134338
C2,PyTorch_TabularMLP,Train,382,182.6541138
C2,PyTorch_TabularMLP,Train,569,115.1737823
C2,PyTorch_TabularMLP,Train,172,13.914711
C2,PyTorch_TabularMLP,Train,660,18.26592636
C2,PyTorch_TabularMLP,Train,666,12.10486221
C2,PyTorch_TabularMLP,Train,488,2.789634705
C2,PyTorch_TabularMLP,Train,191,46.55758667
C2,PyTorch_TabularMLP,Train,379,245.147583
C2,PyTorch_TabularMLP,Train,545,3.772792816
C2,PyTorch_TabularMLP,Train,218,131.4656372
C2,PyTorch_TabularMLP,Train,416,3.800239563
C2,PyTorch_TabularMLP,Train,288,19.52325439
C2,PyTorch_TabularMLP,Train,187,61.94565201
C2,PyTorch_TabularMLP,Train,163,5.242675781
C2,PyTorch_TabularMLP,Train,543,3.795314789
C2,PyTorch_TabularMLP,Train,124,7.780448914
C2,PyTorch_TabularMLP,Train,463,3.188171387
C2,PyTorch_TabularMLP,Train,157,52.879673
C2,PyTorch_TabularMLP,Train,236,5.559127808
C2,PyTorch_TabularMLP,Train,129,13.21811295
C2,PyTorch_TabularMLP,Train,134,9.427955627
C2,PyTorch_TabularMLP,Train,570,116.216629
C2,PyTorch_TabularMLP,Train,616,27.4098835
C2,PyTorch_TabularMLP,Train,634,176.7846375
C2,PyTorch_TabularMLP,Train,13,163.728241
C2,PyTorch_TabularMLP,Train,245,16.00611877
C2,PyTorch_TabularMLP,Train,347,13.48363495
C2,PyTorch_TabularMLP,Train,7,186.6628723
C2,PyTorch_TabularMLP,Train,332,10.38005066
C2,PyTorch_TabularMLP,Train,196,10.77371597
C2,PyTorch_TabularMLP,Train,330,11.39118958
C2,PyTorch_TabularMLP,Train,365,8.743438721
C2,PyTorch_TabularMLP,Train,433,2.963932037
C2,PyTorch_TabularMLP,Train,489,3.301399231
C2,PyTorch_TabularMLP,Train,363,8.043815613
C2,PyTorch_TabularMLP,Train,70,67.89988708
C2,PyTorch_TabularMLP,Train,499,2.755474091
C2,PyTorch_TabularMLP,Train,36,169.824234
C2,PyTorch_TabularMLP,Train,211,139.1250305
C2,PyTorch_TabularMLP,Train,118,13.44009781
C2,PyTorch_TabularMLP,Train,619,7.629310608
C2,PyTorch_TabularMLP,Train,179,49.97907257
C2,PyTorch_TabularMLP,Train,573,118.6527176
C2,PyTorch_TabularMLP,Train,86,14.96509552
C2,PyTorch_TabularMLP,Train,661,12.47447205
C2,PyTorch_TabularMLP,Train,79,64.8937149
C2,PyTorch_TabularMLP,Train,143,6.489513397
C2,PyTorch_TabularMLP,Train,524,2.937820435
C2,PyTorch_TabularMLP,Train,380,244.9717712
C2,PyTorch_TabularMLP,Train,423,3.610160828
C2,PyTorch_TabularMLP,Train,357,13.53416061
C2,PyTorch_TabularMLP,Train,184,14.89628983
C2,PyTorch_TabularMLP,Train,352,10.6035347
C2,PyTorch_TabularMLP,Train,492,2.591999054
C2,PyTorch_TabularMLP,Train,152,8.035018921
C2,PyTorch_TabularMLP,Train,73,11.4311142
C2,PyTorch_TabularMLP,Train,289,18.80709076
C2,PyTorch_TabularMLP,Train,16,181.7125854
C2,PyTorch_TabularMLP,Train,273,17.04690933
C2,PyTorch_TabularMLP,Train,542,3.81476593
C2,PyTorch_TabularMLP,Train,487,2.732170105
C2,PyTorch_TabularMLP,Train,629,159.7451477
C2,PyTorch_TabularMLP,Train,261,45.12930298
C2,PyTorch_TabularMLP,Train,122,14.16622925
C2,PyTorch_TabularMLP,Train,335,4.895233154
C2,PyTorch_TabularMLP,Train,417,4.370223999
C2,PyTorch_TabularMLP,Train,578,194.199585
C2,PyTorch_TabularMLP,Train,587,202.2659912
C2,PyTorch_TabularMLP,Train,414,3.696434021
C2,PyTorch_TabularMLP,Train,251,30.40446472
C2,PyTorch_TabularMLP,Train,662,9.198978424
C2,PyTorch_TabularMLP,Train,235,5.775875092
C2,PyTorch_TabularMLP,Train,374,144.1006317
C2,PyTorch_TabularMLP,Train,326,12.90967941
C2,PyTorch_TabularMLP,Train,281,25.86627769
C2,PyTorch_TabularMLP,Train,620,11.14492035
C2,PyTorch_TabularMLP,Train,90,17.19609451
C2,PyTorch_TabularMLP,Train,419,3.537624359
C2,PyTorch_TabularMLP,Train,453,4.461647034
C2,PyTorch_TabularMLP,Train,592,6.084163666
C2,PyTorch_TabularMLP,Train,479,2.520298004
C2,PyTorch_TabularMLP,Train,562,16.96628571
C2,PyTorch_TabularMLP,Train,618,26.7822113
C2,PyTorch_TabularMLP,Train,133,8.885227203
C2,PyTorch_TabularMLP,Train,483,2.620853424
C2,PyTorch_TabularMLP,Train,391,244.9519348
C2,PyTorch_TabularMLP,Train,18,183.6270447
C2,PyTorch_TabularMLP,Train,396,168.8071289
C2,PyTorch_TabularMLP,Train,355,10.97077942
C2,PyTorch_TabularMLP,Train,636,196.1222839
C2,PyTorch_TabularMLP,Train,547,3.78263855
C2,PyTorch_TabularMLP,Train,204,9.879196167
C2,PyTorch_TabularMLP,Train,468,3.533649445
C2,PyTorch_TabularMLP,Train,561,17.2784462
C2,PyTorch_TabularMLP,Train,183,60.40997696
C2,PyTorch_TabularMLP,Train,159,84.67758179
C2,PyTorch_TabularMLP,Train,117,13.37418747
C2,PyTorch_TabularMLP,Train,394,196.0714111
C2,PyTorch_TabularMLP,Train,527,3.457637787
C2,PyTorch_TabularMLP,Train,371,7.171161652
C2,PyTorch_TabularMLP,Train,333,10.08909988
C2,PyTorch_TabularMLP,Train,45,59.81801224
C2,PyTorch_TabularMLP,Train,327,12.74614334
C2,PyTorch_TabularMLP,Train,536,2.357666016
C2,PyTorch_TabularMLP,Train,671,5.794536591
C2,PyTorch_TabularMLP,Train,623,12.67357254
C2,PyTorch_TabularMLP,Train,221,25.14829254
C2,PyTorch_TabularMLP,Train,512,2.307106018
C2,PyTorch_TabularMLP,Train,206,35.22150421
C2,PyTorch_TabularMLP,Train,612,186.4707642
C2,PyTorch_TabularMLP,Train,466,4.264881134
C2,PyTorch_TabularMLP,Train,346,12.95824814
C2,PyTorch_TabularMLP,Train,233,7.791210175
C2,PyTorch_TabularMLP,Train,532,2.904167175
C2,PyTorch_TabularMLP,Train,370,9.882190704
C2,PyTorch_TabularMLP,Train,475,3.505767822
C2,PyTorch_TabularMLP,Train,87,15.22543335
C2,PyTorch_TabularMLP,Train,534,2.693943024
C2,PyTorch_TabularMLP,Train,302,7.506919861
C2,PyTorch_TabularMLP,Train,665,11.91847992
C2,PyTorch_TabularMLP,Train,314,81.49433899
C2,PyTorch_TabularMLP,Train,219,145.9605865
C2,PyTorch_TabularMLP,Train,537,3.419033051
C2,PyTorch_TabularMLP,Train,142,6.461841583
C2,PyTorch_TabularMLP,Train,388,187.5018311
C2,PyTorch_TabularMLP,Train,465,4.33335495
C2,PyTorch_TabularMLP,Train,588,202.4875793
C2,PyTorch_TabularMLP,Train,108,23.25097466
C2,PyTorch_TabularMLP,Train,40,183.0907288
C2,PyTorch_TabularMLP,Train,14,172.9008484
C2,PyTorch_TabularMLP,Train,322,10.76815796
C2,PyTorch_TabularMLP,Train,438,2.987747192
C2,PyTorch_TabularMLP,Train,622,11.63874435
C2,PyTorch_TabularMLP,Train,440,3.175678253
C2,PyTorch_TabularMLP,Train,384,245.119812
C2,PyTorch_TabularMLP,Train,185,32.31678009
C2,PyTorch_TabularMLP,Train,192,63.36394501
C2,PyTorch_TabularMLP,Train,105,16.02365875
C2,PyTorch_TabularMLP,Train,223,56.27884674
C2,PyTorch_TabularMLP,Train,581,193.8623657
C2,PyTorch_TabularMLP,Train,30,184.7755127
C2,PyTorch_TabularMLP,Train,262,42.05205536
C2,PyTorch_TabularMLP,Train,116,13.30075073
C2,PyTorch_TabularMLP,Train,550,22.30692482
C2,PyTorch_TabularMLP,Train,401,239.1550903
C2,PyTorch_TabularMLP,Train,34,146.36409
C2,PyTorch_TabularMLP,Train,269,13.38660049
C2,PyTorch_TabularMLP,Train,257,53.1987648
C2,PyTorch_TabularMLP,Train,408,3.587841034
C2,PyTorch_TabularMLP,Train,43,41.36960602
C2,PyTorch_TabularMLP,Train,517,3.373226166
C2,PyTorch_TabularMLP,Train,247,13.15010452
C2,PyTorch_TabularMLP,Train,529,3.17029953
C2,PyTorch_TabularMLP,Train,97,15.55324554
C2,PyTorch_TabularMLP,Train,655,8.286571503
C2,PyTorch_TabularMLP,Train,584,199.1325989
C2,PyTorch_TabularMLP,Train,462,3.168521881
C2,PyTorch_TabularMLP,Train,637,196.6139832
C2,PyTorch_TabularMLP,Train,557,24.99278259
C2,PyTorch_TabularMLP,Train,443,3.178573608
C2,PyTorch_TabularMLP,Train,640,6.243755341
C2,PyTorch_TabularMLP,Train,301,94.08702087
C2,PyTorch_TabularMLP,Train,398,204.9206238
C2,PyTorch_TabularMLP,Train,377,41.49932098
C2,PyTorch_TabularMLP,Train,297,181.6256256
C2,PyTorch_TabularMLP,Train,230,4.225147247
C2,PyTorch_TabularMLP,Train,201,86.80348206
C2,PyTorch_TabularMLP,Train,454,4.154975891
C2,PyTorch_TabularMLP,Train,589,202.7136536
C2,PyTorch_TabularMLP,Train,378,245.182251
C2,PyTorch_TabularMLP,Train,186,46.91754913
C2,PyTorch_TabularMLP,Train,456,3.303577423
C2,PyTorch_TabularMLP,Train,254,24.26115417
C2,PyTorch_TabularMLP,Train,498,2.710140228
C2,PyTorch_TabularMLP,Train,614,26.55988121
C2,PyTorch_TabularMLP,Train,564,16.17901611
C2,PyTorch_TabularMLP,Train,386,245.1589355
C2,PyTorch_TabularMLP,Train,459,3.1977005
C2,PyTorch_TabularMLP,Train,295,227.5863953
C2,PyTorch_TabularMLP,Train,450,3.080623627
C2,PyTorch_TabularMLP,Train,339,4.965621948
C2,PyTorch_TabularMLP,Train,23,175.9588013
C2,PyTorch_TabularMLP,Train,345,12.37775803
C2,PyTorch_TabularMLP,Train,342,10.36966705
C2,PyTorch_TabularMLP,Train,102,14.06388474
C2,PyTorch_TabularMLP,Train,658,13.30890656
C2,PyTorch_TabularMLP,Train,266,10.71362305
C2,PyTorch_TabularMLP,Train,202,101.9210205
C2,PyTorch_TabularMLP,Train,33,71.00686646
C2,PyTorch_TabularMLP,Train,672,5.950172424
C2,PyTorch_TabularMLP,Train,577,193.9329224
C2,PyTorch_TabularMLP,Train,112,8.774536133
C2,PyTorch_TabularMLP,Train,94,14.36311722
C2,PyTorch_TabularMLP,Train,47,85.33724976
C2,PyTorch_TabularMLP,Train,26,181.8159637
C2,PyTorch_TabularMLP,Train,552,23.71718979
C2,PyTorch_TabularMLP,Train,317,11.45542145
C2,PyTorch_TabularMLP,Train,128,12.94451904
C2,PyTorch_TabularMLP,Train,198,33.54721832
C2,PyTorch_TabularMLP,Train,354,10.9206543
C2,PyTorch_TabularMLP,Train,37,171.8988495
C2,PyTorch_TabularMLP,Train,193,74.63349915
C2,PyTorch_TabularMLP,Train,88,15.63655472
C2,PyTorch_TabularMLP,Train,275,12.15931702
C2,PyTorch_TabularMLP,Train,111,10.48663712
C2,PyTorch_TabularMLP,Train,268,12.03583145
C2,PyTorch_TabularMLP,Train,267,11.8491478
C2,PyTorch_TabularMLP,Train,20,38.70894623
C2,PyTorch_TabularMLP,Train,312,127.4358215
C2,PyTorch_TabularMLP,Train,3,41.46416855
C2,PyTorch_TabularMLP,Train,402,239.8251953
C2,PyTorch_TabularMLP,Train,344,10.7370491
C2,PyTorch_TabularMLP,Train,644,8.007266998
C2,PyTorch_TabularMLP,Train,120,13.85436249
C2,PyTorch_TabularMLP,Train,359,13.64163589
C2,PyTorch_TabularMLP,Train,364,8.31716156
C2,PyTorch_TabularMLP,Train,83,13.56409073
C2,PyTorch_TabularMLP,Train,519,3.213024139
C2,PyTorch_TabularMLP,Train,231,7.518966675
C2,PyTorch_TabularMLP,Train,141,6.447639465
C2,PyTorch_TabularMLP,Train,410,3.632591248
C2,PyTorch_TabularMLP,Train,279,24.80182076
C2,PyTorch_TabularMLP,Train,228,4.183887482
C2,PyTorch_TabularMLP,Train,224,82.88601685
C2,PyTorch_TabularMLP,Train,95,14.62579727
C2,PyTorch_TabularMLP,Train,248,23.76423454
C2,PyTorch_TabularMLP,Train,31,139.766098
C2,PyTorch_TabularMLP,Train,81,67.60821533
C2,PyTorch_TabularMLP,Train,568,113.4886322
C2,PyTorch_TabularMLP,Train,553,24.0936451
C2,PyTorch_TabularMLP,Train,449,3.056873322
C2,PyTorch_TabularMLP,Train,387,242.4273682
C2,PyTorch_TabularMLP,Train,174,14.89207077
C2,PyTorch_TabularMLP,Train,630,179.8369446
C2,PyTorch_TabularMLP,Train,240,15.57859039
C2,PyTorch_TabularMLP,Train,358,13.72663498
C2,PyTorch_TabularMLP,Train,19,185.4897461
C2,PyTorch_TabularMLP,Train,645,9.095890045
C2,PyTorch_TabularMLP,Train,189,30.46619987
C2,PyTorch_TabularMLP,Train,643,6.806301117
C2,PyTorch_TabularMLP,Train,63,63.49536514
C2,PyTorch_TabularMLP,Train,205,23.76423454
C2,PyTorch_TabularMLP,Train,325,13.17904663
C2,PyTorch_TabularMLP,Train,329,11.83927536
C2,PyTorch_TabularMLP,Train,368,13.20384598
C2,PyTorch_TabularMLP,Train,321,10.97426987
C2,PyTorch_TabularMLP,Train,565,15.65208817
C2,PyTorch_TabularMLP,Train,77,63.84622574
C2,PyTorch_TabularMLP,Train,674,7.484634399
C2,PyTorch_TabularMLP,Train,190,36.37169266
C2,PyTorch_TabularMLP,Train,546,3.751842499
C2,PyTorch_TabularMLP,Train,580,194.1491089
C2,PyTorch_TabularMLP,Train,328,12.20820618
C2,PyTorch_TabularMLP,Train,343,10.72811127
C2,PyTorch_TabularMLP,Train,324,10.18925858
C2,PyTorch_TabularMLP,Train,35,163.3710632
C2,PyTorch_TabularMLP,Train,657,11.78397751
C2,PyTorch_TabularMLP,Train,400,233.577179
C2,PyTorch_TabularMLP,Train,298,175.5034485
C2,PyTorch_TabularMLP,Train,509,2.602478027
C2,PyTorch_TabularMLP,Train,426,3.662303925
C2,PyTorch_TabularMLP,Train,119,13.47699738
C2,PyTorch_TabularMLP,Train,642,6.430328369
C2,PyTorch_TabularMLP,Train,74,55.51830673
C2,PyTorch_TabularMLP,Train,602,9.56413269
C2,PyTorch_TabularMLP,Train,574,183.6018982
C2,PyTorch_TabularMLP,Train,106,16.51082993
C2,PyTorch_TabularMLP,Test,458,3.211513519
C2,PyTorch_TabularMLP,Test,641,6.377613068
C2,PyTorch_TabularMLP,Test,318,11.35264587
C2,PyTorch_TabularMLP,Test,436,2.951488495
C2,PyTorch_TabularMLP,Test,283,16.74974823
C2,PyTorch_TabularMLP,Test,24,180.8310852
C2,PyTorch_TabularMLP,Test,473,3.460884094
C2,PyTorch_TabularMLP,Test,29,192.8952026
C2,PyTorch_TabularMLP,Test,282,16.18252182
C2,PyTorch_TabularMLP,Test,362,7.926353455
C2,PyTorch_TabularMLP,Test,104,15.63407135
C2,PyTorch_TabularMLP,Test,617,27.33390999
C2,PyTorch_TabularMLP,Test,229,4.101837158
C2,PyTorch_TabularMLP,Test,404,244.8167725
C2,PyTorch_TabularMLP,Test,209,102.9008942
C2,PyTorch_TabularMLP,Test,613,185.9770203
C2,PyTorch_TabularMLP,Test,621,11.50127792
C2,PyTorch_TabularMLP,Test,604,9.533061981
C2,PyTorch_TabularMLP,Test,659,13.70069122
C2,PyTorch_TabularMLP,Test,600,9.697471619
C2,PyTorch_TabularMLP,Test,670,5.723152161
C2,PyTorch_TabularMLP,Test,526,4.587528229
C2,PyTorch_TabularMLP,Test,115,13.10053635
C2,PyTorch_TabularMLP,Test,635,194.7331848
C2,PyTorch_TabularMLP,Test,434,2.948612213
C2,PyTorch_TabularMLP,Test,59,98.27628326
C2,PyTorch_TabularMLP,Test,503,3.212638855
C2,PyTorch_TabularMLP,Test,631,181.6538849
C2,PyTorch_TabularMLP,Test,270,15.30107117
C2,PyTorch_TabularMLP,Test,259,53.68190384
C2,PyTorch_TabularMLP,Test,625,121.1519699
C2,PyTorch_TabularMLP,Test,367,14.59049606
C2,PyTorch_TabularMLP,Test,336,4.849956512
C2,PyTorch_TabularMLP,Test,226,134.1513824
C2,PyTorch_TabularMLP,Test,477,4.652706146
C2,PyTorch_TabularMLP,Test,181,28.63166809
C2,PyTorch_TabularMLP,Test,427,3.704452515
C2,PyTorch_TabularMLP,Test,294,230.0028687
C2,PyTorch_TabularMLP,Test,8,187.2101746
C2,PyTorch_TabularMLP,Test,238,5.078044891
C2,PyTorch_TabularMLP,Test,533,2.869300842
C2,PyTorch_TabularMLP,Test,586,201.6648865
C2,PyTorch_TabularMLP,Test,160,90.70069885
C2,PyTorch_TabularMLP,Test,505,2.907001495
C2,PyTorch_TabularMLP,Test,272,16.32871628
C2,PyTorch_TabularMLP,Test,12,83.41752625
C2,PyTorch_TabularMLP,Test,598,10.18841553
C2,PyTorch_TabularMLP,Test,138,6.389312744
C2,PyTorch_TabularMLP,Test,652,169.3958435
C2,PyTorch_TabularMLP,Test,485,2.642456055
C2,PyTorch_TabularMLP,Test,646,9.255554199
C2,PyTorch_TabularMLP,Test,583,196.674469
C2,PyTorch_TabularMLP,Test,200,67.29808807
C2,PyTorch_TabularMLP,Test,237,5.078044891
C2,PyTorch_TabularMLP,Test,591,6.005504608
C2,PyTorch_TabularMLP,Test,265,26.13982201
C2,PyTorch_TabularMLP,Test,76,63.17024231
C2,PyTorch_TabularMLP,Test,57,78.97288513
C2,PyTorch_TabularMLP,Test,307,185.7887573
C2,PyTorch_TabularMLP,Test,46,81.18073273
C2,PyTorch_TabularMLP,Test,447,3.056148529
C2,PyTorch_TabularMLP,Test,481,2.570095062
C2,PyTorch_TabularMLP,Test,597,6.367744446
C2,PyTorch_TabularMLP,Test,520,3.17622757
C2,PyTorch_TabularMLP,Test,148,7.469219208
C2,PyTorch_TabularMLP,Test,412,3.653114319
C2,PyTorch_TabularMLP,Test,246,14.77770233
C2,PyTorch_TabularMLP,Test,255,21.27856064
C2,PyTorch_TabularMLP,Test,575,191.4669495
C2,PyTorch_TabularMLP,Test,114,12.5153389
C2,PyTorch_TabularMLP,Test,441,4.246330261
C2,PyTorch_TabularMLP,Test,405,245.1089172
C2,PyTorch_TabularMLP,Test,278,18.71884155
C2,PyTorch_TabularMLP,Test,430,3.90594101
C2,PyTorch_TabularMLP,Test,490,3.043060303
C2,PyTorch_TabularMLP,Test,608,186.45401
C2,PyTorch_TabularMLP,Test,199,49.52297211
C2,PyTorch_TabularMLP,Test,353,10.7166481
C2,PyTorch_TabularMLP,Test,673,6.560245514
C2,PyTorch_TabularMLP,Test,135,9.56280899
C2,PyTorch_TabularMLP,Test,130,16.34106827
C2,PyTorch_TabularMLP,Test,147,7.072593689
C2,PyTorch_TabularMLP,Test,340,8.553134918
C2,PyTorch_TabularMLP,Test,493,2.60892868
C2,PyTorch_TabularMLP,Test,521,3.151935577
C2,PyTorch_TabularMLP,Test,435,2.948734283
C2,PyTorch_TabularMLP,Test,38,174.082901
C2,PyTorch_TabularMLP,Test,571,117.2651749
C2,PyTorch_TabularMLP,Test,256,17.64630127
C2,PyTorch_TabularMLP,Test,496,2.660381317
C2,PyTorch_TabularMLP,Test,601,9.604881287
C2,PyTorch_TabularMLP,Test,173,14.40611267
C2,PyTorch_TabularMLP,Test,212,10.25041199
C2,PyTorch_TabularMLP,Test,311,151.5999146
C2,PyTorch_TabularMLP,Test,249,34.09780884
C2,PyTorch_TabularMLP,Test,131,6.730690002
C2,PyTorch_TabularMLP,Test,647,9.325210571
C2,PyTorch_TabularMLP,Test,579,194.2324524
C2,PyTorch_TabularMLP,Test,239,9.879199982
C2,PyTorch_TabularMLP,Test,171,12.76250458
C2,PyTorch_TabularMLP,Test,244,16.90142059
C2,PyTorch_TabularMLP,Test,334,7.475337982
C2,PyTorch_TabularMLP,Test,89,16.16937637
C2,PyTorch_TabularMLP,Test,137,11.01231384
C2,PyTorch_TabularMLP,Test,107,17.60606766
C2,PyTorch_TabularMLP,Test,376,102.4488678
C2,PyTorch_TabularMLP,Test,91,12.8626709
C2,PyTorch_TabularMLP,Test,25,181.3108215
C2,PyTorch_TabularMLP,Test,319,11.24515152
C2,PyTorch_TabularMLP,Test,72,8.50289917
C2,PyTorch_TabularMLP,Test,164,5.206390381
C2,PyTorch_TabularMLP,Test,49,100.2629547
C2,PyTorch_TabularMLP,Test,395,81.64060211
C2,PyTorch_TabularMLP,Test,650,165.3077393
C2,PyTorch_TabularMLP,Test,149,7.677257538
C2,PyTorch_TabularMLP,Test,242,18.16653824
C2,PyTorch_TabularMLP,Test,429,4.374118805
C2,PyTorch_TabularMLP,Test,166,5.16576004
C2,PyTorch_TabularMLP,Test,515,3.60307312
C2,PyTorch_TabularMLP,Test,271,16.13703156
C2,PyTorch_TabularMLP,Test,292,234.7373962
C2,PyTorch_TabularMLP,Test,491,2.581012726
C2,PyTorch_TabularMLP,Test,100,13.26268387
C2,PyTorch_TabularMLP,Test,39,175.213623
C2,PyTorch_TabularMLP,Test,145,6.752990723
C2,PyTorch_TabularMLP,Test,549,3.661819458
C2,PyTorch_TabularMLP,Test,227,147.8384094
C2,PyTorch_TabularMLP,Test,615,27.59065628
C2,PyTorch_TabularMLP,Test,502,4.428775787
C2,PyTorch_TabularMLP,Test,420,3.557033539
C2,PyTorch_TabularMLP,Test,476,3.623310089
C2,PyTorch_TabularMLP,Test,372,153.7931519
C2,PyTorch_TabularMLP,Test,151,7.88407135
C2,PyTorch_TabularMLP,Test,68,66.26264954
C2,PyTorch_TabularMLP,Test,556,24.75519562
C3,RandomForestRegressor,Train,424,3.812159333
C3,RandomForestRegressor,Train,146,7.434520833
C3,RandomForestRegressor,Train,93,13.38883249
C3,RandomForestRegressor,Train,323,9.1886725
C3,RandomForestRegressor,Train,539,0.0466185
C3,RandomForestRegressor,Train,99,11.78551267
C3,RandomForestRegressor,Train,92,8.259975833
C3,RandomForestRegressor,Train,28,190.0961072
C3,RandomForestRegressor,Train,258,57.79540643
C3,RandomForestRegressor,Train,632,190.6292783
C3,RandomForestRegressor,Train,366,15.69215117
C3,RandomForestRegressor,Train,150,7.683638444
C3,RandomForestRegressor,Train,572,120.9648545
C3,RandomForestRegressor,Train,638,207.8478205
C3,RandomForestRegressor,Train,421,1.432275167
C3,RandomForestRegressor,Train,27,188.2644838
C3,RandomForestRegressor,Train,50,96.2318255
C3,RandomForestRegressor,Train,286,17.0158005
C3,RandomForestRegressor,Train,213,21.79429503
C3,RandomForestRegressor,Train,445,1.338156333
C3,RandomForestRegressor,Train,252,29.84545667
C3,RandomForestRegressor,Train,85,9.416023178
C3,RandomForestRegressor,Train,461,0.553076
C3,RandomForestRegressor,Train,455,0.031991333
C3,RandomForestRegressor,Train,375,139.1281735
C3,RandomForestRegressor,Train,210,121.5839477
C3,RandomForestRegressor,Train,290,12.81958517
C3,RandomForestRegressor,Train,15,185.1482232
C3,RandomForestRegressor,Train,535,1.251383833
C3,RandomForestRegressor,Train,596,4.643850333
C3,RandomForestRegressor,Train,514,0.205632333
C3,RandomForestRegressor,Train,651,168.2675527
C3,RandomForestRegressor,Train,62,64.03552417
C3,RandomForestRegressor,Train,58,72.09865967
C3,RandomForestRegressor,Train,78,62.24669233
C3,RandomForestRegressor,Train,274,16.906193
C3,RandomForestRegressor,Train,418,0.304599833
C3,RandomForestRegressor,Train,522,1.099654167
C3,RandomForestRegressor,Train,516,0.318026
C3,RandomForestRegressor,Train,633,193.4318773
C3,RandomForestRegressor,Train,656,8.334958667
C3,RandomForestRegressor,Train,431,0.212954333
C3,RandomForestRegressor,Train,51,38.74501717
C3,RandomForestRegressor,Train,497,0.683508833
C3,RandomForestRegressor,Train,425,4.162282
C3,RandomForestRegressor,Train,331,8.884800542
C3,RandomForestRegressor,Train,413,2.505421
C3,RandomForestRegressor,Train,109,14.12642394
C3,RandomForestRegressor,Train,42,182.6016645
C3,RandomForestRegressor,Train,75,55.48715217
C3,RandomForestRegressor,Train,432,0.255552
C3,RandomForestRegressor,Train,626,124.1745235
C3,RandomForestRegressor,Train,480,0.134135
C3,RandomForestRegressor,Train,222,28.502357
C3,RandomForestRegressor,Train,442,0.4067545
C3,RandomForestRegressor,Train,460,0.5344155
C3,RandomForestRegressor,Train,21,88.36666083
C3,RandomForestRegressor,Train,55,74.6198235
C3,RandomForestRegressor,Train,291,245.6166667
C3,RandomForestRegressor,Train,217,106.9267907
C3,RandomForestRegressor,Train,392,254.8924745
C3,RandomForestRegressor,Train,544,2.317943667
C3,RandomForestRegressor,Train,203,119.498153
C3,RandomForestRegressor,Train,305,198.3840268
C3,RandomForestRegressor,Train,664,7.573302333
C3,RandomForestRegressor,Train,558,16.1428815
C3,RandomForestRegressor,Train,113,2.475943268
C3,RandomForestRegressor,Train,188,13.48193071
C3,RandomForestRegressor,Train,220,13.55722291
C3,RandomForestRegressor,Train,80,63.118983
C3,RandomForestRegressor,Train,383,90.14179167
C3,RandomForestRegressor,Train,41,186.4308699
C3,RandomForestRegressor,Train,654,4.182414
C3,RandomForestRegressor,Train,548,3.180300333
C3,RandomForestRegressor,Train,484,0.452353833
C3,RandomForestRegressor,Train,17,183.3716328
C3,RandomForestRegressor,Train,123,3.216391903
C3,RandomForestRegressor,Train,132,9.89520932
C3,RandomForestRegressor,Train,341,3.056000756
C3,RandomForestRegressor,Train,511,1.017328333
C3,RandomForestRegressor,Train,482,0.251286167
C3,RandomForestRegressor,Train,48,99.9679335
C3,RandomForestRegressor,Train,349,8.581113167
C3,RandomForestRegressor,Train,494,0.197456667
C3,RandomForestRegressor,Train,304,198.7723602
C3,RandomForestRegressor,Train,525,1.290214333
C3,RandomForestRegressor,Train,308,173.1440268
C3,RandomForestRegressor,Train,4,90.0669725
C3,RandomForestRegressor,Train,437,0.784395
C3,RandomForestRegressor,Train,531,0.761555167
C3,RandomForestRegressor,Train,165,2.554094
C3,RandomForestRegressor,Train,474,2.534079833
C3,RandomForestRegressor,Train,409,0.943939833
C3,RandomForestRegressor,Train,627,126.100696
C3,RandomForestRegressor,Train,567,108.5552853
C3,RandomForestRegressor,Train,280,30.76838133
C3,RandomForestRegressor,Train,82,54.444395
C3,RandomForestRegressor,Train,605,11.2868575
C3,RandomForestRegressor,Train,350,9.294265667
C3,RandomForestRegressor,Train,470,1.754008833
C3,RandomForestRegressor,Train,446,1.6006825
C3,RandomForestRegressor,Train,541,0.330263167
C3,RandomForestRegressor,Train,96,16.9379115
C3,RandomForestRegressor,Train,444,1.155193
C3,RandomForestRegressor,Train,154,32.78972983
C3,RandomForestRegressor,Train,582,195.219206
C3,RandomForestRegressor,Train,140,5.5490015
C3,RandomForestRegressor,Train,125,7.838309377
C3,RandomForestRegressor,Train,60,36.4036495
C3,RandomForestRegressor,Train,52,46.82160483
C3,RandomForestRegressor,Train,560,18.610621
C3,RandomForestRegressor,Train,225,108.4376658
C3,RandomForestRegressor,Train,287,15.66595783
C3,RandomForestRegressor,Train,403,233.9446753
C3,RandomForestRegressor,Train,158,81.278926
C3,RandomForestRegressor,Train,389,102.9552963
C3,RandomForestRegressor,Train,250,32.40357442
C3,RandomForestRegressor,Train,361,8.187278822
C3,RandomForestRegressor,Train,234,0.192574611
C3,RandomForestRegressor,Train,457,0.194406833
C3,RandomForestRegressor,Train,66,62.91705333
C3,RandomForestRegressor,Train,523,1.190782833
C3,RandomForestRegressor,Train,639,7.910593833
C3,RandomForestRegressor,Train,390,244.9834383
C3,RandomForestRegressor,Train,369,12.52812383
C3,RandomForestRegressor,Train,360,9.90049284
C3,RandomForestRegressor,Train,215,59.6254147
C3,RandomForestRegressor,Train,98,12.2206425
C3,RandomForestRegressor,Train,207,58.83062445
C3,RandomForestRegressor,Train,464,0.715574333
C3,RandomForestRegressor,Train,208,65.29213799
C3,RandomForestRegressor,Train,538,0.045768
C3,RandomForestRegressor,Train,276,19.904537
C3,RandomForestRegressor,Train,264,29.99916667
C3,RandomForestRegressor,Train,214,30.71769267
C3,RandomForestRegressor,Train,169,6.414530167
C3,RandomForestRegressor,Train,668,11.84814817
C3,RandomForestRegressor,Train,284,17.62741683
C3,RandomForestRegressor,Train,168,3.815429
C3,RandomForestRegressor,Train,293,242.005
C3,RandomForestRegressor,Train,448,2.3841905
C3,RandomForestRegressor,Train,599,10.05489033
C3,RandomForestRegressor,Train,232,6.834040112
C3,RandomForestRegressor,Train,559,17.590228
C3,RandomForestRegressor,Train,593,4.158145333
C3,RandomForestRegressor,Train,373,155.3372593
C3,RandomForestRegressor,Train,411,1.820417667
C3,RandomForestRegressor,Train,667,11.18862367
C3,RandomForestRegressor,Train,64,64.895254
C3,RandomForestRegressor,Train,126,9.333851718
C3,RandomForestRegressor,Train,170,6.619963167
C3,RandomForestRegressor,Train,156,59.37575433
C3,RandomForestRegressor,Train,32,133.1702589
C3,RandomForestRegressor,Train,554,23.47833417
C3,RandomForestRegressor,Train,310,160.9273602
C3,RandomForestRegressor,Train,555,24.28743083
C3,RandomForestRegressor,Train,566,103.1095965
C3,RandomForestRegressor,Train,9,195.4940019
C3,RandomForestRegressor,Train,648,11.36895217
C3,RandomForestRegressor,Train,610,190.1731078
C3,RandomForestRegressor,Train,139,5.036866
C3,RandomForestRegressor,Train,306,196.4856935
C3,RandomForestRegressor,Train,428,4.358430333
C3,RandomForestRegressor,Train,551,20.6113735
C3,RandomForestRegressor,Train,53,64.25708983
C3,RandomForestRegressor,Train,393,231.1653145
C3,RandomForestRegressor,Train,338,0.50065725
C3,RandomForestRegressor,Train,595,4.608608333
C3,RandomForestRegressor,Train,381,209.0750503
C3,RandomForestRegressor,Train,607,186.979135
C3,RandomForestRegressor,Train,71,23.06173167
C3,RandomForestRegressor,Train,320,9.590337
C3,RandomForestRegressor,Train,313,100.1408705
C3,RandomForestRegressor,Train,451,2.701706333
C3,RandomForestRegressor,Train,530,0.497355
C3,RandomForestRegressor,Train,162,2.1775945
C3,RandomForestRegressor,Train,144,7.359738167
C3,RandomForestRegressor,Train,65,64.86974217
C3,RandomForestRegressor,Train,513,1.090174167
C3,RandomForestRegressor,Train,590,3.964825333
C3,RandomForestRegressor,Train,167,3.294751333
C3,RandomForestRegressor,Train,153,8.048426504
C3,RandomForestRegressor,Train,67,61.03240217
C3,RandomForestRegressor,Train,10,191.8198661
C3,RandomForestRegressor,Train,576,194.1009338
C3,RandomForestRegressor,Train,422,2.0978815
C3,RandomForestRegressor,Train,309,166.7506935
C3,RandomForestRegressor,Train,348,8.323852
C3,RandomForestRegressor,Train,563,19.85084717
C3,RandomForestRegressor,Train,653,179.1422833
C3,RandomForestRegressor,Train,585,204.1005145
C3,RandomForestRegressor,Train,471,2.1765665
C3,RandomForestRegressor,Train,180,36.2130065
C3,RandomForestRegressor,Train,611,190.2140062
C3,RandomForestRegressor,Train,103,14.52413604
C3,RandomForestRegressor,Train,472,2.345229667
C3,RandomForestRegressor,Train,467,0.458564833
C3,RandomForestRegressor,Train,54,69.519459
C3,RandomForestRegressor,Train,506,0.489841333
C3,RandomForestRegressor,Train,175,16.4586025
C3,RandomForestRegressor,Train,469,1.365446167
C3,RandomForestRegressor,Train,594,4.4363115
C3,RandomForestRegressor,Train,606,184.2291943
C3,RandomForestRegressor,Train,136,3.719681303
C3,RandomForestRegressor,Train,500,0.868372667
C3,RandomForestRegressor,Train,528,0.011655833
C3,RandomForestRegressor,Train,356,10.51634896
C3,RandomForestRegressor,Train,101,9.482494
C3,RandomForestRegressor,Train,176,13.945816
C3,RandomForestRegressor,Train,407,0.2242365
C3,RandomForestRegressor,Train,508,0.710952
C3,RandomForestRegressor,Train,277,22.81151217
C3,RandomForestRegressor,Train,439,0.9024875
C3,RandomForestRegressor,Train,316,9.381585185
C3,RandomForestRegressor,Train,486,0.595047333
C3,RandomForestRegressor,Train,110,11.99166185
C3,RandomForestRegressor,Train,44,52.43689867
C3,RandomForestRegressor,Train,452,2.704504833
C3,RandomForestRegressor,Train,241,19.68194808
C3,RandomForestRegressor,Train,195,100.2357417
C3,RandomForestRegressor,Train,182,37.3666605
C3,RandomForestRegressor,Train,351,9.6300935
C3,RandomForestRegressor,Train,385,257.6432623
C3,RandomForestRegressor,Train,296,208.02
C3,RandomForestRegressor,Train,478,0.083311167
C3,RandomForestRegressor,Train,399,201.1566843
C3,RandomForestRegressor,Train,155,40.96383383
C3,RandomForestRegressor,Train,299,152.8768552
C3,RandomForestRegressor,Train,56,72.41255933
C3,RandomForestRegressor,Train,11,63.6236165
C3,RandomForestRegressor,Train,178,31.86128583
C3,RandomForestRegressor,Train,603,10.9999025
C3,RandomForestRegressor,Train,663,5.873333
C3,RandomForestRegressor,Train,5,163.9670325
C3,RandomForestRegressor,Train,263,34.38833333
C3,RandomForestRegressor,Train,300,111.6711607
C3,RandomForestRegressor,Train,669,5.326536667
C3,RandomForestRegressor,Train,315,28.4991325
C3,RandomForestRegressor,Train,518,0.515892333
C3,RandomForestRegressor,Train,216,72.68663733
C3,RandomForestRegressor,Train,22,159.8673277
C3,RandomForestRegressor,Train,397,176.0513065
C3,RandomForestRegressor,Train,609,189.9866478
C3,RandomForestRegressor,Train,121,13.84820829
C3,RandomForestRegressor,Train,628,125.8774317
C3,RandomForestRegressor,Train,177,17.28591917
C3,RandomForestRegressor,Train,61,46.928156
C3,RandomForestRegressor,Train,501,0.873669333
C3,RandomForestRegressor,Train,243,18.28415067
C3,RandomForestRegressor,Train,260,51.101301
C3,RandomForestRegressor,Train,504,0.362619667
C3,RandomForestRegressor,Train,649,146.8451283
C3,RandomForestRegressor,Train,127,9.932773319
C3,RandomForestRegressor,Train,510,0.9215355
C3,RandomForestRegressor,Train,69,72.452417
C3,RandomForestRegressor,Train,303,199.1656935
C3,RandomForestRegressor,Train,285,16.99736967
C3,RandomForestRegressor,Train,194,91.25284583
C3,RandomForestRegressor,Train,415,2.6719095
C3,RandomForestRegressor,Train,253,26.07833333
C3,RandomForestRegressor,Train,507,0.629057
C3,RandomForestRegressor,Train,197,17.59458958
C3,RandomForestRegressor,Train,84,9.941220789
C3,RandomForestRegressor,Train,495,0.394978333
C3,RandomForestRegressor,Train,540,0.188866167
C3,RandomForestRegressor,Train,337,0.292598083
C3,RandomForestRegressor,Train,406,0.1548955
C3,RandomForestRegressor,Train,161,92.6883955
C3,RandomForestRegressor,Train,6,190.6439194
C3,RandomForestRegressor,Train,624,114.0325878
C3,RandomForestRegressor,Train,382,178.517161
C3,RandomForestRegressor,Train,569,116.7408318
C3,RandomForestRegressor,Train,172,8.266928833
C3,RandomForestRegressor,Train,660,17.30342933
C3,RandomForestRegressor,Train,666,10.36982267
C3,RandomForestRegressor,Train,488,0.692806
C3,RandomForestRegressor,Train,191,49.08302209
C3,RandomForestRegressor,Train,379,247.6608892
C3,RandomForestRegressor,Train,545,2.776236
C3,RandomForestRegressor,Train,218,131.0101522
C3,RandomForestRegressor,Train,416,2.7929355
C3,RandomForestRegressor,Train,288,14.63981917
C3,RandomForestRegressor,Train,187,59.081031
C3,RandomForestRegressor,Train,163,2.299510167
C3,RandomForestRegressor,Train,543,1.6874415
C3,RandomForestRegressor,Train,124,4.467580681
C3,RandomForestRegressor,Train,463,0.705823
C3,RandomForestRegressor,Train,157,65.04074517
C3,RandomForestRegressor,Train,236,0.0408544
C3,RandomForestRegressor,Train,129,13.81780494
C3,RandomForestRegressor,Train,134,5.840099851
C3,RandomForestRegressor,Train,570,118.96925
C3,RandomForestRegressor,Train,616,30.8488465
C3,RandomForestRegressor,Train,634,175.258848
C3,RandomForestRegressor,Train,13,158.9746072
C3,RandomForestRegressor,Train,245,15.85083333
C3,RandomForestRegressor,Train,347,14.97458006
C3,RandomForestRegressor,Train,7,197.1500501
C3,RandomForestRegressor,Train,332,8.746337931
C3,RandomForestRegressor,Train,196,12.2852562
C3,RandomForestRegressor,Train,330,9.039309931
C3,RandomForestRegressor,Train,365,4.181095917
C3,RandomForestRegressor,Train,433,0.3395415
C3,RandomForestRegressor,Train,489,0.719473
C3,RandomForestRegressor,Train,363,5.413024361
C3,RandomForestRegressor,Train,70,45.18342267
C3,RandomForestRegressor,Train,499,0.8433395
C3,RandomForestRegressor,Train,36,169.158044
C3,RandomForestRegressor,Train,211,136.0277024
C3,RandomForestRegressor,Train,118,12.608379
C3,RandomForestRegressor,Train,619,7.200971667
C3,RandomForestRegressor,Train,179,45.94098283
C3,RandomForestRegressor,Train,573,120.9107742
C3,RandomForestRegressor,Train,86,12.61645169
C3,RandomForestRegressor,Train,661,12.61555083
C3,RandomForestRegressor,Train,79,62.75607217
C3,RandomForestRegressor,Train,143,7.2694745
C3,RandomForestRegressor,Train,524,1.2646835
C3,RandomForestRegressor,Train,380,243.4434723
C3,RandomForestRegressor,Train,423,3.078424
C3,RandomForestRegressor,Train,357,13.08959325
C3,RandomForestRegressor,Train,184,14.01585389
C3,RandomForestRegressor,Train,352,9.8959795
C3,RandomForestRegressor,Train,492,0.059831333
C3,RandomForestRegressor,Train,152,8.002844322
C3,RandomForestRegressor,Train,73,10.74382567
C3,RandomForestRegressor,Train,289,14.13958517
C3,RandomForestRegressor,Train,16,186.3098112
C3,RandomForestRegressor,Train,273,15.6065745
C3,RandomForestRegressor,Train,542,0.8258805
C3,RandomForestRegressor,Train,487,0.651287833
C3,RandomForestRegressor,Train,629,159.27547
C3,RandomForestRegressor,Train,261,46.04710033
C3,RandomForestRegressor,Train,122,11.99166185
C3,RandomForestRegressor,Train,335,0.345725917
C3,RandomForestRegressor,Train,417,2.786413167
C3,RandomForestRegressor,Train,578,199.2521768
C3,RandomForestRegressor,Train,587,207.1621983
C3,RandomForestRegressor,Train,414,2.599906333
C3,RandomForestRegressor,Train,251,33.16942083
C3,RandomForestRegressor,Train,662,10.47124067
C3,RandomForestRegressor,Train,235,0.0408544
C3,RandomForestRegressor,Train,374,150.2644605
C3,RandomForestRegressor,Train,326,9.105253278
C3,RandomForestRegressor,Train,281,32.10449717
C3,RandomForestRegressor,Train,620,5.160643167
C3,RandomForestRegressor,Train,90,18.37825594
C3,RandomForestRegressor,Train,419,0.433740167
C3,RandomForestRegressor,Train,453,2.708412167
C3,RandomForestRegressor,Train,592,3.901901333
C3,RandomForestRegressor,Train,479,0.091849667
C3,RandomForestRegressor,Train,562,19.86345967
C3,RandomForestRegressor,Train,618,31.22364267
C3,RandomForestRegressor,Train,133,7.838309377
C3,RandomForestRegressor,Train,483,0.4052925
C3,RandomForestRegressor,Train,391,254.0340387
C3,RandomForestRegressor,Train,18,182.1999838
C3,RandomForestRegressor,Train,396,169.156246
C3,RandomForestRegressor,Train,355,10.77993583
C3,RandomForestRegressor,Train,636,199.788163
C3,RandomForestRegressor,Train,547,3.193009667
C3,RandomForestRegressor,Train,204,6.834040112
C3,RandomForestRegressor,Train,468,0.923293833
C3,RandomForestRegressor,Train,561,19.53174233
C3,RandomForestRegressor,Train,183,51.81297717
C3,RandomForestRegressor,Train,159,87.78531183
C3,RandomForestRegressor,Train,117,13.34962567
C3,RandomForestRegressor,Train,394,199.2188152
C3,RandomForestRegressor,Train,527,-0.047488833
C3,RandomForestRegressor,Train,371,9.239765667
C3,RandomForestRegressor,Train,333,8.370863431
C3,RandomForestRegressor,Train,45,65.45438867
C3,RandomForestRegressor,Train,327,8.930190778
C3,RandomForestRegressor,Train,536,1.342211
C3,RandomForestRegressor,Train,671,5.841290333
C3,RandomForestRegressor,Train,623,7.351589333
C3,RandomForestRegressor,Train,221,18.06205717
C3,RandomForestRegressor,Train,512,1.075334667
C3,RandomForestRegressor,Train,206,29.78733934
C3,RandomForestRegressor,Train,612,190.493628
C3,RandomForestRegressor,Train,466,0.357639
C3,RandomForestRegressor,Train,346,13.3483331
C3,RandomForestRegressor,Train,233,1.997256471
C3,RandomForestRegressor,Train,532,0.934721667
C3,RandomForestRegressor,Train,370,10.914149
C3,RandomForestRegressor,Train,475,2.527679167
C3,RandomForestRegressor,Train,87,17.03153436
C3,RandomForestRegressor,Train,534,1.186770333
C3,RandomForestRegressor,Train,302,37.04048717
C3,RandomForestRegressor,Train,665,8.919693333
C3,RandomForestRegressor,Train,314,63.238306
C3,RandomForestRegressor,Train,219,140.8545987
C3,RandomForestRegressor,Train,537,1.254703667
C3,RandomForestRegressor,Train,142,6.628113667
C3,RandomForestRegressor,Train,388,197.5280722
C3,RandomForestRegressor,Train,465,0.7117165
C3,RandomForestRegressor,Train,588,207.9406673
C3,RandomForestRegressor,Train,108,15.6668125
C3,RandomForestRegressor,Train,40,185.8539693
C3,RandomForestRegressor,Train,14,176.2466873
C3,RandomForestRegressor,Train,322,9.527000833
C3,RandomForestRegressor,Train,438,0.838457333
C3,RandomForestRegressor,Train,622,6.114994667
C3,RandomForestRegressor,Train,440,0.981054667
C3,RandomForestRegressor,Train,384,250.974337
C3,RandomForestRegressor,Train,185,19.610476
C3,RandomForestRegressor,Train,192,59.48209328
C3,RandomForestRegressor,Train,105,14.6691265
C3,RandomForestRegressor,Train,223,56.80086194
C3,RandomForestRegressor,Train,581,201.953713
C3,RandomForestRegressor,Train,30,182.6016645
C3,RandomForestRegressor,Train,262,40.01543367
C3,RandomForestRegressor,Train,116,13.0152685
C3,RandomForestRegressor,Train,550,19.58326717
C3,RandomForestRegressor,Train,401,222.1417307
C3,RandomForestRegressor,Train,34,152.0187582
C3,RandomForestRegressor,Train,269,13.426477
C3,RandomForestRegressor,Train,257,58.83062445
C3,RandomForestRegressor,Train,408,0.4453245
C3,RandomForestRegressor,Train,43,38.72339539
C3,RandomForestRegressor,Train,517,0.407118167
C3,RandomForestRegressor,Train,247,13.5392795
C3,RandomForestRegressor,Train,529,0.2795245
C3,RandomForestRegressor,Train,97,13.43900417
C3,RandomForestRegressor,Train,655,5.30391
C3,RandomForestRegressor,Train,584,202.8127577
C3,RandomForestRegressor,Train,462,0.6563125
C3,RandomForestRegressor,Train,637,205.1128513
C3,RandomForestRegressor,Train,557,24.59222517
C3,RandomForestRegressor,Train,443,0.801087667
C3,RandomForestRegressor,Train,640,6.114479333
C3,RandomForestRegressor,Train,301,81.60592567
C3,RandomForestRegressor,Train,398,191.650766
C3,RandomForestRegressor,Train,377,66.394813
C3,RandomForestRegressor,Train,297,203.9616667
C3,RandomForestRegressor,Train,230,0.5173205
C3,RandomForestRegressor,Train,201,85.679214
C3,RandomForestRegressor,Train,454,0.005202333
C3,RandomForestRegressor,Train,589,208.603872
C3,RandomForestRegressor,Train,378,239.260312
C3,RandomForestRegressor,Train,186,40.15128883
C3,RandomForestRegressor,Train,456,0.090882833
C3,RandomForestRegressor,Train,254,23.24083333
C3,RandomForestRegressor,Train,498,0.76342
C3,RandomForestRegressor,Train,614,31.053808
C3,RandomForestRegressor,Train,564,19.85964567
C3,RandomForestRegressor,Train,386,259.4286932
C3,RandomForestRegressor,Train,459,0.4446225
C3,RandomForestRegressor,Train,295,219.2183333
C3,RandomForestRegressor,Train,450,2.635650833
C3,RandomForestRegressor,Train,339,0.679310611
C3,RandomForestRegressor,Train,23,179.8158134
C3,RandomForestRegressor,Train,345,10.51634896
C3,RandomForestRegressor,Train,342,3.742811672
C3,RandomForestRegressor,Train,102,13.63335268
C3,RandomForestRegressor,Train,658,13.40319017
C3,RandomForestRegressor,Train,266,10.42561467
C3,RandomForestRegressor,Train,202,103.2413278
C3,RandomForestRegressor,Train,33,98.10380555
C3,RandomForestRegressor,Train,672,7.337416167
C3,RandomForestRegressor,Train,577,198.1473628
C3,RandomForestRegressor,Train,112,3.912755101
C3,RandomForestRegressor,Train,94,13.56213207
C3,RandomForestRegressor,Train,47,93.771389
C3,RandomForestRegressor,Train,26,185.8323027
C3,RandomForestRegressor,Train,552,21.22647817
C3,RandomForestRegressor,Train,317,9.655855222
C3,RandomForestRegressor,Train,128,11.98883144
C3,RandomForestRegressor,Train,198,28.45896167
C3,RandomForestRegressor,Train,354,10.75962783
C3,RandomForestRegressor,Train,37,172.420214
C3,RandomForestRegressor,Train,193,80.68424733
C3,RandomForestRegressor,Train,88,17.40690178
C3,RandomForestRegressor,Train,275,17.66816533
C3,RandomForestRegressor,Train,111,7.493261129
C3,RandomForestRegressor,Train,268,12.27547317
C3,RandomForestRegressor,Train,267,11.3314675
C3,RandomForestRegressor,Train,20,57.9607135
C3,RandomForestRegressor,Train,312,132.7078733
C3,RandomForestRegressor,Train,3,58.98780933
C3,RandomForestRegressor,Train,402,226.3313548
C3,RandomForestRegressor,Train,344,8.462620656
C3,RandomForestRegressor,Train,644,11.711282
C3,RandomForestRegressor,Train,120,12.95777383
C3,RandomForestRegressor,Train,359,11.33221898
C3,RandomForestRegressor,Train,364,4.966151417
C3,RandomForestRegressor,Train,83,8.000559039
C3,RandomForestRegressor,Train,519,0.713175167
C3,RandomForestRegressor,Train,231,0.877291067
C3,RandomForestRegressor,Train,141,6.137855667
C3,RandomForestRegressor,Train,410,1.336845167
C3,RandomForestRegressor,Train,279,23.878043
C3,RandomForestRegressor,Train,228,0.941331333
C3,RandomForestRegressor,Train,224,74.528812
C3,RandomForestRegressor,Train,95,18.32505217
C3,RandomForestRegressor,Train,248,24.28347852
C3,RandomForestRegressor,Train,31,155.5777597
C3,RandomForestRegressor,Train,81,56.43408367
C3,RandomForestRegressor,Train,568,113.7155493
C3,RandomForestRegressor,Train,553,22.82641467
C3,RandomForestRegressor,Train,449,2.569224167
C3,RandomForestRegressor,Train,387,236.886517
C3,RandomForestRegressor,Train,174,9.249938333
C3,RandomForestRegressor,Train,630,172.3600722
C3,RandomForestRegressor,Train,240,19.87485112
C3,RandomForestRegressor,Train,358,13.52549658
C3,RandomForestRegressor,Train,19,183.2683973
C3,RandomForestRegressor,Train,645,9.735411
C3,RandomForestRegressor,Train,189,18.07427825
C3,RandomForestRegressor,Train,643,7.481142167
C3,RandomForestRegressor,Train,63,69.8566655
C3,RandomForestRegressor,Train,205,24.28347852
C3,RandomForestRegressor,Train,325,9.193309278
C3,RandomForestRegressor,Train,329,9.631928861
C3,RandomForestRegressor,Train,368,15.43079567
C3,RandomForestRegressor,Train,321,9.590335667
C3,RandomForestRegressor,Train,565,19.5881095
C3,RandomForestRegressor,Train,77,61.7343455
C3,RandomForestRegressor,Train,674,9.796331
C3,RandomForestRegressor,Train,190,28.2859285
C3,RandomForestRegressor,Train,546,2.9641015
C3,RandomForestRegressor,Train,580,201.5089508
C3,RandomForestRegressor,Train,328,9.381585185
C3,RandomForestRegressor,Train,343,5.558698269
C3,RandomForestRegressor,Train,324,8.502231833
C3,RandomForestRegressor,Train,35,160.1895905
C3,RandomForestRegressor,Train,657,11.8086455
C3,RandomForestRegressor,Train,400,209.0071182
C3,RandomForestRegressor,Train,298,185.9266288
C3,RandomForestRegressor,Train,509,0.8233345
C3,RandomForestRegressor,Train,426,4.207953667
C3,RandomForestRegressor,Train,119,13.44763733
C3,RandomForestRegressor,Train,642,7.432982167
C3,RandomForestRegressor,Train,74,54.548371
C3,RandomForestRegressor,Train,602,10.83705467
C3,RandomForestRegressor,Train,574,183.3417512
C3,RandomForestRegressor,Train,106,15.0503615
C3,RandomForestRegressor,Test,458,0.320580833
C3,RandomForestRegressor,Test,641,6.552503667
C3,RandomForestRegressor,Test,318,9.655688556
C3,RandomForestRegressor,Test,436,0.791881333
C3,RandomForestRegressor,Test,283,18.610061
C3,RandomForestRegressor,Test,24,183.6532145
C3,RandomForestRegressor,Test,473,2.359018
C3,RandomForestRegressor,Test,29,181.4139512
C3,RandomForestRegressor,Test,282,19.779273
C3,RandomForestRegressor,Test,362,7.196478375
C3,RandomForestRegressor,Test,104,15.44057617
C3,RandomForestRegressor,Test,617,31.32723067
C3,RandomForestRegressor,Test,229,0.912242333
C3,RandomForestRegressor,Test,404,233.9122338
C3,RandomForestRegressor,Test,209,92.85042721
C3,RandomForestRegressor,Test,613,190.3817965
C3,RandomForestRegressor,Test,621,5.694260833
C3,RandomForestRegressor,Test,604,11.0735765
C3,RandomForestRegressor,Test,659,13.3659105
C3,RandomForestRegressor,Test,600,10.06309483
C3,RandomForestRegressor,Test,670,5.486744833
C3,RandomForestRegressor,Test,526,-0.042222833
C3,RandomForestRegressor,Test,115,13.20090117
C3,RandomForestRegressor,Test,635,185.2397493
C3,RandomForestRegressor,Test,434,0.504283
C3,RandomForestRegressor,Test,59,68.90950583
C3,RandomForestRegressor,Test,503,0.317551167
C3,RandomForestRegressor,Test,631,180.2793222
C3,RandomForestRegressor,Test,270,13.483077
C3,RandomForestRegressor,Test,259,50.85905728
C3,RandomForestRegressor,Test,625,119.3348553
C3,RandomForestRegressor,Test,367,15.65558733
C3,RandomForestRegressor,Test,336,0.269575583
C3,RandomForestRegressor,Test,226,122.1711003
C3,RandomForestRegressor,Test,477,2.2617375
C3,RandomForestRegressor,Test,181,20.16180783
C3,RandomForestRegressor,Test,427,4.257907667
C3,RandomForestRegressor,Test,294,228.8133333
C3,RandomForestRegressor,Test,8,196.5121018
C3,RandomForestRegressor,Test,238,0.0408544
C3,RandomForestRegressor,Test,533,1.149508
C3,RandomForestRegressor,Test,586,204.4875753
C3,RandomForestRegressor,Test,160,90.75830267
C3,RandomForestRegressor,Test,505,0.402983167
C3,RandomForestRegressor,Test,272,15.6065745
C3,RandomForestRegressor,Test,12,64.22356667
C3,RandomForestRegressor,Test,598,10.31245567
C3,RandomForestRegressor,Test,138,5.0281255
C3,RandomForestRegressor,Test,652,173.1036302
C3,RandomForestRegressor,Test,485,0.525346833
C3,RandomForestRegressor,Test,646,10.412794
C3,RandomForestRegressor,Test,583,200.0357232
C3,RandomForestRegressor,Test,200,56.17965244
C3,RandomForestRegressor,Test,237,0.0408544
C3,RandomForestRegressor,Test,591,3.969387833
C3,RandomForestRegressor,Test,265,28.62016917
C3,RandomForestRegressor,Test,76,56.87171817
C3,RandomForestRegressor,Test,57,71.35609933
C3,RandomForestRegressor,Test,307,180.0073602
C3,RandomForestRegressor,Test,46,57.45672183
C3,RandomForestRegressor,Test,447,1.879763667
C3,RandomForestRegressor,Test,481,0.149704667
C3,RandomForestRegressor,Test,597,4.675855833
C3,RandomForestRegressor,Test,520,0.749961333
C3,RandomForestRegressor,Test,148,7.451436889
C3,RandomForestRegressor,Test,412,2.191520833
C3,RandomForestRegressor,Test,246,14.2325
C3,RandomForestRegressor,Test,255,22.0875
C3,RandomForestRegressor,Test,575,184.283199
C3,RandomForestRegressor,Test,114,13.28903283
C3,RandomForestRegressor,Test,441,1.173151167
C3,RandomForestRegressor,Test,405,257.6432623
C3,RandomForestRegressor,Test,278,16.937293
C3,RandomForestRegressor,Test,430,0.1682275
C3,RandomForestRegressor,Test,490,0.054162
C3,RandomForestRegressor,Test,608,188.3073338
C3,RandomForestRegressor,Test,199,48.3350044
C3,RandomForestRegressor,Test,353,10.278586
C3,RandomForestRegressor,Test,673,7.610085389
C3,RandomForestRegressor,Test,135,4.686517692
C3,RandomForestRegressor,Test,130,16.02939244
C3,RandomForestRegressor,Test,147,7.444168889
C3,RandomForestRegressor,Test,340,3.117945422
C3,RandomForestRegressor,Test,493,0.0761385
C3,RandomForestRegressor,Test,521,0.970711833
C3,RandomForestRegressor,Test,435,0.5935855
C3,RandomForestRegressor,Test,38,172.9329485
C3,RandomForestRegressor,Test,571,120.1222125
C3,RandomForestRegressor,Test,256,20.9792795
C3,RandomForestRegressor,Test,496,0.497833667
C3,RandomForestRegressor,Test,601,10.62507483
C3,RandomForestRegressor,Test,173,9.011066333
C3,RandomForestRegressor,Test,212,15.74421788
C3,RandomForestRegressor,Test,311,148.47319
C3,RandomForestRegressor,Test,249,29.985294
C3,RandomForestRegressor,Test,131,13.55392282
C3,RandomForestRegressor,Test,647,11.6574695
C3,RandomForestRegressor,Test,579,200.1518892
C3,RandomForestRegressor,Test,239,6.834040112
C3,RandomForestRegressor,Test,171,6.660353667
C3,RandomForestRegressor,Test,244,17.17356
C3,RandomForestRegressor,Test,334,8.332627097
C3,RandomForestRegressor,Test,89,18.26960461
C3,RandomForestRegressor,Test,137,3.719681303
C3,RandomForestRegressor,Test,107,15.33927267
C3,RandomForestRegressor,Test,376,121.0436562
C3,RandomForestRegressor,Test,91,9.681664167
C3,RandomForestRegressor,Test,25,185.6558233
C3,RandomForestRegressor,Test,319,9.590503667
C3,RandomForestRegressor,Test,72,14.8663075
C3,RandomForestRegressor,Test,164,2.317790333
C3,RandomForestRegressor,Test,49,93.50988817
C3,RandomForestRegressor,Test,395,164.4032228
C3,RandomForestRegressor,Test,650,157.216487
C3,RandomForestRegressor,Test,149,7.681432444
C3,RandomForestRegressor,Test,242,20.969553
C3,RandomForestRegressor,Test,429,4.270410167
C3,RandomForestRegressor,Test,166,2.8892445
C3,RandomForestRegressor,Test,515,0.207131167
C3,RandomForestRegressor,Test,271,13.483077
C3,RandomForestRegressor,Test,292,245.0883333
C3,RandomForestRegressor,Test,491,0.060755833
C3,RandomForestRegressor,Test,100,16.93646967
C3,RandomForestRegressor,Test,39,181.9880417
C3,RandomForestRegressor,Test,145,7.432126
C3,RandomForestRegressor,Test,549,2.926214667
C3,RandomForestRegressor,Test,227,128.5345833
C3,RandomForestRegressor,Test,615,29.881249
C3,RandomForestRegressor,Test,502,0.316321
C3,RandomForestRegressor,Test,420,0.504181667
C3,RandomForestRegressor,Test,476,2.320774167
C3,RandomForestRegressor,Test,372,155.0316552
C3,RandomForestRegressor,Test,151,7.851160611
C3,RandomForestRegressor,Test,68,60.863108
C3,RandomForestRegressor,Test,556,24.55471117
C3,SVR_RBF,Train,424,3.304352103
C3,SVR_RBF,Train,146,7.317117752
C3,SVR_RBF,Train,93,11.63176906
C3,SVR_RBF,Train,323,9.534643949
C3,SVR_RBF,Train,539,0.424983617
C3,SVR_RBF,Train,99,11.57223176
C3,SVR_RBF,Train,92,5.583496289
C3,SVR_RBF,Train,28,156.7796054
C3,SVR_RBF,Train,258,38.33052201
C3,SVR_RBF,Train,632,187.4746154
C3,SVR_RBF,Train,366,11.83919015
C3,SVR_RBF,Train,150,7.350386994
C3,SVR_RBF,Train,572,120.9239449
C3,SVR_RBF,Train,638,208.697303
C3,SVR_RBF,Train,421,2.041621129
C3,SVR_RBF,Train,27,163.9666952
C3,SVR_RBF,Train,50,83.0256489
C3,SVR_RBF,Train,286,19.8441734
C3,SVR_RBF,Train,213,45.27862656
C3,SVR_RBF,Train,445,1.372488497
C3,SVR_RBF,Train,252,28.49147199
C3,SVR_RBF,Train,85,13.84702995
C3,SVR_RBF,Train,461,0.627344022
C3,SVR_RBF,Train,455,0.089285571
C3,SVR_RBF,Train,375,157.464052
C3,SVR_RBF,Train,210,84.43647723
C3,SVR_RBF,Train,290,11.99994557
C3,SVR_RBF,Train,15,186.2438555
C3,SVR_RBF,Train,535,1.590119171
C3,SVR_RBF,Train,596,4.687472709
C3,SVR_RBF,Train,514,0.159420031
C3,SVR_RBF,Train,651,168.8782583
C3,SVR_RBF,Train,62,52.91411991
C3,SVR_RBF,Train,58,70.84497985
C3,SVR_RBF,Train,78,60.97752276
C3,SVR_RBF,Train,274,19.77656896
C3,SVR_RBF,Train,418,1.767887187
C3,SVR_RBF,Train,522,1.596368283
C3,SVR_RBF,Train,516,0.244592548
C3,SVR_RBF,Train,633,193.8897594
C3,SVR_RBF,Train,656,11.95224865
C3,SVR_RBF,Train,431,0.043663129
C3,SVR_RBF,Train,51,38.87675891
C3,SVR_RBF,Train,497,0.740070542
C3,SVR_RBF,Train,425,3.895007434
C3,SVR_RBF,Train,331,8.800256926
C3,SVR_RBF,Train,413,2.371155528
C3,SVR_RBF,Train,109,20.8070694
C3,SVR_RBF,Train,42,182.4973041
C3,SVR_RBF,Train,75,55.05384868
C3,SVR_RBF,Train,432,0.079281123
C3,SVR_RBF,Train,626,118.7406451
C3,SVR_RBF,Train,480,0.187809034
C3,SVR_RBF,Train,222,58.36845074
C3,SVR_RBF,Train,442,1.158463113
C3,SVR_RBF,Train,460,0.505137344
C3,SVR_RBF,Train,21,106.1923435
C3,SVR_RBF,Train,55,75.63208208
C3,SVR_RBF,Train,291,236.2329821
C3,SVR_RBF,Train,217,63.49720543
C3,SVR_RBF,Train,392,259.1582116
C3,SVR_RBF,Train,544,1.99189904
C3,SVR_RBF,Train,203,120.8007572
C3,SVR_RBF,Train,305,201.9053286
C3,SVR_RBF,Train,664,8.305413879
C3,SVR_RBF,Train,558,18.73794536
C3,SVR_RBF,Train,113,1.10021501
C3,SVR_RBF,Train,188,30.84351225
C3,SVR_RBF,Train,220,56.54677424
C3,SVR_RBF,Train,80,65.14509857
C3,SVR_RBF,Train,383,62.87740131
C3,SVR_RBF,Train,41,187.0832638
C3,SVR_RBF,Train,654,11.53635453
C3,SVR_RBF,Train,548,3.203687409
C3,SVR_RBF,Train,484,0.501083707
C3,SVR_RBF,Train,17,197.7059149
C3,SVR_RBF,Train,123,6.819198211
C3,SVR_RBF,Train,132,10.901651
C3,SVR_RBF,Train,341,4.197751944
C3,SVR_RBF,Train,511,0.855282137
C3,SVR_RBF,Train,482,0.270602065
C3,SVR_RBF,Train,48,84.69080308
C3,SVR_RBF,Train,349,8.947513454
C3,SVR_RBF,Train,494,0.182519286
C3,SVR_RBF,Train,304,198.8998982
C3,SVR_RBF,Train,525,1.42771484
C3,SVR_RBF,Train,308,174.9004844
C3,SVR_RBF,Train,4,130.6105643
C3,SVR_RBF,Train,437,0.96863262
C3,SVR_RBF,Train,531,0.707675584
C3,SVR_RBF,Train,165,2.212525529
C3,SVR_RBF,Train,474,2.644470219
C3,SVR_RBF,Train,409,0.899048233
C3,SVR_RBF,Train,627,124.4152979
C3,SVR_RBF,Train,567,118.8571795
C3,SVR_RBF,Train,280,25.54287088
C3,SVR_RBF,Train,82,66.58767657
C3,SVR_RBF,Train,605,21.62353441
C3,SVR_RBF,Train,350,9.154465542
C3,SVR_RBF,Train,470,1.542480712
C3,SVR_RBF,Train,446,1.580065347
C3,SVR_RBF,Train,541,0.648215147
C3,SVR_RBF,Train,96,14.29562729
C3,SVR_RBF,Train,444,1.266118995
C3,SVR_RBF,Train,154,70.10842651
C3,SVR_RBF,Train,582,201.6140602
C3,SVR_RBF,Train,140,7.316348734
C3,SVR_RBF,Train,125,7.438686593
C3,SVR_RBF,Train,60,39.62709752
C3,SVR_RBF,Train,52,44.91982777
C3,SVR_RBF,Train,560,19.1620198
C3,SVR_RBF,Train,225,73.9307243
C3,SVR_RBF,Train,287,18.63317703
C3,SVR_RBF,Train,403,228.0761852
C3,SVR_RBF,Train,158,71.25201291
C3,SVR_RBF,Train,389,79.50020495
C3,SVR_RBF,Train,250,33.71275699
C3,SVR_RBF,Train,361,8.464373328
C3,SVR_RBF,Train,234,20.84748009
C3,SVR_RBF,Train,457,0.150598693
C3,SVR_RBF,Train,66,61.72224474
C3,SVR_RBF,Train,523,1.59207475
C3,SVR_RBF,Train,639,-0.484371255
C3,SVR_RBF,Train,390,239.5102938
C3,SVR_RBF,Train,369,14.64755251
C3,SVR_RBF,Train,360,10.05089602
C3,SVR_RBF,Train,215,48.29784065
C3,SVR_RBF,Train,98,11.71176706
C3,SVR_RBF,Train,207,38.15827127
C3,SVR_RBF,Train,464,0.48691463
C3,SVR_RBF,Train,208,43.27980697
C3,SVR_RBF,Train,538,0.350012459
C3,SVR_RBF,Train,276,16.36026313
C3,SVR_RBF,Train,264,28.09972789
C3,SVR_RBF,Train,214,46.28391178
C3,SVR_RBF,Train,169,5.912294584
C3,SVR_RBF,Train,668,12.02244207
C3,SVR_RBF,Train,284,18.9903965
C3,SVR_RBF,Train,168,4.43298333
C3,SVR_RBF,Train,293,249.099988
C3,SVR_RBF,Train,448,2.300574219
C3,SVR_RBF,Train,599,20.34979202
C3,SVR_RBF,Train,232,34.08347742
C3,SVR_RBF,Train,559,18.95027051
C3,SVR_RBF,Train,593,4.266765296
C3,SVR_RBF,Train,373,200.2039242
C3,SVR_RBF,Train,411,1.526653546
C3,SVR_RBF,Train,667,10.74599598
C3,SVR_RBF,Train,64,64.96669273
C3,SVR_RBF,Train,126,8.182235625
C3,SVR_RBF,Train,170,6.221224408
C3,SVR_RBF,Train,156,70.42044319
C3,SVR_RBF,Train,32,118.8212025
C3,SVR_RBF,Train,554,23.61879317
C3,SVR_RBF,Train,310,148.2167402
C3,SVR_RBF,Train,555,23.894108
C3,SVR_RBF,Train,566,118.4224721
C3,SVR_RBF,Train,9,198.2860266
C3,SVR_RBF,Train,648,28.6235388
C3,SVR_RBF,Train,610,183.5188115
C3,SVR_RBF,Train,139,7.316329853
C3,SVR_RBF,Train,306,199.3560502
C3,SVR_RBF,Train,428,4.481242327
C3,SVR_RBF,Train,551,22.78967931
C3,SVR_RBF,Train,53,56.87534823
C3,SVR_RBF,Train,393,225.9391275
C3,SVR_RBF,Train,338,0.28705535
C3,SVR_RBF,Train,595,4.546280543
C3,SVR_RBF,Train,381,209.1372526
C3,SVR_RBF,Train,607,182.8061877
C3,SVR_RBF,Train,71,43.75545647
C3,SVR_RBF,Train,320,9.483060771
C3,SVR_RBF,Train,313,110.1002158
C3,SVR_RBF,Train,451,2.898596399
C3,SVR_RBF,Train,530,0.328203437
C3,SVR_RBF,Train,162,2.101796399
C3,SVR_RBF,Train,144,7.316476895
C3,SVR_RBF,Train,65,64.60710219
C3,SVR_RBF,Train,513,0.73399911
C3,SVR_RBF,Train,590,3.855427909
C3,SVR_RBF,Train,167,2.648714612
C3,SVR_RBF,Train,153,7.43872547
C3,SVR_RBF,Train,67,57.41473893
C3,SVR_RBF,Train,10,189.3864008
C3,SVR_RBF,Train,576,194.2516166
C3,SVR_RBF,Train,422,2.311929801
C3,SVR_RBF,Train,309,153.1762509
C3,SVR_RBF,Train,348,8.87703947
C3,SVR_RBF,Train,563,19.79313316
C3,SVR_RBF,Train,653,180.8945045
C3,SVR_RBF,Train,585,203.8885491
C3,SVR_RBF,Train,471,1.847261141
C3,SVR_RBF,Train,180,11.01508249
C3,SVR_RBF,Train,611,183.7311275
C3,SVR_RBF,Train,103,16.758918
C3,SVR_RBF,Train,472,2.118098056
C3,SVR_RBF,Train,467,1.259388464
C3,SVR_RBF,Train,54,69.17127226
C3,SVR_RBF,Train,506,0.330026651
C3,SVR_RBF,Train,175,13.36033094
C3,SVR_RBF,Train,469,1.381795571
C3,SVR_RBF,Train,594,4.406027882
C3,SVR_RBF,Train,606,182.5436503
C3,SVR_RBF,Train,136,2.512361033
C3,SVR_RBF,Train,500,0.778247437
C3,SVR_RBF,Train,528,0.020508023
C3,SVR_RBF,Train,356,10.99894229
C3,SVR_RBF,Train,101,9.726486855
C3,SVR_RBF,Train,176,10.40054277
C3,SVR_RBF,Train,407,0.736989009
C3,SVR_RBF,Train,508,0.725053329
C3,SVR_RBF,Train,277,17.55270413
C3,SVR_RBF,Train,439,0.912846388
C3,SVR_RBF,Train,316,9.149895951
C3,SVR_RBF,Train,486,0.705818159
C3,SVR_RBF,Train,110,13.98724138
C3,SVR_RBF,Train,44,41.48026323
C3,SVR_RBF,Train,452,2.63502311
C3,SVR_RBF,Train,241,32.76371267
C3,SVR_RBF,Train,195,108.8707256
C3,SVR_RBF,Train,182,32.82537768
C3,SVR_RBF,Train,351,9.288349452
C3,SVR_RBF,Train,385,266.7913488
C3,SVR_RBF,Train,296,199.2279087
C3,SVR_RBF,Train,478,0.16269191
C3,SVR_RBF,Train,399,206.5593985
C3,SVR_RBF,Train,155,70.21244074
C3,SVR_RBF,Train,299,159.9001624
C3,SVR_RBF,Train,56,77.045401
C3,SVR_RBF,Train,11,125.2242228
C3,SVR_RBF,Train,178,27.73608097
C3,SVR_RBF,Train,603,21.20239433
C3,SVR_RBF,Train,663,8.087148105
C3,SVR_RBF,Train,5,140.8689104
C3,SVR_RBF,Train,263,28.59837551
C3,SVR_RBF,Train,300,145.77546
C3,SVR_RBF,Train,669,5.436589666
C3,SVR_RBF,Train,315,98.84177093
C3,SVR_RBF,Train,518,0.496438728
C3,SVR_RBF,Train,216,53.34934614
C3,SVR_RBF,Train,22,114.8994629
C3,SVR_RBF,Train,397,201.7206749
C3,SVR_RBF,Train,609,183.2938388
C3,SVR_RBF,Train,121,13.92961472
C3,SVR_RBF,Train,628,129.9281977
C3,SVR_RBF,Train,177,15.9992646
C3,SVR_RBF,Train,61,44.32688877
C3,SVR_RBF,Train,501,0.978927081
C3,SVR_RBF,Train,243,27.66875373
C3,SVR_RBF,Train,260,32.68138172
C3,SVR_RBF,Train,504,0.158496164
C3,SVR_RBF,Train,649,155.9612657
C3,SVR_RBF,Train,127,9.823077027
C3,SVR_RBF,Train,510,0.994777542
C3,SVR_RBF,Train,69,75.78665306
C3,SVR_RBF,Train,303,193.0976838
C3,SVR_RBF,Train,285,19.90430643
C3,SVR_RBF,Train,194,70.77815007
C3,SVR_RBF,Train,415,2.916863482
C3,SVR_RBF,Train,253,26.72867428
C3,SVR_RBF,Train,507,0.543189313
C3,SVR_RBF,Train,197,30.24725447
C3,SVR_RBF,Train,84,7.003086468
C3,SVR_RBF,Train,495,0.361945165
C3,SVR_RBF,Train,540,0.499706895
C3,SVR_RBF,Train,337,-0.585180013
C3,SVR_RBF,Train,406,0.682962219
C3,SVR_RBF,Train,161,73.11908626
C3,SVR_RBF,Train,6,165.4410431
C3,SVR_RBF,Train,624,107.0422233
C3,SVR_RBF,Train,382,139.7293079
C3,SVR_RBF,Train,569,119.7055691
C3,SVR_RBF,Train,172,7.491528055
C3,SVR_RBF,Train,660,17.92974648
C3,SVR_RBF,Train,666,9.415239645
C3,SVR_RBF,Train,488,0.554287958
C3,SVR_RBF,Train,191,34.0590598
C3,SVR_RBF,Train,379,255.5331087
C3,SVR_RBF,Train,545,2.601889382
C3,SVR_RBF,Train,218,93.73231531
C3,SVR_RBF,Train,416,2.80710194
C3,SVR_RBF,Train,288,16.50054767
C3,SVR_RBF,Train,187,67.00631183
C3,SVR_RBF,Train,163,2.104972242
C3,SVR_RBF,Train,543,1.494064044
C3,SVR_RBF,Train,124,7.088449533
C3,SVR_RBF,Train,463,0.551344383
C3,SVR_RBF,Train,157,70.6284067
C3,SVR_RBF,Train,236,-0.100287884
C3,SVR_RBF,Train,129,13.57409231
C3,SVR_RBF,Train,134,4.896845747
C3,SVR_RBF,Train,570,120.1190298
C3,SVR_RBF,Train,616,26.04529604
C3,SVR_RBF,Train,634,185.5114116
C3,SVR_RBF,Train,13,138.8810171
C3,SVR_RBF,Train,245,25.49298859
C3,SVR_RBF,Train,347,15.98022657
C3,SVR_RBF,Train,7,186.5937705
C3,SVR_RBF,Train,332,8.450146995
C3,SVR_RBF,Train,196,29.30368844
C3,SVR_RBF,Train,330,9.157167754
C3,SVR_RBF,Train,365,3.593023869
C3,SVR_RBF,Train,433,0.149836305
C3,SVR_RBF,Train,489,0.819084941
C3,SVR_RBF,Train,363,5.140315104
C3,SVR_RBF,Train,70,66.58983562
C3,SVR_RBF,Train,499,0.88883881
C3,SVR_RBF,Train,36,167.8575721
C3,SVR_RBF,Train,211,131.9027889
C3,SVR_RBF,Train,118,13.40542793
C3,SVR_RBF,Train,619,2.162598059
C3,SVR_RBF,Train,179,47.4036815
C3,SVR_RBF,Train,573,121.3151905
C3,SVR_RBF,Train,86,18.19636006
C3,SVR_RBF,Train,661,13.20613566
C3,SVR_RBF,Train,79,63.08836252
C3,SVR_RBF,Train,143,7.316414948
C3,SVR_RBF,Train,524,1.358200061
C3,SVR_RBF,Train,380,249.0343739
C3,SVR_RBF,Train,423,2.830894239
C3,SVR_RBF,Train,357,13.27017998
C3,SVR_RBF,Train,184,23.70271892
C3,SVR_RBF,Train,352,9.482379274
C3,SVR_RBF,Train,492,0.051217704
C3,SVR_RBF,Train,152,7.40135942
C3,SVR_RBF,Train,73,2.100277364
C3,SVR_RBF,Train,289,14.02899098
C3,SVR_RBF,Train,16,197.0547806
C3,SVR_RBF,Train,273,16.2831884
C3,SVR_RBF,Train,542,0.940163875
C3,SVR_RBF,Train,487,0.659161907
C3,SVR_RBF,Train,629,166.6424393
C3,SVR_RBF,Train,261,30.96787273
C3,SVR_RBF,Train,122,13.98724138
C3,SVR_RBF,Train,335,-1.017486551
C3,SVR_RBF,Train,417,2.88136089
C3,SVR_RBF,Train,578,194.8292357
C3,SVR_RBF,Train,587,204.7072416
C3,SVR_RBF,Train,414,2.695173041
C3,SVR_RBF,Train,251,30.09646156
C3,SVR_RBF,Train,662,9.320011018
C3,SVR_RBF,Train,235,10.13479487
C3,SVR_RBF,Train,374,192.7040195
C3,SVR_RBF,Train,326,8.583492374
C3,SVR_RBF,Train,281,30.03436395
C3,SVR_RBF,Train,620,6.72293642
C3,SVR_RBF,Train,90,20.20867345
C3,SVR_RBF,Train,419,1.836475773
C3,SVR_RBF,Train,453,2.683865161
C3,SVR_RBF,Train,592,4.128543646
C3,SVR_RBF,Train,479,0.17505426
C3,SVR_RBF,Train,562,19.58351826
C3,SVR_RBF,Train,618,34.03671552
C3,SVR_RBF,Train,133,7.438686593
C3,SVR_RBF,Train,483,0.388446632
C3,SVR_RBF,Train,391,261.1554001
C3,SVR_RBF,Train,18,191.3332704
C3,SVR_RBF,Train,396,200.4551283
C3,SVR_RBF,Train,355,10.1923727
C3,SVR_RBF,Train,636,197.687384
C3,SVR_RBF,Train,547,3.329282465
C3,SVR_RBF,Train,204,34.08347742
C3,SVR_RBF,Train,468,1.300299067
C3,SVR_RBF,Train,561,19.3731249
C3,SVR_RBF,Train,183,56.80678782
C3,SVR_RBF,Train,159,71.87508616
C3,SVR_RBF,Train,117,13.09886744
C3,SVR_RBF,Train,394,161.928758
C3,SVR_RBF,Train,527,-0.032013736
C3,SVR_RBF,Train,371,7.491507564
C3,SVR_RBF,Train,333,8.42109868
C3,SVR_RBF,Train,45,56.9919473
C3,SVR_RBF,Train,327,8.812368842
C3,SVR_RBF,Train,536,1.286533656
C3,SVR_RBF,Train,671,5.379504821
C3,SVR_RBF,Train,623,21.00754706
C3,SVR_RBF,Train,221,57.45720106
C3,SVR_RBF,Train,512,0.595168345
C3,SVR_RBF,Train,206,36.11808781
C3,SVR_RBF,Train,612,183.930725
C3,SVR_RBF,Train,466,1.218419768
C3,SVR_RBF,Train,346,13.47913278
C3,SVR_RBF,Train,233,29.52046972
C3,SVR_RBF,Train,532,1.036337922
C3,SVR_RBF,Train,370,10.76941358
C3,SVR_RBF,Train,475,2.760942579
C3,SVR_RBF,Train,87,20.26732179
C3,SVR_RBF,Train,534,1.615908347
C3,SVR_RBF,Train,302,131.580405
C3,SVR_RBF,Train,665,8.746664917
C3,SVR_RBF,Train,314,104.4569474
C3,SVR_RBF,Train,219,139.7870379
C3,SVR_RBF,Train,537,1.293559291
C3,SVR_RBF,Train,142,7.316369201
C3,SVR_RBF,Train,388,159.8717165
C3,SVR_RBF,Train,465,0.983243643
C3,SVR_RBF,Train,588,205.0964506
C3,SVR_RBF,Train,108,16.84879128
C3,SVR_RBF,Train,40,186.230096
C3,SVR_RBF,Train,14,166.0210133
C3,SVR_RBF,Train,322,9.517030851
C3,SVR_RBF,Train,438,1.057515116
C3,SVR_RBF,Train,622,16.17352812
C3,SVR_RBF,Train,440,0.654813749
C3,SVR_RBF,Train,384,242.936094
C3,SVR_RBF,Train,185,30.5928807
C3,SVR_RBF,Train,192,38.10468287
C3,SVR_RBF,Train,105,16.30124791
C3,SVR_RBF,Train,223,60.19319326
C3,SVR_RBF,Train,581,195.5955371
C3,SVR_RBF,Train,30,182.4973041
C3,SVR_RBF,Train,262,29.08957874
C3,SVR_RBF,Train,116,12.77567397
C3,SVR_RBF,Train,550,22.51251558
C3,SVR_RBF,Train,401,214.2278783
C3,SVR_RBF,Train,34,160.4198692
C3,SVR_RBF,Train,269,12.8147095
C3,SVR_RBF,Train,257,38.15827127
C3,SVR_RBF,Train,408,0.791042213
C3,SVR_RBF,Train,43,35.90322144
C3,SVR_RBF,Train,517,0.329366803
C3,SVR_RBF,Train,247,24.56963597
C3,SVR_RBF,Train,529,0.124657178
C3,SVR_RBF,Train,97,12.72039234
C3,SVR_RBF,Train,655,11.74416842
C3,SVR_RBF,Train,584,203.4592757
C3,SVR_RBF,Train,462,0.664482217
C3,SVR_RBF,Train,637,203.3552964
C3,SVR_RBF,Train,557,24.44268505
C3,SVR_RBF,Train,443,1.212430733
C3,SVR_RBF,Train,640,2.169181105
C3,SVR_RBF,Train,301,138.6699245
C3,SVR_RBF,Train,398,204.4016648
C3,SVR_RBF,Train,377,31.91329569
C3,SVR_RBF,Train,297,193.1712417
C3,SVR_RBF,Train,230,28.30981582
C3,SVR_RBF,Train,201,47.43121899
C3,SVR_RBF,Train,454,0.0688333
C3,SVR_RBF,Train,589,205.4721005
C3,SVR_RBF,Train,378,235.3396133
C3,SVR_RBF,Train,186,44.6321608
C3,SVR_RBF,Train,456,0.109752616
C3,SVR_RBF,Train,254,26.26727216
C3,SVR_RBF,Train,498,0.87010643
C3,SVR_RBF,Train,614,18.32763045
C3,SVR_RBF,Train,564,20.00190376
C3,SVR_RBF,Train,386,265.084591
C3,SVR_RBF,Train,459,0.38065234
C3,SVR_RBF,Train,295,225.0997213
C3,SVR_RBF,Train,450,2.897141305
C3,SVR_RBF,Train,339,1.762155598
C3,SVR_RBF,Train,23,136.0021865
C3,SVR_RBF,Train,345,10.99894229
C3,SVR_RBF,Train,342,4.675381645
C3,SVR_RBF,Train,102,14.41483842
C3,SVR_RBF,Train,658,13.62607654
C3,SVR_RBF,Train,266,12.20770197
C3,SVR_RBF,Train,202,76.21512077
C3,SVR_RBF,Train,33,74.89963314
C3,SVR_RBF,Train,672,5.326724019
C3,SVR_RBF,Train,577,194.5470508
C3,SVR_RBF,Train,112,0.987479105
C3,SVR_RBF,Train,94,14.98899674
C3,SVR_RBF,Train,47,78.77435477
C3,SVR_RBF,Train,26,168.990685
C3,SVR_RBF,Train,552,23.06649996
C3,SVR_RBF,Train,317,9.351155651
C3,SVR_RBF,Train,128,11.63386317
C3,SVR_RBF,Train,198,31.19232041
C3,SVR_RBF,Train,354,10.0083245
C3,SVR_RBF,Train,37,172.7481352
C3,SVR_RBF,Train,193,46.25951334
C3,SVR_RBF,Train,88,20.63461582
C3,SVR_RBF,Train,275,15.65713689
C3,SVR_RBF,Train,111,6.163478086
C3,SVR_RBF,Train,268,12.46802028
C3,SVR_RBF,Train,267,12.3316963
C3,SVR_RBF,Train,20,105.5004631
C3,SVR_RBF,Train,312,121.3651622
C3,SVR_RBF,Train,3,128.3694283
C3,SVR_RBF,Train,402,218.5857808
C3,SVR_RBF,Train,344,8.543446614
C3,SVR_RBF,Train,644,6.68731266
C3,SVR_RBF,Train,120,13.8683046
C3,SVR_RBF,Train,359,11.35813285
C3,SVR_RBF,Train,364,3.966432197
C3,SVR_RBF,Train,83,3.377700477
C3,SVR_RBF,Train,519,0.812437229
C3,SVR_RBF,Train,231,33.54419626
C3,SVR_RBF,Train,141,7.316356015
C3,SVR_RBF,Train,410,1.113440496
C3,SVR_RBF,Train,279,21.22105131
C3,SVR_RBF,Train,228,11.2353456
C3,SVR_RBF,Train,224,64.76549617
C3,SVR_RBF,Train,95,15.53738947
C3,SVR_RBF,Train,248,35.10005464
C3,SVR_RBF,Train,31,161.1002831
C3,SVR_RBF,Train,81,66.46377867
C3,SVR_RBF,Train,568,119.2849158
C3,SVR_RBF,Train,553,23.34289765
C3,SVR_RBF,Train,449,2.679781506
C3,SVR_RBF,Train,387,228.9534466
C3,SVR_RBF,Train,174,9.45884679
C3,SVR_RBF,Train,630,173.8102363
C3,SVR_RBF,Train,240,34.30682769
C3,SVR_RBF,Train,358,12.37718317
C3,SVR_RBF,Train,19,175.2770668
C3,SVR_RBF,Train,645,12.02958755
C3,SVR_RBF,Train,189,31.64545531
C3,SVR_RBF,Train,643,10.72794702
C3,SVR_RBF,Train,63,60.74969914
C3,SVR_RBF,Train,205,35.10005464
C3,SVR_RBF,Train,325,8.900073632
C3,SVR_RBF,Train,329,9.299788822
C3,SVR_RBF,Train,368,15.11764962
C3,SVR_RBF,Train,321,9.499874056
C3,SVR_RBF,Train,565,20.20976509
C3,SVR_RBF,Train,77,58.64622715
C3,SVR_RBF,Train,674,5.06923324
C3,SVR_RBF,Train,190,32.44872711
C3,SVR_RBF,Train,546,3.024208727
C3,SVR_RBF,Train,580,195.353551
C3,SVR_RBF,Train,328,9.149895951
C3,SVR_RBF,Train,343,6.116403349
C3,SVR_RBF,Train,324,9.543659793
C3,SVR_RBF,Train,35,163.6023569
C3,SVR_RBF,Train,657,12.57805396
C3,SVR_RBF,Train,400,209.229178
C3,SVR_RBF,Train,298,173.6868844
C3,SVR_RBF,Train,509,0.916254633
C3,SVR_RBF,Train,426,4.313559696
C3,SVR_RBF,Train,119,13.6936247
C3,SVR_RBF,Train,642,7.792561727
C3,SVR_RBF,Train,74,54.02956308
C3,SVR_RBF,Train,602,20.99043488
C3,SVR_RBF,Train,574,193.6213287
C3,SVR_RBF,Train,106,15.47430566
C3,SVR_RBF,Test,458,0.231055324
C3,SVR_RBF,Test,641,4.933822925
C3,SVR_RBF,Test,318,9.40098827
C3,SVR_RBF,Test,436,0.750678077
C3,SVR_RBF,Test,283,17.62323991
C3,SVR_RBF,Test,24,155.5296107
C3,SVR_RBF,Test,473,2.438926657
C3,SVR_RBF,Test,29,172.8800825
C3,SVR_RBF,Test,282,16.51115966
C3,SVR_RBF,Test,362,6.745700629
C3,SVR_RBF,Test,104,17.09330695
C3,SVR_RBF,Test,617,30.01832084
C3,SVR_RBF,Test,229,20.0640344
C3,SVR_RBF,Test,404,250.3003527
C3,SVR_RBF,Test,209,53.58623359
C3,SVR_RBF,Test,613,184.1175457
C3,SVR_RBF,Test,621,11.40254824
C3,SVR_RBF,Test,604,21.41344918
C3,SVR_RBF,Test,659,14.68000063
C3,SVR_RBF,Test,600,20.56406655
C3,SVR_RBF,Test,670,5.407510119
C3,SVR_RBF,Test,526,-0.084775392
C3,SVR_RBF,Test,115,12.51820337
C3,SVR_RBF,Test,635,191.7274738
C3,SVR_RBF,Test,434,0.287209356
C3,SVR_RBF,Test,59,65.19172115
C3,SVR_RBF,Test,503,0.129528865
C3,SVR_RBF,Test,631,180.7681496
C3,SVR_RBF,Test,270,13.54204839
C3,SVR_RBF,Test,259,36.56818685
C3,SVR_RBF,Test,625,112.9380435
C3,SVR_RBF,Test,367,12.61409304
C3,SVR_RBF,Test,336,-0.873672998
C3,SVR_RBF,Test,226,101.0794196
C3,SVR_RBF,Test,477,3.195808278
C3,SVR_RBF,Test,181,18.13168456
C3,SVR_RBF,Test,427,4.628087204
C3,SVR_RBF,Test,294,242.0399391
C3,SVR_RBF,Test,8,198.1270604
C3,SVR_RBF,Test,238,-10.89236302
C3,SVR_RBF,Test,533,1.407651502
C3,SVR_RBF,Test,586,204.3045733
C3,SVR_RBF,Test,160,72.49748955
C3,SVR_RBF,Test,505,0.216251053
C3,SVR_RBF,Test,272,14.93451755
C3,SVR_RBF,Test,12,125.6732084
C3,SVR_RBF,Test,598,20.13488151
C3,SVR_RBF,Test,138,7.316318686
C3,SVR_RBF,Test,652,175.0173335
C3,SVR_RBF,Test,485,0.634950648
C3,SVR_RBF,Test,646,17.4880285
C3,SVR_RBF,Test,583,203.0168631
C3,SVR_RBF,Test,200,37.84488729
C3,SVR_RBF,Test,237,-7.596796719
C3,SVR_RBF,Test,591,3.991414061
C3,SVR_RBF,Test,265,27.59427375
C3,SVR_RBF,Test,76,56.75720132
C3,SVR_RBF,Test,57,74.89968832
C3,SVR_RBF,Test,307,190.467251
C3,SVR_RBF,Test,46,69.23200707
C3,SVR_RBF,Test,447,1.966286836
C3,SVR_RBF,Test,481,0.214352624
C3,SVR_RBF,Test,597,4.829554127
C3,SVR_RBF,Test,520,1.090702216
C3,SVR_RBF,Test,148,7.325276301
C3,SVR_RBF,Test,412,1.903854218
C3,SVR_RBF,Test,246,25.03451231
C3,SVR_RBF,Test,255,25.79875249
C3,SVR_RBF,Test,575,193.9430143
C3,SVR_RBF,Test,114,12.33822146
C3,SVR_RBF,Test,441,0.843324886
C3,SVR_RBF,Test,405,266.7913488
C3,SVR_RBF,Test,278,19.26516308
C3,SVR_RBF,Test,430,0.007868722
C3,SVR_RBF,Test,490,0.009590818
C3,SVR_RBF,Test,608,183.0562746
C3,SVR_RBF,Test,199,33.08671968
C3,SVR_RBF,Test,353,9.727135477
C3,SVR_RBF,Test,673,5.213687503
C3,SVR_RBF,Test,135,0.280450282
C3,SVR_RBF,Test,130,15.60627885
C3,SVR_RBF,Test,147,7.319003291
C3,SVR_RBF,Test,340,3.959461839
C3,SVR_RBF,Test,493,0.094114015
C3,SVR_RBF,Test,521,1.411062006
C3,SVR_RBF,Test,435,0.539653464
C3,SVR_RBF,Test,38,177.9784262
C3,SVR_RBF,Test,571,120.5251902
C3,SVR_RBF,Test,256,25.32373108
C3,SVR_RBF,Test,496,0.531567928
C3,SVR_RBF,Test,601,20.7776367
C3,SVR_RBF,Test,173,8.469732192
C3,SVR_RBF,Test,212,44.27454356
C3,SVR_RBF,Test,311,132.4281975
C3,SVR_RBF,Test,249,35.310652
C3,SVR_RBF,Test,131,12.99885731
C3,SVR_RBF,Test,647,23.03026272
C3,SVR_RBF,Test,579,195.0980938
C3,SVR_RBF,Test,239,34.08347742
C3,SVR_RBF,Test,171,6.534010305
C3,SVR_RBF,Test,244,25.94445635
C3,SVR_RBF,Test,334,9.065152831
C3,SVR_RBF,Test,89,20.37271413
C3,SVR_RBF,Test,137,22.65917641
C3,SVR_RBF,Test,107,15.4954989
C3,SVR_RBF,Test,376,97.13362506
C3,SVR_RBF,Test,91,1.615109838
C3,SVR_RBF,Test,25,165.7842721
C3,SVR_RBF,Test,319,9.450069054
C3,SVR_RBF,Test,72,18.25617056
C3,SVR_RBF,Test,164,2.11771551
C3,SVR_RBF,Test,49,85.32468108
C3,SVR_RBF,Test,395,85.97957366
C3,SVR_RBF,Test,650,162.5136157
C3,SVR_RBF,Test,149,7.334721661
C3,SVR_RBF,Test,242,29.23757069
C3,SVR_RBF,Test,429,4.405780243
C3,SVR_RBF,Test,166,2.390363884
C3,SVR_RBF,Test,515,0.202035387
C3,SVR_RBF,Test,271,14.23755898
C3,SVR_RBF,Test,292,246.6976176
C3,SVR_RBF,Test,491,0.030226438
C3,SVR_RBF,Test,100,6.895887915
C3,SVR_RBF,Test,39,182.8266259
C3,SVR_RBF,Test,145,7.316790934
C3,SVR_RBF,Test,549,3.23197546
C3,SVR_RBF,Test,227,141.9099876
C3,SVR_RBF,Test,615,22.14078965
C3,SVR_RBF,Test,502,0.100551961
C3,SVR_RBF,Test,420,1.904993307
C3,SVR_RBF,Test,476,2.771437639
C3,SVR_RBF,Test,372,187.1463403
C3,SVR_RBF,Test,151,7.367642359
C3,SVR_RBF,Test,68,54.00858199
C3,SVR_RBF,Test,556,24.16876431
C3,ExtraTreesRegressor,Train,424,4.0661
C3,ExtraTreesRegressor,Train,146,7.4684
C3,ExtraTreesRegressor,Train,93,15.107
C3,ExtraTreesRegressor,Train,323,9.5
C3,ExtraTreesRegressor,Train,539,0.0157
C3,ExtraTreesRegressor,Train,99,10.9416
C3,ExtraTreesRegressor,Train,92,5.6837
C3,ExtraTreesRegressor,Train,28,192.4421
C3,ExtraTreesRegressor,Train,258,62
C3,ExtraTreesRegressor,Train,632,190.4977
C3,ExtraTreesRegressor,Train,366,11.7391
C3,ExtraTreesRegressor,Train,150,7.8279
C3,ExtraTreesRegressor,Train,572,121.0705
C3,ExtraTreesRegressor,Train,638,208.5973
C3,ExtraTreesRegressor,Train,421,1.8843
C3,ExtraTreesRegressor,Train,27,188.2349
C3,ExtraTreesRegressor,Train,50,99.7175
C3,ExtraTreesRegressor,Train,286,16
C3,ExtraTreesRegressor,Train,213,16.70280457
C3,ExtraTreesRegressor,Train,445,1.4355
C3,ExtraTreesRegressor,Train,252,31
C3,ExtraTreesRegressor,Train,85,7.7779
C3,ExtraTreesRegressor,Train,461,0.5271
C3,ExtraTreesRegressor,Train,455,0.0117
C3,ExtraTreesRegressor,Train,375,137.4459
C3,ExtraTreesRegressor,Train,210,132.1477
C3,ExtraTreesRegressor,Train,290,11.9
C3,ExtraTreesRegressor,Train,15,186.1441
C3,ExtraTreesRegressor,Train,535,1.1538
C3,ExtraTreesRegressor,Train,596,4.6697
C3,ExtraTreesRegressor,Train,514,0.0991
C3,ExtraTreesRegressor,Train,651,168.7782
C3,ExtraTreesRegressor,Train,62,67.104
C3,ExtraTreesRegressor,Train,58,70.945
C3,ExtraTreesRegressor,Train,78,62.2973
C3,ExtraTreesRegressor,Train,274,16.7407
C3,ExtraTreesRegressor,Train,418,0.0232
C3,ExtraTreesRegressor,Train,522,1.1411
C3,ExtraTreesRegressor,Train,516,0.3443
C3,ExtraTreesRegressor,Train,633,193.6651
C3,ExtraTreesRegressor,Train,656,9.8231
C3,ExtraTreesRegressor,Train,431,0.1437
C3,ExtraTreesRegressor,Train,51,36.1086
C3,ExtraTreesRegressor,Train,497,0.7317
C3,ExtraTreesRegressor,Train,425,4.3637
C3,ExtraTreesRegressor,Train,331,8.9
C3,ExtraTreesRegressor,Train,413,2.5006
C3,ExtraTreesRegressor,Train,109,15
C3,ExtraTreesRegressor,Train,42,182.6244
C3,ExtraTreesRegressor,Train,75,54.9536
C3,ExtraTreesRegressor,Train,432,0.1875
C3,ExtraTreesRegressor,Train,626,123.9819
C3,ExtraTreesRegressor,Train,480,0.1562
C3,ExtraTreesRegressor,Train,222,31.25079543
C3,ExtraTreesRegressor,Train,442,0.0274
C3,ExtraTreesRegressor,Train,460,0.4651
C3,ExtraTreesRegressor,Train,21,106.0925
C3,ExtraTreesRegressor,Train,55,75.5317
C3,ExtraTreesRegressor,Train,291,250
C3,ExtraTreesRegressor,Train,217,110.3519
C3,ExtraTreesRegressor,Train,392,258.758
C3,ExtraTreesRegressor,Train,544,2.5785
C3,ExtraTreesRegressor,Train,203,128.8589
C3,ExtraTreesRegressor,Train,305,199
C3,ExtraTreesRegressor,Train,664,8.0733
C3,ExtraTreesRegressor,Train,558,14.9253
C3,ExtraTreesRegressor,Train,113,1
C3,ExtraTreesRegressor,Train,188,10.9334779
C3,ExtraTreesRegressor,Train,220,10.8544
C3,ExtraTreesRegressor,Train,80,64.4519
C3,ExtraTreesRegressor,Train,383,50.8758
C3,ExtraTreesRegressor,Train,41,187.5173
C3,ExtraTreesRegressor,Train,654,2.3164
C3,ExtraTreesRegressor,Train,548,3.3721
C3,ExtraTreesRegressor,Train,484,0.4688
C3,ExtraTreesRegressor,Train,17,182.9271
C3,ExtraTreesRegressor,Train,123,1.9281
C3,ExtraTreesRegressor,Train,132,10.8016
C3,ExtraTreesRegressor,Train,341,1.9465
C3,ExtraTreesRegressor,Train,511,1.0309
C3,ExtraTreesRegressor,Train,482,0.2813
C3,ExtraTreesRegressor,Train,48,107.2474
C3,ExtraTreesRegressor,Train,349,8.6133
C3,ExtraTreesRegressor,Train,494,0.1951
C3,ExtraTreesRegressor,Train,304,199
C3,ExtraTreesRegressor,Train,525,1.3279
C3,ExtraTreesRegressor,Train,308,175
C3,ExtraTreesRegressor,Train,4,100.6216
C3,ExtraTreesRegressor,Train,437,0.625
C3,ExtraTreesRegressor,Train,531,0.7582
C3,ExtraTreesRegressor,Train,165,2.4016
C3,ExtraTreesRegressor,Train,474,2.6613
C3,ExtraTreesRegressor,Train,409,0.9991
C3,ExtraTreesRegressor,Train,627,126.6968
C3,ExtraTreesRegressor,Train,567,110.5493
C3,ExtraTreesRegressor,Train,280,29.322
C3,ExtraTreesRegressor,Train,82,59.9138
C3,ExtraTreesRegressor,Train,605,11.3206
C3,ExtraTreesRegressor,Train,350,9.2547
C3,ExtraTreesRegressor,Train,470,1.9355
C3,ExtraTreesRegressor,Train,446,1.68
C3,ExtraTreesRegressor,Train,541,0.3471
C3,ExtraTreesRegressor,Train,96,18.5037
C3,ExtraTreesRegressor,Train,444,1.392
C3,ExtraTreesRegressor,Train,154,21.2041
C3,ExtraTreesRegressor,Train,582,194.643
C3,ExtraTreesRegressor,Train,140,5.2675
C3,ExtraTreesRegressor,Train,125,7.91885
C3,ExtraTreesRegressor,Train,60,32.1593
C3,ExtraTreesRegressor,Train,52,44.2483
C3,ExtraTreesRegressor,Train,560,18.6576
C3,ExtraTreesRegressor,Train,225,116.4338
C3,ExtraTreesRegressor,Train,287,15
C3,ExtraTreesRegressor,Train,403,239.2408
C3,ExtraTreesRegressor,Train,158,85.5833
C3,ExtraTreesRegressor,Train,389,58.658
C3,ExtraTreesRegressor,Train,250,35
C3,ExtraTreesRegressor,Train,361,7.7554
C3,ExtraTreesRegressor,Train,234,0
C3,ExtraTreesRegressor,Train,457,0.124
C3,ExtraTreesRegressor,Train,66,60.1467
C3,ExtraTreesRegressor,Train,523,1.2087
C3,ExtraTreesRegressor,Train,639,3.6199
C3,ExtraTreesRegressor,Train,390,239.6104
C3,ExtraTreesRegressor,Train,369,11.7391
C3,ExtraTreesRegressor,Train,360,9.5371
C3,ExtraTreesRegressor,Train,215,63.7857
C3,ExtraTreesRegressor,Train,98,11.6115
C3,ExtraTreesRegressor,Train,207,60.2602
C3,ExtraTreesRegressor,Train,464,0.6822
C3,ExtraTreesRegressor,Train,208,64.3514
C3,ExtraTreesRegressor,Train,538,0.0122
C3,ExtraTreesRegressor,Train,276,21.2415
C3,ExtraTreesRegressor,Train,264,28
C3,ExtraTreesRegressor,Train,214,31.25079543
C3,ExtraTreesRegressor,Train,169,5.6234
C3,ExtraTreesRegressor,Train,668,11.9228
C3,ExtraTreesRegressor,Train,284,16.1
C3,ExtraTreesRegressor,Train,168,3.4065
C3,ExtraTreesRegressor,Train,293,249
C3,ExtraTreesRegressor,Train,448,2.4127
C3,ExtraTreesRegressor,Train,599,9.4379
C3,ExtraTreesRegressor,Train,232,5.4272
C3,ExtraTreesRegressor,Train,559,18.6567
C3,ExtraTreesRegressor,Train,593,4.2261
C3,ExtraTreesRegressor,Train,373,153.8961
C3,ExtraTreesRegressor,Train,411,1.8375
C3,ExtraTreesRegressor,Train,667,11.2467
C3,ExtraTreesRegressor,Train,64,62.9539
C3,ExtraTreesRegressor,Train,126,8.924
C3,ExtraTreesRegressor,Train,170,6.1214
C3,ExtraTreesRegressor,Train,156,57.1515
C3,ExtraTreesRegressor,Train,32,130
C3,ExtraTreesRegressor,Train,554,23.5187
C3,ExtraTreesRegressor,Train,310,160
C3,ExtraTreesRegressor,Train,555,24.7525
C3,ExtraTreesRegressor,Train,566,97.2533
C3,ExtraTreesRegressor,Train,9,198.1857
C3,ExtraTreesRegressor,Train,648,11.7647
C3,ExtraTreesRegressor,Train,610,190.2757
C3,ExtraTreesRegressor,Train,139,4.6607
C3,ExtraTreesRegressor,Train,306,199
C3,ExtraTreesRegressor,Train,428,4.562
C3,ExtraTreesRegressor,Train,551,21.0396
C3,ExtraTreesRegressor,Train,53,66.997
C3,ExtraTreesRegressor,Train,393,231.8182
C3,ExtraTreesRegressor,Train,338,0.1872
C3,ExtraTreesRegressor,Train,595,4.6602
C3,ExtraTreesRegressor,Train,381,203.2466
C3,ExtraTreesRegressor,Train,607,188.4733
C3,ExtraTreesRegressor,Train,71,12
C3,ExtraTreesRegressor,Train,320,9.6
C3,ExtraTreesRegressor,Train,313,110
C3,ExtraTreesRegressor,Train,451,2.784
C3,ExtraTreesRegressor,Train,530,0.5275
C3,ExtraTreesRegressor,Train,162,1.7279
C3,ExtraTreesRegressor,Train,144,7.4757
C3,ExtraTreesRegressor,Train,65,64.5069
C3,ExtraTreesRegressor,Train,513,1.0911
C3,ExtraTreesRegressor,Train,590,3.9695
C3,ExtraTreesRegressor,Train,167,3.4122
C3,ExtraTreesRegressor,Train,153,8.2082
C3,ExtraTreesRegressor,Train,67,58.7044
C3,ExtraTreesRegressor,Train,10,189.6709
C3,ExtraTreesRegressor,Train,576,194.3514
C3,ExtraTreesRegressor,Train,422,2.4793
C3,ExtraTreesRegressor,Train,309,170
C3,ExtraTreesRegressor,Train,348,8.0216
C3,ExtraTreesRegressor,Train,563,19.9014
C3,ExtraTreesRegressor,Train,653,178.2805
C3,ExtraTreesRegressor,Train,585,204.3982
C3,ExtraTreesRegressor,Train,471,2.3226
C3,ExtraTreesRegressor,Train,180,52.7921
C3,ExtraTreesRegressor,Train,611,190.3014
C3,ExtraTreesRegressor,Train,103,15.0427
C3,ExtraTreesRegressor,Train,472,2.5161
C3,ExtraTreesRegressor,Train,467,0.4355
C3,ExtraTreesRegressor,Train,54,69.8308
C3,ExtraTreesRegressor,Train,506,0.4892
C3,ExtraTreesRegressor,Train,175,9.6674
C3,ExtraTreesRegressor,Train,469,1.6452
C3,ExtraTreesRegressor,Train,594,4.5061
C3,ExtraTreesRegressor,Train,606,182.4439
C3,ExtraTreesRegressor,Train,136,2.4124
C3,ExtraTreesRegressor,Train,500,0.8782
C3,ExtraTreesRegressor,Train,528,-0.0329
C3,ExtraTreesRegressor,Train,356,10.63005
C3,ExtraTreesRegressor,Train,101,8.3687
C3,ExtraTreesRegressor,Train,176,3.9349
C3,ExtraTreesRegressor,Train,407,0.1875
C3,ExtraTreesRegressor,Train,508,0.7214
C3,ExtraTreesRegressor,Train,277,25.3552
C3,ExtraTreesRegressor,Train,439,0.8125
C3,ExtraTreesRegressor,Train,316,9.4
C3,ExtraTreesRegressor,Train,486,0.5937
C3,ExtraTreesRegressor,Train,110,12.04355
C3,ExtraTreesRegressor,Train,44,55.2411
C3,ExtraTreesRegressor,Train,452,2.832
C3,ExtraTreesRegressor,Train,241,18
C3,ExtraTreesRegressor,Train,195,98.0734
C3,ExtraTreesRegressor,Train,182,40.2656
C3,ExtraTreesRegressor,Train,351,9.76
C3,ExtraTreesRegressor,Train,385,266.4502
C3,ExtraTreesRegressor,Train,296,210
C3,ExtraTreesRegressor,Train,478,0.0625
C3,ExtraTreesRegressor,Train,399,206.4592
C3,ExtraTreesRegressor,Train,155,42.7149
C3,ExtraTreesRegressor,Train,299,160
C3,ExtraTreesRegressor,Train,56,71.4614
C3,ExtraTreesRegressor,Train,11,55.825
C3,ExtraTreesRegressor,Train,178,32.7076
C3,ExtraTreesRegressor,Train,603,10.7927
C3,ExtraTreesRegressor,Train,663,3.9662
C3,ExtraTreesRegressor,Train,5,178.1616
C3,ExtraTreesRegressor,Train,263,36
C3,ExtraTreesRegressor,Train,300,115
C3,ExtraTreesRegressor,Train,669,4.6774
C3,ExtraTreesRegressor,Train,315,0
C3,ExtraTreesRegressor,Train,518,0.541
C3,ExtraTreesRegressor,Train,216,75.6454
C3,ExtraTreesRegressor,Train,22,169.1834
C3,ExtraTreesRegressor,Train,397,178.0901
C3,ExtraTreesRegressor,Train,609,190.1513
C3,ExtraTreesRegressor,Train,121,14.8143
C3,ExtraTreesRegressor,Train,628,128.5068
C3,ExtraTreesRegressor,Train,177,15.8993
C3,ExtraTreesRegressor,Train,61,45.1337
C3,ExtraTreesRegressor,Train,501,0.8787
C3,ExtraTreesRegressor,Train,243,17
C3,ExtraTreesRegressor,Train,260,55
C3,ExtraTreesRegressor,Train,504,0.3351
C3,ExtraTreesRegressor,Train,649,145.2489
C3,ExtraTreesRegressor,Train,127,9.7231
C3,ExtraTreesRegressor,Train,510,0.9325
C3,ExtraTreesRegressor,Train,69,90
C3,ExtraTreesRegressor,Train,303,200
C3,ExtraTreesRegressor,Train,285,16.1
C3,ExtraTreesRegressor,Train,194,88.3651
C3,ExtraTreesRegressor,Train,415,2.6875
C3,ExtraTreesRegressor,Train,253,26
C3,ExtraTreesRegressor,Train,507,0.6363
C3,ExtraTreesRegressor,Train,197,16.74903076
C3,ExtraTreesRegressor,Train,84,12.411
C3,ExtraTreesRegressor,Train,495,0.439
C3,ExtraTreesRegressor,Train,540,0.2479
C3,ExtraTreesRegressor,Train,337,0.1123
C3,ExtraTreesRegressor,Train,406,0.0568
C3,ExtraTreesRegressor,Train,161,95.3006
C3,ExtraTreesRegressor,Train,6,196.9007
C3,ExtraTreesRegressor,Train,624,113.5747
C3,ExtraTreesRegressor,Train,382,176.4069
C3,ExtraTreesRegressor,Train,569,117.0022
C3,ExtraTreesRegressor,Train,172,8.9135
C3,ExtraTreesRegressor,Train,660,19.09
C3,ExtraTreesRegressor,Train,666,11.2
C3,ExtraTreesRegressor,Train,488,0.6875
C3,ExtraTreesRegressor,Train,191,50.0692
C3,ExtraTreesRegressor,Train,379,256.0606
C3,ExtraTreesRegressor,Train,545,2.9256
C3,ExtraTreesRegressor,Train,218,140.1645
C3,ExtraTreesRegressor,Train,416,2.75
C3,ExtraTreesRegressor,Train,288,14.5
C3,ExtraTreesRegressor,Train,187,67.1065
C3,ExtraTreesRegressor,Train,163,2.005
C3,ExtraTreesRegressor,Train,543,2.033
C3,ExtraTreesRegressor,Train,124,4.7621
C3,ExtraTreesRegressor,Train,463,0.6518
C3,ExtraTreesRegressor,Train,157,70.5282
C3,ExtraTreesRegressor,Train,236,0
C3,ExtraTreesRegressor,Train,129,11.7748
C3,ExtraTreesRegressor,Train,134,4.7968
C3,ExtraTreesRegressor,Train,570,120.2191
C3,ExtraTreesRegressor,Train,616,32.1267
C3,ExtraTreesRegressor,Train,634,177.3756
C3,ExtraTreesRegressor,Train,13,164.5415
C3,ExtraTreesRegressor,Train,245,15.5
C3,ExtraTreesRegressor,Train,347,12.5401
C3,ExtraTreesRegressor,Train,7,203.5289
C3,ExtraTreesRegressor,Train,332,8.8
C3,ExtraTreesRegressor,Train,196,10.9334779
C3,ExtraTreesRegressor,Train,330,9
C3,ExtraTreesRegressor,Train,365,3.4934
C3,ExtraTreesRegressor,Train,433,0.25
C3,ExtraTreesRegressor,Train,489,0.7188
C3,ExtraTreesRegressor,Train,363,5.2402
C3,ExtraTreesRegressor,Train,70,30
C3,ExtraTreesRegressor,Train,499,0.878
C3,ExtraTreesRegressor,Train,36,171.4973
C3,ExtraTreesRegressor,Train,211,143.58
C3,ExtraTreesRegressor,Train,118,11.7251
C3,ExtraTreesRegressor,Train,619,2.2624
C3,ExtraTreesRegressor,Train,179,47.5037
C3,ExtraTreesRegressor,Train,573,120.9294
C3,ExtraTreesRegressor,Train,86,12.286
C3,ExtraTreesRegressor,Train,661,12.93
C3,ExtraTreesRegressor,Train,79,62.9884
C3,ExtraTreesRegressor,Train,143,7.4165
C3,ExtraTreesRegressor,Train,524,1.2789
C3,ExtraTreesRegressor,Train,380,249.1342
C3,ExtraTreesRegressor,Train,423,3.4215
C3,ExtraTreesRegressor,Train,357,13.1703
C3,ExtraTreesRegressor,Train,184,3.8774
C3,ExtraTreesRegressor,Train,352,10.1342
C3,ExtraTreesRegressor,Train,492,-0.0488
C3,ExtraTreesRegressor,Train,152,8.0988
C3,ExtraTreesRegressor,Train,73,2
C3,ExtraTreesRegressor,Train,289,14.2
C3,ExtraTreesRegressor,Train,16,187.171
C3,ExtraTreesRegressor,Train,273,16.5508
C3,ExtraTreesRegressor,Train,542,1.0405
C3,ExtraTreesRegressor,Train,487,0.6573
C3,ExtraTreesRegressor,Train,629,162.4434
C3,ExtraTreesRegressor,Train,261,48
C3,ExtraTreesRegressor,Train,122,12.04355
C3,ExtraTreesRegressor,Train,335,0.1123
C3,ExtraTreesRegressor,Train,417,2.7813
C3,ExtraTreesRegressor,Train,578,199.8271
C3,ExtraTreesRegressor,Train,587,207.3981
C3,ExtraTreesRegressor,Train,414,2.5938
C3,ExtraTreesRegressor,Train,251,34
C3,ExtraTreesRegressor,Train,662,9.42
C3,ExtraTreesRegressor,Train,235,0
C3,ExtraTreesRegressor,Train,374,151.0303
C3,ExtraTreesRegressor,Train,326,8.6
C3,ExtraTreesRegressor,Train,281,30.1344
C3,ExtraTreesRegressor,Train,620,4.0724
C3,ExtraTreesRegressor,Train,90,20.1088
C3,ExtraTreesRegressor,Train,419,0.2975
C3,ExtraTreesRegressor,Train,453,2.7841
C3,ExtraTreesRegressor,Train,592,3.7292
C3,ExtraTreesRegressor,Train,479,0.0833
C3,ExtraTreesRegressor,Train,562,19.9007
C3,ExtraTreesRegressor,Train,618,33.9367
C3,ExtraTreesRegressor,Train,133,7.91885
C3,ExtraTreesRegressor,Train,483,0.4379
C3,ExtraTreesRegressor,Train,391,261.2554
C3,ExtraTreesRegressor,Train,18,180.7351
C3,ExtraTreesRegressor,Train,396,160.5788
C3,ExtraTreesRegressor,Train,355,10.9333
C3,ExtraTreesRegressor,Train,636,202.2624
C3,ExtraTreesRegressor,Train,547,3.3719
C3,ExtraTreesRegressor,Train,204,5.4272
C3,ExtraTreesRegressor,Train,468,1.1613
C3,ExtraTreesRegressor,Train,561,19.9005
C3,ExtraTreesRegressor,Train,183,56.7066
C3,ExtraTreesRegressor,Train,159,90.713
C3,ExtraTreesRegressor,Train,117,13.7027
C3,ExtraTreesRegressor,Train,394,179.8701
C3,ExtraTreesRegressor,Train,527,-0.1319
C3,ExtraTreesRegressor,Train,371,7.3913
C3,ExtraTreesRegressor,Train,333,8.2
C3,ExtraTreesRegressor,Train,45,77.8966
C3,ExtraTreesRegressor,Train,327,8.9
C3,ExtraTreesRegressor,Train,536,1.1869
C3,ExtraTreesRegressor,Train,671,5.4793
C3,ExtraTreesRegressor,Train,623,4.9773
C3,ExtraTreesRegressor,Train,221,16.70280457
C3,ExtraTreesRegressor,Train,512,1.0682
C3,ExtraTreesRegressor,Train,206,31.2926
C3,ExtraTreesRegressor,Train,612,190.7779
C3,ExtraTreesRegressor,Train,466,0.2074
C3,ExtraTreesRegressor,Train,346,11.1176
C3,ExtraTreesRegressor,Train,233,0
C3,ExtraTreesRegressor,Train,532,0.9231
C3,ExtraTreesRegressor,Train,370,10.8696
C3,ExtraTreesRegressor,Train,475,2.6613
C3,ExtraTreesRegressor,Train,87,17.4132
C3,ExtraTreesRegressor,Train,534,1.088
C3,ExtraTreesRegressor,Train,302,0
C3,ExtraTreesRegressor,Train,665,9.5675
C3,ExtraTreesRegressor,Train,314,80
C3,ExtraTreesRegressor,Train,219,144.8177
C3,ExtraTreesRegressor,Train,537,1.1935
C3,ExtraTreesRegressor,Train,142,6.9943
C3,ExtraTreesRegressor,Train,388,191.9913
C3,ExtraTreesRegressor,Train,465,0.6823
C3,ExtraTreesRegressor,Train,588,208.3905
C3,ExtraTreesRegressor,Train,108,16.7484
C3,ExtraTreesRegressor,Train,40,187.7603
C3,ExtraTreesRegressor,Train,14,175.7096
C3,ExtraTreesRegressor,Train,322,9.6
C3,ExtraTreesRegressor,Train,438,0.7813
C3,ExtraTreesRegressor,Train,622,4.5249
C3,ExtraTreesRegressor,Train,440,0.8125
C3,ExtraTreesRegressor,Train,384,246.5368
C3,ExtraTreesRegressor,Train,185,19.2773
C3,ExtraTreesRegressor,Train,192,60.0842
C3,ExtraTreesRegressor,Train,105,13.9905
C3,ExtraTreesRegressor,Train,223,60.2934
C3,ExtraTreesRegressor,Train,581,202.7626
C3,ExtraTreesRegressor,Train,30,182.6244
C3,ExtraTreesRegressor,Train,262,43
C3,ExtraTreesRegressor,Train,116,12.2315
C3,ExtraTreesRegressor,Train,550,18.5644
C3,ExtraTreesRegressor,Train,401,222.5413
C3,ExtraTreesRegressor,Train,34,143.7129
C3,ExtraTreesRegressor,Train,269,14.1204
C3,ExtraTreesRegressor,Train,257,60.2602
C3,ExtraTreesRegressor,Train,408,0.525
C3,ExtraTreesRegressor,Train,43,35.8031
C3,ExtraTreesRegressor,Train,517,0.4426
C3,ExtraTreesRegressor,Train,247,11
C3,ExtraTreesRegressor,Train,529,0.3956
C3,ExtraTreesRegressor,Train,97,12.9034
C3,ExtraTreesRegressor,Train,655,5.0188
C3,ExtraTreesRegressor,Train,584,203.5592
C3,ExtraTreesRegressor,Train,462,0.6512
C3,ExtraTreesRegressor,Train,637,206.7873
C3,ExtraTreesRegressor,Train,557,24.7571
C3,ExtraTreesRegressor,Train,443,1.008
C3,ExtraTreesRegressor,Train,640,5.4298
C3,ExtraTreesRegressor,Train,301,99
C3,ExtraTreesRegressor,Train,398,189.0305
C3,ExtraTreesRegressor,Train,377,31.8134
C3,ExtraTreesRegressor,Train,297,205
C3,ExtraTreesRegressor,Train,230,0
C3,ExtraTreesRegressor,Train,201,88.117
C3,ExtraTreesRegressor,Train,454,-0.0311
C3,ExtraTreesRegressor,Train,589,209.3641
C3,ExtraTreesRegressor,Train,378,235.2814
C3,ExtraTreesRegressor,Train,186,46.1627
C3,ExtraTreesRegressor,Train,456,0.0318
C3,ExtraTreesRegressor,Train,254,22
C3,ExtraTreesRegressor,Train,498,0.7805
C3,ExtraTreesRegressor,Train,614,28.5068
C3,ExtraTreesRegressor,Train,564,19.9019
C3,ExtraTreesRegressor,Train,386,265.5844
C3,ExtraTreesRegressor,Train,459,0.3721
C3,ExtraTreesRegressor,Train,295,225
C3,ExtraTreesRegressor,Train,450,2.74
C3,ExtraTreesRegressor,Train,339,0.1497
C3,ExtraTreesRegressor,Train,23,185.6084
C3,ExtraTreesRegressor,Train,345,10.63005
C3,ExtraTreesRegressor,Train,342,3.5187
C3,ExtraTreesRegressor,Train,102,14.3145
C3,ExtraTreesRegressor,Train,658,13.7265
C3,ExtraTreesRegressor,Train,266,9.2885
C3,ExtraTreesRegressor,Train,202,105.5386
C3,ExtraTreesRegressor,Train,33,75
C3,ExtraTreesRegressor,Train,672,7.9032
C3,ExtraTreesRegressor,Train,577,199.826
C3,ExtraTreesRegressor,Train,112,2
C3,ExtraTreesRegressor,Train,94,12.6758
C3,ExtraTreesRegressor,Train,47,100.5808
C3,ExtraTreesRegressor,Train,26,184.3807
C3,ExtraTreesRegressor,Train,552,21.0401
C3,ExtraTreesRegressor,Train,317,9.7
C3,ExtraTreesRegressor,Train,128,10.5788
C3,ExtraTreesRegressor,Train,198,31.12549133
C3,ExtraTreesRegressor,Train,354,10.8798
C3,ExtraTreesRegressor,Train,37,175.4161
C3,ExtraTreesRegressor,Train,193,82.2821
C3,ExtraTreesRegressor,Train,88,17.5699
C3,ExtraTreesRegressor,Train,275,15.5572
C3,ExtraTreesRegressor,Train,111,5
C3,ExtraTreesRegressor,Train,268,12.5684
C3,ExtraTreesRegressor,Train,267,11.5498
C3,ExtraTreesRegressor,Train,20,37.4042
C3,ExtraTreesRegressor,Train,312,148
C3,ExtraTreesRegressor,Train,3,45.9523
C3,ExtraTreesRegressor,Train,402,229.0834
C3,ExtraTreesRegressor,Train,344,8.8717
C3,ExtraTreesRegressor,Train,644,6.7873
C3,ExtraTreesRegressor,Train,120,12.3402
C3,ExtraTreesRegressor,Train,359,11.4585
C3,ExtraTreesRegressor,Train,364,4.7511
C3,ExtraTreesRegressor,Train,83,4.2137
C3,ExtraTreesRegressor,Train,519,0.7869
C3,ExtraTreesRegressor,Train,231,0
C3,ExtraTreesRegressor,Train,141,6.4234
C3,ExtraTreesRegressor,Train,410,1.375
C3,ExtraTreesRegressor,Train,279,28.4955
C3,ExtraTreesRegressor,Train,228,0
C3,ExtraTreesRegressor,Train,224,79.7532
C3,ExtraTreesRegressor,Train,95,19.3671
C3,ExtraTreesRegressor,Train,248,25.8305
C3,ExtraTreesRegressor,Train,31,145
C3,ExtraTreesRegressor,Train,81,56.3548
C3,ExtraTreesRegressor,Train,568,114.8951
C3,ExtraTreesRegressor,Train,553,23.5149
C3,ExtraTreesRegressor,Train,449,2.736
C3,ExtraTreesRegressor,Train,387,240.4761
C3,ExtraTreesRegressor,Train,174,9.5591
C3,ExtraTreesRegressor,Train,630,175.1131
C3,ExtraTreesRegressor,Train,240,18
C3,ExtraTreesRegressor,Train,358,13.9039
C3,ExtraTreesRegressor,Train,19,182.1148
C3,ExtraTreesRegressor,Train,645,8.5973
C3,ExtraTreesRegressor,Train,189,16.74903076
C3,ExtraTreesRegressor,Train,643,8.5973
C3,ExtraTreesRegressor,Train,63,73.8302
C3,ExtraTreesRegressor,Train,205,25.8305
C3,ExtraTreesRegressor,Train,325,8.8
C3,ExtraTreesRegressor,Train,329,9.2
C3,ExtraTreesRegressor,Train,368,15.2174
C3,ExtraTreesRegressor,Train,321,9.6
C3,ExtraTreesRegressor,Train,565,19.9022
C3,ExtraTreesRegressor,Train,77,62.9884
C3,ExtraTreesRegressor,Train,674,4.8387
C3,ExtraTreesRegressor,Train,190,31.12549133
C3,ExtraTreesRegressor,Train,546,3.124
C3,ExtraTreesRegressor,Train,580,201.6556
C3,ExtraTreesRegressor,Train,328,9.4
C3,ExtraTreesRegressor,Train,343,6.4011
C3,ExtraTreesRegressor,Train,324,8
C3,ExtraTreesRegressor,Train,35,163.7025
C3,ExtraTreesRegressor,Train,657,12.7399
C3,ExtraTreesRegressor,Train,400,213.0824
C3,ExtraTreesRegressor,Train,298,198
C3,ExtraTreesRegressor,Train,509,0.8453
C3,ExtraTreesRegressor,Train,426,4.4132
C3,ExtraTreesRegressor,Train,119,13.7934
C3,ExtraTreesRegressor,Train,642,7.6923
C3,ExtraTreesRegressor,Train,74,53.0534
C3,ExtraTreesRegressor,Train,602,10.7843
C3,ExtraTreesRegressor,Train,574,177.8478
C3,ExtraTreesRegressor,Train,106,15.3742
C3,ExtraTreesRegressor,Test,458,0.295160429
C3,ExtraTreesRegressor,Test,641,6.868557714
C3,ExtraTreesRegressor,Test,318,9.661714286
C3,ExtraTreesRegressor,Test,436,0.622760143
C3,ExtraTreesRegressor,Test,283,16.225316
C3,ExtraTreesRegressor,Test,24,185.4316269
C3,ExtraTreesRegressor,Test,473,2.462807143
C3,ExtraTreesRegressor,Test,29,177.4947257
C3,ExtraTreesRegressor,Test,282,16.52180143
C3,ExtraTreesRegressor,Test,362,6.515765714
C3,ExtraTreesRegressor,Test,104,15.28360457
C3,ExtraTreesRegressor,Test,617,33.130082
C3,ExtraTreesRegressor,Test,229,0
C3,ExtraTreesRegressor,Test,404,248.6086077
C3,ExtraTreesRegressor,Test,209,90.97959857
C3,ExtraTreesRegressor,Test,613,190.5815123
C3,ExtraTreesRegressor,Test,621,4.828061714
C3,ExtraTreesRegressor,Test,604,11.03855057
C3,ExtraTreesRegressor,Test,659,13.68001057
C3,ExtraTreesRegressor,Test,600,10.01940114
C3,ExtraTreesRegressor,Test,670,5.077204429
C3,ExtraTreesRegressor,Test,526,-0.121329429
C3,ExtraTreesRegressor,Test,115,12.50891871
C3,ExtraTreesRegressor,Test,635,188.9650891
C3,ExtraTreesRegressor,Test,434,0.408634571
C3,ExtraTreesRegressor,Test,59,67.48951371
C3,ExtraTreesRegressor,Test,503,0.323718286
C3,ExtraTreesRegressor,Test,631,181.8849089
C3,ExtraTreesRegressor,Test,270,14.585648
C3,ExtraTreesRegressor,Test,259,50.07285714
C3,ExtraTreesRegressor,Test,625,117.7142271
C3,ExtraTreesRegressor,Test,367,14.08953886
C3,ExtraTreesRegressor,Test,336,0.1123
C3,ExtraTreesRegressor,Test,226,129.3952726
C3,ExtraTreesRegressor,Test,477,2.170689714
C3,ExtraTreesRegressor,Test,181,17.42491529
C3,ExtraTreesRegressor,Test,427,4.303625143
C3,ExtraTreesRegressor,Test,294,236.6571429
C3,ExtraTreesRegressor,Test,8,198.7394224
C3,ExtraTreesRegressor,Test,238,0.002857143
C3,ExtraTreesRegressor,Test,533,1.177385
C3,ExtraTreesRegressor,Test,586,205.9238634
C3,ExtraTreesRegressor,Test,160,92.94781657
C3,ExtraTreesRegressor,Test,505,0.391128286
C3,ExtraTreesRegressor,Test,272,15.533504
C3,ExtraTreesRegressor,Test,12,63.05694386
C3,ExtraTreesRegressor,Test,598,9.445739143
C3,ExtraTreesRegressor,Test,138,4.6607
C3,ExtraTreesRegressor,Test,652,173.5293507
C3,ExtraTreesRegressor,Test,485,0.546432286
C3,ExtraTreesRegressor,Test,646,10.223666
C3,ExtraTreesRegressor,Test,583,202.7002953
C3,ExtraTreesRegressor,Test,200,58.19175029
C3,ExtraTreesRegressor,Test,237,0.002857143
C3,ExtraTreesRegressor,Test,591,3.855185857
C3,ExtraTreesRegressor,Test,265,25.20714286
C3,ExtraTreesRegressor,Test,76,58.52334686
C3,ExtraTreesRegressor,Test,57,71.37433957
C3,ExtraTreesRegressor,Test,307,187.0342857
C3,ExtraTreesRegressor,Test,46,44.84510257
C3,ExtraTreesRegressor,Test,447,2.036551286
C3,ExtraTreesRegressor,Test,481,0.201911
C3,ExtraTreesRegressor,Test,597,4.763364143
C3,ExtraTreesRegressor,Test,520,0.862823714
C3,ExtraTreesRegressor,Test,148,7.599874286
C3,ExtraTreesRegressor,Test,412,2.216641286
C3,ExtraTreesRegressor,Test,246,14.35928571
C3,ExtraTreesRegressor,Test,255,21.71714286
C3,ExtraTreesRegressor,Test,575,186.3825189
C3,ExtraTreesRegressor,Test,114,13.09945629
C3,ExtraTreesRegressor,Test,441,1.227722286
C3,ExtraTreesRegressor,Test,405,266.4502
C3,ExtraTreesRegressor,Test,278,18.151696
C3,ExtraTreesRegressor,Test,430,0.135559
C3,ExtraTreesRegressor,Test,490,-0.035661714
C3,ExtraTreesRegressor,Test,608,189.3135059
C3,ExtraTreesRegressor,Test,199,44.82117629
C3,ExtraTreesRegressor,Test,353,10.462264
C3,ExtraTreesRegressor,Test,673,6.854820714
C3,ExtraTreesRegressor,Test,135,3.570537143
C3,ExtraTreesRegressor,Test,130,14.52418957
C3,ExtraTreesRegressor,Test,147,7.515648571
C3,ExtraTreesRegressor,Test,340,1.943879714
C3,ExtraTreesRegressor,Test,493,0.031696143
C3,ExtraTreesRegressor,Test,521,1.004523714
C3,ExtraTreesRegressor,Test,435,0.516824571
C3,ExtraTreesRegressor,Test,38,178.625592
C3,ExtraTreesRegressor,Test,571,120.627772
C3,ExtraTreesRegressor,Test,256,18.53428571
C3,ExtraTreesRegressor,Test,496,0.550937429
C3,ExtraTreesRegressor,Test,601,10.326524
C3,ExtraTreesRegressor,Test,173,9.228921714
C3,ExtraTreesRegressor,Test,212,13.47417886
C3,ExtraTreesRegressor,Test,311,152.9428571
C3,ExtraTreesRegressor,Test,249,29.55193571
C3,ExtraTreesRegressor,Test,131,10.983744
C3,ExtraTreesRegressor,Test,647,10.86877929
C3,ExtraTreesRegressor,Test,579,200.7309014
C3,ExtraTreesRegressor,Test,239,5.4272
C3,ExtraTreesRegressor,Test,171,6.811447571
C3,ExtraTreesRegressor,Test,244,17.88714286
C3,ExtraTreesRegressor,Test,334,8.189987571
C3,ExtraTreesRegressor,Test,89,18.00188243
C3,ExtraTreesRegressor,Test,137,2.4124
C3,ExtraTreesRegressor,Test,107,15.34621843
C3,ExtraTreesRegressor,Test,376,87.35407571
C3,ExtraTreesRegressor,Test,91,6.271666714
C3,ExtraTreesRegressor,Test,25,185.2546131
C3,ExtraTreesRegressor,Test,319,9.624714286
C3,ExtraTreesRegressor,Test,72,6.971428571
C3,ExtraTreesRegressor,Test,164,2.122280286
C3,ExtraTreesRegressor,Test,49,98.36109529
C3,ExtraTreesRegressor,Test,395,170.7546506
C3,ExtraTreesRegressor,Test,650,156.589503
C3,ExtraTreesRegressor,Test,149,7.692317143
C3,ExtraTreesRegressor,Test,242,22.76857143
C3,ExtraTreesRegressor,Test,429,4.190276571
C3,ExtraTreesRegressor,Test,166,2.885244286
C3,ExtraTreesRegressor,Test,515,0.225202857
C3,ExtraTreesRegressor,Test,271,15.064784
C3,ExtraTreesRegressor,Test,292,249.5228571
C3,ExtraTreesRegressor,Test,491,-0.037917571
C3,ExtraTreesRegressor,Test,100,8.939920429
C3,ExtraTreesRegressor,Test,39,183.0166003
C3,ExtraTreesRegressor,Test,145,7.471705857
C3,ExtraTreesRegressor,Test,549,2.835418857
C3,ExtraTreesRegressor,Test,227,137.3973376
C3,ExtraTreesRegressor,Test,615,30.38132186
C3,ExtraTreesRegressor,Test,502,0.310323571
C3,ExtraTreesRegressor,Test,420,0.834391286
C3,ExtraTreesRegressor,Test,476,2.296918
C3,ExtraTreesRegressor,Test,372,156.6726109
C3,ExtraTreesRegressor,Test,151,7.920393
C3,ExtraTreesRegressor,Test,68,58.25995371
C3,ExtraTreesRegressor,Test,556,24.75483286
C3,PyTorch_TabularMLP,Train,424,2.185646057
C3,PyTorch_TabularMLP,Train,146,5.823863983
C3,PyTorch_TabularMLP,Train,93,9.930641174
C3,PyTorch_TabularMLP,Train,323,8.347045898
C3,PyTorch_TabularMLP,Train,539,1.313091278
C3,PyTorch_TabularMLP,Train,99,14.54904938
C3,PyTorch_TabularMLP,Train,92,8.588783264
C3,PyTorch_TabularMLP,Train,28,186.9291077
C3,PyTorch_TabularMLP,Train,258,61.03926468
C3,PyTorch_TabularMLP,Train,632,192.3575439
C3,PyTorch_TabularMLP,Train,366,7.456577301
C3,PyTorch_TabularMLP,Train,150,6.293140411
C3,PyTorch_TabularMLP,Train,572,124.702713
C3,PyTorch_TabularMLP,Train,638,211.0599976
C3,PyTorch_TabularMLP,Train,421,2.213233948
C3,PyTorch_TabularMLP,Train,27,186.0852356
C3,PyTorch_TabularMLP,Train,50,99.10649872
C3,PyTorch_TabularMLP,Train,286,17.46489716
C3,PyTorch_TabularMLP,Train,213,17.65473938
C3,PyTorch_TabularMLP,Train,445,1.744594574
C3,PyTorch_TabularMLP,Train,252,23.75695419
C3,PyTorch_TabularMLP,Train,85,10.18581009
C3,PyTorch_TabularMLP,Train,461,1.964286804
C3,PyTorch_TabularMLP,Train,455,2.170642853
C3,PyTorch_TabularMLP,Train,375,141.9475708
C3,PyTorch_TabularMLP,Train,210,123.9920349
C3,PyTorch_TabularMLP,Train,290,7.620811462
C3,PyTorch_TabularMLP,Train,15,183.8839111
C3,PyTorch_TabularMLP,Train,535,1.330348969
C3,PyTorch_TabularMLP,Train,596,5.018573761
C3,PyTorch_TabularMLP,Train,514,2.158996582
C3,PyTorch_TabularMLP,Train,651,171.3041077
C3,PyTorch_TabularMLP,Train,62,59.66130066
C3,PyTorch_TabularMLP,Train,58,83.28236389
C3,PyTorch_TabularMLP,Train,78,62.10396576
C3,PyTorch_TabularMLP,Train,274,15.32637787
C3,PyTorch_TabularMLP,Train,418,2.561050415
C3,PyTorch_TabularMLP,Train,522,1.020908356
C3,PyTorch_TabularMLP,Train,516,1.081230164
C3,PyTorch_TabularMLP,Train,633,196.8028259
C3,PyTorch_TabularMLP,Train,656,8.627109528
C3,PyTorch_TabularMLP,Train,431,1.904972076
C3,PyTorch_TabularMLP,Train,51,44.71717072
C3,PyTorch_TabularMLP,Train,497,1.066932678
C3,PyTorch_TabularMLP,Train,425,2.182579041
C3,PyTorch_TabularMLP,Train,331,7.182815552
C3,PyTorch_TabularMLP,Train,413,2.232753754
C3,PyTorch_TabularMLP,Train,109,15.18642044
C3,PyTorch_TabularMLP,Train,42,183.1716003
C3,PyTorch_TabularMLP,Train,75,55.10819626
C3,PyTorch_TabularMLP,Train,432,1.836502075
C3,PyTorch_TabularMLP,Train,626,130.1330109
C3,PyTorch_TabularMLP,Train,480,1.128936768
C3,PyTorch_TabularMLP,Train,222,33.25744629
C3,PyTorch_TabularMLP,Train,442,2.631175995
C3,PyTorch_TabularMLP,Train,460,1.969776154
C3,PyTorch_TabularMLP,Train,21,97.73174286
C3,PyTorch_TabularMLP,Train,55,75.46318054
C3,PyTorch_TabularMLP,Train,291,243.1894531
C3,PyTorch_TabularMLP,Train,217,118.4748077
C3,PyTorch_TabularMLP,Train,392,251.9009399
C3,PyTorch_TabularMLP,Train,544,1.204574585
C3,PyTorch_TabularMLP,Train,203,129.4108734
C3,PyTorch_TabularMLP,Train,305,191.6891174
C3,PyTorch_TabularMLP,Train,664,9.220054626
C3,PyTorch_TabularMLP,Train,558,12.15019226
C3,PyTorch_TabularMLP,Train,113,2.955039978
C3,PyTorch_TabularMLP,Train,188,9.056846619
C3,PyTorch_TabularMLP,Train,220,5.742305756
C3,PyTorch_TabularMLP,Train,80,67.96385193
C3,PyTorch_TabularMLP,Train,383,59.77068329
C3,PyTorch_TabularMLP,Train,41,180.0980225
C3,PyTorch_TabularMLP,Train,654,4.156635284
C3,PyTorch_TabularMLP,Train,548,1.470710754
C3,PyTorch_TabularMLP,Train,484,1.088806152
C3,PyTorch_TabularMLP,Train,17,185.4406128
C3,PyTorch_TabularMLP,Train,123,4.971984863
C3,PyTorch_TabularMLP,Train,132,7.649654388
C3,PyTorch_TabularMLP,Train,341,4.253681183
C3,PyTorch_TabularMLP,Train,511,1.067588806
C3,PyTorch_TabularMLP,Train,482,1.096614838
C3,PyTorch_TabularMLP,Train,48,89.0854187
C3,PyTorch_TabularMLP,Train,349,7.091564178
C3,PyTorch_TabularMLP,Train,494,1.076622009
C3,PyTorch_TabularMLP,Train,304,197.7408447
C3,PyTorch_TabularMLP,Train,525,1.762649536
C3,PyTorch_TabularMLP,Train,308,180.7730408
C3,PyTorch_TabularMLP,Train,4,99.20054626
C3,PyTorch_TabularMLP,Train,437,1.725276947
C3,PyTorch_TabularMLP,Train,531,1.188007355
C3,PyTorch_TabularMLP,Train,165,3.297897339
C3,PyTorch_TabularMLP,Train,474,1.908390045
C3,PyTorch_TabularMLP,Train,409,2.264621735
C3,PyTorch_TabularMLP,Train,627,130.3925476
C3,PyTorch_TabularMLP,Train,567,116.1291656
C3,PyTorch_TabularMLP,Train,280,23.39707375
C3,PyTorch_TabularMLP,Train,82,63.18762589
C3,PyTorch_TabularMLP,Train,605,10.24425125
C3,PyTorch_TabularMLP,Train,350,7.488330841
C3,PyTorch_TabularMLP,Train,470,1.945789337
C3,PyTorch_TabularMLP,Train,446,1.705738068
C3,PyTorch_TabularMLP,Train,541,1.217674255
C3,PyTorch_TabularMLP,Train,96,13.03484344
C3,PyTorch_TabularMLP,Train,444,1.786186218
C3,PyTorch_TabularMLP,Train,154,40.72164536
C3,PyTorch_TabularMLP,Train,582,195.5305481
C3,PyTorch_TabularMLP,Train,140,5.56672287
C3,PyTorch_TabularMLP,Train,125,6.499595642
C3,PyTorch_TabularMLP,Train,60,22.75589752
C3,PyTorch_TabularMLP,Train,52,49.02145767
C3,PyTorch_TabularMLP,Train,560,14.31105042
C3,PyTorch_TabularMLP,Train,225,120.537056
C3,PyTorch_TabularMLP,Train,287,15.45177841
C3,PyTorch_TabularMLP,Train,403,223.1517639
C3,PyTorch_TabularMLP,Train,158,91.31441498
C3,PyTorch_TabularMLP,Train,389,64.46002197
C3,PyTorch_TabularMLP,Train,250,29.42242813
C3,PyTorch_TabularMLP,Train,361,6.009540558
C3,PyTorch_TabularMLP,Train,234,4.663127899
C3,PyTorch_TabularMLP,Train,457,2.042255402
C3,PyTorch_TabularMLP,Train,66,65.01113892
C3,PyTorch_TabularMLP,Train,523,1.068096161
C3,PyTorch_TabularMLP,Train,639,3.740314484
C3,PyTorch_TabularMLP,Train,390,254.5476685
C3,PyTorch_TabularMLP,Train,369,10.98642731
C3,PyTorch_TabularMLP,Train,360,8.064239502
C3,PyTorch_TabularMLP,Train,215,60.82505798
C3,PyTorch_TabularMLP,Train,98,14.11710358
C3,PyTorch_TabularMLP,Train,207,57.24575424
C3,PyTorch_TabularMLP,Train,464,2.022823334
C3,PyTorch_TabularMLP,Train,208,82.08348083
C3,PyTorch_TabularMLP,Train,538,2.352947235
C3,PyTorch_TabularMLP,Train,276,12.14323044
C3,PyTorch_TabularMLP,Train,264,31.94828415
C3,PyTorch_TabularMLP,Train,214,32.79006195
C3,PyTorch_TabularMLP,Train,169,8.809341431
C3,PyTorch_TabularMLP,Train,668,10.45000458
C3,PyTorch_TabularMLP,Train,284,16.76347351
C3,PyTorch_TabularMLP,Train,168,3.291877747
C3,PyTorch_TabularMLP,Train,293,236.6039734
C3,PyTorch_TabularMLP,Train,448,1.686206818
C3,PyTorch_TabularMLP,Train,599,8.498214722
C3,PyTorch_TabularMLP,Train,232,6.071247101
C3,PyTorch_TabularMLP,Train,559,13.64606857
C3,PyTorch_TabularMLP,Train,593,4.909507751
C3,PyTorch_TabularMLP,Train,373,155.3186798
C3,PyTorch_TabularMLP,Train,411,2.240951538
C3,PyTorch_TabularMLP,Train,667,10.34919357
C3,PyTorch_TabularMLP,Train,64,65.02846527
C3,PyTorch_TabularMLP,Train,126,7.558174133
C3,PyTorch_TabularMLP,Train,170,9.425941467
C3,PyTorch_TabularMLP,Train,156,55.36294174
C3,PyTorch_TabularMLP,Train,32,131.9438171
C3,PyTorch_TabularMLP,Train,554,22.19315338
C3,PyTorch_TabularMLP,Train,310,147.4341583
C3,PyTorch_TabularMLP,Train,555,22.99267578
C3,PyTorch_TabularMLP,Train,566,106.8469696
C3,PyTorch_TabularMLP,Train,9,188.0128784
C3,PyTorch_TabularMLP,Train,648,12.00370026
C3,PyTorch_TabularMLP,Train,610,186.9442749
C3,PyTorch_TabularMLP,Train,139,5.542011261
C3,PyTorch_TabularMLP,Train,306,187.6549683
C3,PyTorch_TabularMLP,Train,428,2.147567749
C3,PyTorch_TabularMLP,Train,551,19.33867645
C3,PyTorch_TabularMLP,Train,53,58.9667511
C3,PyTorch_TabularMLP,Train,393,230.9266968
C3,PyTorch_TabularMLP,Train,338,2.368370056
C3,PyTorch_TabularMLP,Train,595,4.993671417
C3,PyTorch_TabularMLP,Train,381,198.4824524
C3,PyTorch_TabularMLP,Train,607,188.4728699
C3,PyTorch_TabularMLP,Train,71,9.849720001
C3,PyTorch_TabularMLP,Train,320,8.798900604
C3,PyTorch_TabularMLP,Train,313,113.7661133
C3,PyTorch_TabularMLP,Train,451,1.683673859
C3,PyTorch_TabularMLP,Train,530,1.187648773
C3,PyTorch_TabularMLP,Train,162,3.344337463
C3,PyTorch_TabularMLP,Train,144,5.634536743
C3,PyTorch_TabularMLP,Train,65,65.10787201
C3,PyTorch_TabularMLP,Train,513,1.762184143
C3,PyTorch_TabularMLP,Train,590,4.694377899
C3,PyTorch_TabularMLP,Train,167,3.293231964
C3,PyTorch_TabularMLP,Train,153,6.557670593
C3,PyTorch_TabularMLP,Train,67,64.36133575
C3,PyTorch_TabularMLP,Train,10,189.0961609
C3,PyTorch_TabularMLP,Train,576,196.5968018
C3,PyTorch_TabularMLP,Train,422,2.196353912
C3,PyTorch_TabularMLP,Train,309,163.5285034
C3,PyTorch_TabularMLP,Train,348,6.942947388
C3,PyTorch_TabularMLP,Train,563,15.973423
C3,PyTorch_TabularMLP,Train,653,178.375946
C3,PyTorch_TabularMLP,Train,585,206.5224915
C3,PyTorch_TabularMLP,Train,471,1.932872772
C3,PyTorch_TabularMLP,Train,180,9.44770813
C3,PyTorch_TabularMLP,Train,611,186.340332
C3,PyTorch_TabularMLP,Train,103,12.21536255
C3,PyTorch_TabularMLP,Train,472,1.923873901
C3,PyTorch_TabularMLP,Train,467,2.10654068
C3,PyTorch_TabularMLP,Train,54,73.54760742
C3,PyTorch_TabularMLP,Train,506,1.000812531
C3,PyTorch_TabularMLP,Train,175,12.78063583
C3,PyTorch_TabularMLP,Train,469,1.989452362
C3,PyTorch_TabularMLP,Train,594,4.949028015
C3,PyTorch_TabularMLP,Train,606,188.7700806
C3,PyTorch_TabularMLP,Train,136,5.14838028
C3,PyTorch_TabularMLP,Train,500,1.072761536
C3,PyTorch_TabularMLP,Train,528,1.243721008
C3,PyTorch_TabularMLP,Train,356,8.622173309
C3,PyTorch_TabularMLP,Train,101,8.43403244
C3,PyTorch_TabularMLP,Train,176,9.624515533
C3,PyTorch_TabularMLP,Train,407,2.304775238
C3,PyTorch_TabularMLP,Train,508,0.992992401
C3,PyTorch_TabularMLP,Train,277,13.21052933
C3,PyTorch_TabularMLP,Train,439,1.728061676
C3,PyTorch_TabularMLP,Train,316,9.054302216
C3,PyTorch_TabularMLP,Train,486,1.081325531
C3,PyTorch_TabularMLP,Train,110,11.14880371
C3,PyTorch_TabularMLP,Train,44,48.81500626
C3,PyTorch_TabularMLP,Train,452,1.729827881
C3,PyTorch_TabularMLP,Train,241,12.17018509
C3,PyTorch_TabularMLP,Train,195,107.5073624
C3,PyTorch_TabularMLP,Train,182,29.72289085
C3,PyTorch_TabularMLP,Train,351,7.678531647
C3,PyTorch_TabularMLP,Train,385,253.0335083
C3,PyTorch_TabularMLP,Train,296,197.7565002
C3,PyTorch_TabularMLP,Train,478,1.660457611
C3,PyTorch_TabularMLP,Train,399,194.3644714
C3,PyTorch_TabularMLP,Train,155,47.13298416
C3,PyTorch_TabularMLP,Train,299,123.2230301
C3,PyTorch_TabularMLP,Train,56,77.61438751
C3,PyTorch_TabularMLP,Train,11,60.50645065
C3,PyTorch_TabularMLP,Train,178,22.24122238
C3,PyTorch_TabularMLP,Train,603,9.816059113
C3,PyTorch_TabularMLP,Train,663,6.552906036
C3,PyTorch_TabularMLP,Train,5,164.0632324
C3,PyTorch_TabularMLP,Train,263,37.34103775
C3,PyTorch_TabularMLP,Train,300,117.5604248
C3,PyTorch_TabularMLP,Train,669,4.280796051
C3,PyTorch_TabularMLP,Train,315,4.34828949
C3,PyTorch_TabularMLP,Train,518,1.012599945
C3,PyTorch_TabularMLP,Train,216,85.84101105
C3,PyTorch_TabularMLP,Train,22,167.3070068
C3,PyTorch_TabularMLP,Train,397,169.3075562
C3,PyTorch_TabularMLP,Train,609,187.4349976
C3,PyTorch_TabularMLP,Train,121,11.64191055
C3,PyTorch_TabularMLP,Train,628,131.9508362
C3,PyTorch_TabularMLP,Train,177,17.3502655
C3,PyTorch_TabularMLP,Train,61,52.3231926
C3,PyTorch_TabularMLP,Train,501,1.293075562
C3,PyTorch_TabularMLP,Train,243,12.91436386
C3,PyTorch_TabularMLP,Train,260,48.52640152
C3,PyTorch_TabularMLP,Train,504,1.07535553
C3,PyTorch_TabularMLP,Train,649,144.1231995
C3,PyTorch_TabularMLP,Train,127,7.78793335
C3,PyTorch_TabularMLP,Train,510,1.014110565
C3,PyTorch_TabularMLP,Train,69,91.32888794
C3,PyTorch_TabularMLP,Train,303,202.7167664
C3,PyTorch_TabularMLP,Train,285,17.73424911
C3,PyTorch_TabularMLP,Train,194,92.97093964
C3,PyTorch_TabularMLP,Train,415,2.205963135
C3,PyTorch_TabularMLP,Train,253,22.16977882
C3,PyTorch_TabularMLP,Train,507,0.994968414
C3,PyTorch_TabularMLP,Train,197,15.64604187
C3,PyTorch_TabularMLP,Train,84,8.795028687
C3,PyTorch_TabularMLP,Train,495,1.072078705
C3,PyTorch_TabularMLP,Train,540,1.249855042
C3,PyTorch_TabularMLP,Train,337,2.281913757
C3,PyTorch_TabularMLP,Train,406,2.61674881
C3,PyTorch_TabularMLP,Train,161,104.8446198
C3,PyTorch_TabularMLP,Train,6,178.1291962
C3,PyTorch_TabularMLP,Train,624,120.8704071
C3,PyTorch_TabularMLP,Train,382,170.4992828
C3,PyTorch_TabularMLP,Train,569,121.1860046
C3,PyTorch_TabularMLP,Train,172,10.57530212
C3,PyTorch_TabularMLP,Train,660,15.46183395
C3,PyTorch_TabularMLP,Train,666,10.13593292
C3,PyTorch_TabularMLP,Train,488,1.093173981
C3,PyTorch_TabularMLP,Train,191,35.03120422
C3,PyTorch_TabularMLP,Train,379,249.1566467
C3,PyTorch_TabularMLP,Train,545,1.208595276
C3,PyTorch_TabularMLP,Train,218,131.5312958
C3,PyTorch_TabularMLP,Train,416,2.194229126
C3,PyTorch_TabularMLP,Train,288,15.05888748
C3,PyTorch_TabularMLP,Train,187,62.32416916
C3,PyTorch_TabularMLP,Train,163,3.32093811
C3,PyTorch_TabularMLP,Train,543,1.201087952
C3,PyTorch_TabularMLP,Train,124,5.622722626
C3,PyTorch_TabularMLP,Train,463,1.968193054
C3,PyTorch_TabularMLP,Train,157,70.399086
C3,PyTorch_TabularMLP,Train,236,4.396392822
C3,PyTorch_TabularMLP,Train,129,8.776924133
C3,PyTorch_TabularMLP,Train,134,6.097515106
C3,PyTorch_TabularMLP,Train,570,122.6001282
C3,PyTorch_TabularMLP,Train,616,28.6762352
C3,PyTorch_TabularMLP,Train,634,175.739502
C3,PyTorch_TabularMLP,Train,13,166.5561829
C3,PyTorch_TabularMLP,Train,245,12.46603012
C3,PyTorch_TabularMLP,Train,347,9.45703125
C3,PyTorch_TabularMLP,Train,7,186.5478821
C3,PyTorch_TabularMLP,Train,332,7.039203644
C3,PyTorch_TabularMLP,Train,196,6.689510345
C3,PyTorch_TabularMLP,Train,330,8.137710571
C3,PyTorch_TabularMLP,Train,365,2.788291931
C3,PyTorch_TabularMLP,Train,433,1.792034149
C3,PyTorch_TabularMLP,Train,489,1.304801941
C3,PyTorch_TabularMLP,Train,363,4.182441711
C3,PyTorch_TabularMLP,Train,70,69.3760376
C3,PyTorch_TabularMLP,Train,499,1.061977386
C3,PyTorch_TabularMLP,Train,36,168.9299164
C3,PyTorch_TabularMLP,Train,211,138.7876282
C3,PyTorch_TabularMLP,Train,118,11.43563843
C3,PyTorch_TabularMLP,Train,619,2.924617767
C3,PyTorch_TabularMLP,Train,179,37.39006805
C3,PyTorch_TabularMLP,Train,573,125.8059692
C3,PyTorch_TabularMLP,Train,86,12.62719727
C3,PyTorch_TabularMLP,Train,661,10.94848633
C3,PyTorch_TabularMLP,Train,79,62.7537117
C3,PyTorch_TabularMLP,Train,143,5.609947205
C3,PyTorch_TabularMLP,Train,524,1.166091919
C3,PyTorch_TabularMLP,Train,380,240.6429749
C3,PyTorch_TabularMLP,Train,423,2.190418243
C3,PyTorch_TabularMLP,Train,357,10.4731102
C3,PyTorch_TabularMLP,Train,184,9.249938965
C3,PyTorch_TabularMLP,Train,352,7.758888245
C3,PyTorch_TabularMLP,Train,492,1.108509064
C3,PyTorch_TabularMLP,Train,152,6.356491089
C3,PyTorch_TabularMLP,Train,73,2.944618225
C3,PyTorch_TabularMLP,Train,289,14.27279663
C3,PyTorch_TabularMLP,Train,16,184.6843567
C3,PyTorch_TabularMLP,Train,273,14.37593079
C3,PyTorch_TabularMLP,Train,542,1.200775146
C3,PyTorch_TabularMLP,Train,487,1.082294464
C3,PyTorch_TabularMLP,Train,629,165.9114227
C3,PyTorch_TabularMLP,Train,261,45.42050934
C3,PyTorch_TabularMLP,Train,122,11.14880371
C3,PyTorch_TabularMLP,Train,335,2.212387085
C3,PyTorch_TabularMLP,Train,417,2.169464111
C3,PyTorch_TabularMLP,Train,578,198.8508911
C3,PyTorch_TabularMLP,Train,587,208.5841064
C3,PyTorch_TabularMLP,Train,414,2.218093872
C3,PyTorch_TabularMLP,Train,251,25.12084961
C3,PyTorch_TabularMLP,Train,662,7.966312408
C3,PyTorch_TabularMLP,Train,235,4.566101074
C3,PyTorch_TabularMLP,Train,374,152.3196259
C3,PyTorch_TabularMLP,Train,326,8.69683075
C3,PyTorch_TabularMLP,Train,281,23.76812553
C3,PyTorch_TabularMLP,Train,620,4.016643524
C3,PyTorch_TabularMLP,Train,90,14.61632538
C3,PyTorch_TabularMLP,Train,419,2.252311707
C3,PyTorch_TabularMLP,Train,453,2.049465179
C3,PyTorch_TabularMLP,Train,592,4.854438782
C3,PyTorch_TabularMLP,Train,479,1.156517029
C3,PyTorch_TabularMLP,Train,562,15.466362
C3,PyTorch_TabularMLP,Train,618,29.74591064
C3,PyTorch_TabularMLP,Train,133,6.499595642
C3,PyTorch_TabularMLP,Train,483,1.092063904
C3,PyTorch_TabularMLP,Train,391,253.8807983
C3,PyTorch_TabularMLP,Train,18,186.3881531
C3,PyTorch_TabularMLP,Train,396,157.4828949
C3,PyTorch_TabularMLP,Train,355,7.955493927
C3,PyTorch_TabularMLP,Train,636,205.7687683
C3,PyTorch_TabularMLP,Train,547,1.329265594
C3,PyTorch_TabularMLP,Train,204,6.071247101
C3,PyTorch_TabularMLP,Train,468,2.035861969
C3,PyTorch_TabularMLP,Train,561,14.99600983
C3,PyTorch_TabularMLP,Train,183,54.99309921
C3,PyTorch_TabularMLP,Train,159,97.16127777
C3,PyTorch_TabularMLP,Train,117,11.33448029
C3,PyTorch_TabularMLP,Train,394,178.0955353
C3,PyTorch_TabularMLP,Train,527,1.315048218
C3,PyTorch_TabularMLP,Train,371,5.008911133
C3,PyTorch_TabularMLP,Train,333,6.765705109
C3,PyTorch_TabularMLP,Train,45,59.97221375
C3,PyTorch_TabularMLP,Train,327,8.862068176
C3,PyTorch_TabularMLP,Train,536,1.480827332
C3,PyTorch_TabularMLP,Train,671,4.452472687
C3,PyTorch_TabularMLP,Train,623,5.422790527
C3,PyTorch_TabularMLP,Train,221,17.75794601
C3,PyTorch_TabularMLP,Train,512,1.172821045
C3,PyTorch_TabularMLP,Train,206,29.61705589
C3,PyTorch_TabularMLP,Train,612,185.9831238
C3,PyTorch_TabularMLP,Train,466,2.910373688
C3,PyTorch_TabularMLP,Train,346,9.104537964
C3,PyTorch_TabularMLP,Train,233,5.492324829
C3,PyTorch_TabularMLP,Train,532,1.191955566
C3,PyTorch_TabularMLP,Train,370,8.986461639
C3,PyTorch_TabularMLP,Train,475,1.924091339
C3,PyTorch_TabularMLP,Train,87,12.97606277
C3,PyTorch_TabularMLP,Train,534,1.243904114
C3,PyTorch_TabularMLP,Train,302,4.927272797
C3,PyTorch_TabularMLP,Train,665,9.830539703
C3,PyTorch_TabularMLP,Train,314,74.98112488
C3,PyTorch_TabularMLP,Train,219,144.9318085
C3,PyTorch_TabularMLP,Train,537,2.069450378
C3,PyTorch_TabularMLP,Train,142,5.587055206
C3,PyTorch_TabularMLP,Train,388,185.043396
C3,PyTorch_TabularMLP,Train,465,2.262229919
C3,PyTorch_TabularMLP,Train,588,209.0514221
C3,PyTorch_TabularMLP,Train,108,15.38028336
C3,PyTorch_TabularMLP,Train,40,179.7913208
C3,PyTorch_TabularMLP,Train,14,176.1559296
C3,PyTorch_TabularMLP,Train,322,8.569026947
C3,PyTorch_TabularMLP,Train,438,1.71497345
C3,PyTorch_TabularMLP,Train,622,4.436203003
C3,PyTorch_TabularMLP,Train,440,1.774932861
C3,PyTorch_TabularMLP,Train,384,253.2991333
C3,PyTorch_TabularMLP,Train,185,22.33851051
C3,PyTorch_TabularMLP,Train,192,68.12966919
C3,PyTorch_TabularMLP,Train,105,13.03122711
C3,PyTorch_TabularMLP,Train,223,61.45672226
C3,PyTorch_TabularMLP,Train,581,199.962677
C3,PyTorch_TabularMLP,Train,30,183.1716003
C3,PyTorch_TabularMLP,Train,262,41.57861328
C3,PyTorch_TabularMLP,Train,116,11.21523285
C3,PyTorch_TabularMLP,Train,550,16.88016129
C3,PyTorch_TabularMLP,Train,401,212.2492065
C3,PyTorch_TabularMLP,Train,34,149.6655273
C3,PyTorch_TabularMLP,Train,269,11.42802811
C3,PyTorch_TabularMLP,Train,257,57.24575424
C3,PyTorch_TabularMLP,Train,408,2.281066895
C3,PyTorch_TabularMLP,Train,43,27.481987
C3,PyTorch_TabularMLP,Train,517,1.041942596
C3,PyTorch_TabularMLP,Train,247,11.32835388
C3,PyTorch_TabularMLP,Train,529,1.207038879
C3,PyTorch_TabularMLP,Train,97,13.48377609
C3,PyTorch_TabularMLP,Train,655,6.932109833
C3,PyTorch_TabularMLP,Train,584,204.6718445
C3,PyTorch_TabularMLP,Train,462,1.952377319
C3,PyTorch_TabularMLP,Train,637,206.5490112
C3,PyTorch_TabularMLP,Train,557,24.1516304
C3,PyTorch_TabularMLP,Train,443,1.850326538
C3,PyTorch_TabularMLP,Train,640,4.712429047
C3,PyTorch_TabularMLP,Train,301,93.13711548
C3,PyTorch_TabularMLP,Train,398,183.302948
C3,PyTorch_TabularMLP,Train,377,43.68342972
C3,PyTorch_TabularMLP,Train,297,160.5828094
C3,PyTorch_TabularMLP,Train,230,4.007110596
C3,PyTorch_TabularMLP,Train,201,100.2410812
C3,PyTorch_TabularMLP,Train,454,3.007827759
C3,PyTorch_TabularMLP,Train,589,209.7261658
C3,PyTorch_TabularMLP,Train,378,251.6471863
C3,PyTorch_TabularMLP,Train,186,35.28422928
C3,PyTorch_TabularMLP,Train,456,2.093357086
C3,PyTorch_TabularMLP,Train,254,20.51790237
C3,PyTorch_TabularMLP,Train,498,1.061191559
C3,PyTorch_TabularMLP,Train,614,22.65329933
C3,PyTorch_TabularMLP,Train,564,16.24433517
C3,PyTorch_TabularMLP,Train,386,251.4286194
C3,PyTorch_TabularMLP,Train,459,1.979709625
C3,PyTorch_TabularMLP,Train,295,228.9170837
C3,PyTorch_TabularMLP,Train,450,1.671554565
C3,PyTorch_TabularMLP,Train,339,2.677181244
C3,PyTorch_TabularMLP,Train,23,175.9650421
C3,PyTorch_TabularMLP,Train,345,8.622173309
C3,PyTorch_TabularMLP,Train,342,4.540630341
C3,PyTorch_TabularMLP,Train,102,9.859050751
C3,PyTorch_TabularMLP,Train,658,11.74979782
C3,PyTorch_TabularMLP,Train,266,9.11044693
C3,PyTorch_TabularMLP,Train,202,112.9192505
C3,PyTorch_TabularMLP,Train,33,85.99111938
C3,PyTorch_TabularMLP,Train,672,4.561401367
C3,PyTorch_TabularMLP,Train,577,198.0855103
C3,PyTorch_TabularMLP,Train,112,4.578552246
C3,PyTorch_TabularMLP,Train,94,12.24958801
C3,PyTorch_TabularMLP,Train,47,85.02439117
C3,PyTorch_TabularMLP,Train,26,184.4942322
C3,PyTorch_TabularMLP,Train,552,20.38951492
C3,PyTorch_TabularMLP,Train,317,8.928337097
C3,PyTorch_TabularMLP,Train,128,8.679389954
C3,PyTorch_TabularMLP,Train,198,25.09326744
C3,PyTorch_TabularMLP,Train,354,7.928703308
C3,PyTorch_TabularMLP,Train,37,170.3989716
C3,PyTorch_TabularMLP,Train,193,84.41148376
C3,PyTorch_TabularMLP,Train,88,13.4419136
C3,PyTorch_TabularMLP,Train,275,9.353679657
C3,PyTorch_TabularMLP,Train,111,6.286376953
C3,PyTorch_TabularMLP,Train,268,10.25958633
C3,PyTorch_TabularMLP,Train,267,10.09704971
C3,PyTorch_TabularMLP,Train,20,48.47559357
C3,PyTorch_TabularMLP,Train,312,120.6406403
C3,PyTorch_TabularMLP,Train,3,42.52696609
C3,PyTorch_TabularMLP,Train,402,214.0544128
C3,PyTorch_TabularMLP,Train,344,6.503250122
C3,PyTorch_TabularMLP,Train,644,5.408527374
C3,PyTorch_TabularMLP,Train,120,11.66004944
C3,PyTorch_TabularMLP,Train,359,10.25449371
C3,PyTorch_TabularMLP,Train,364,3.916854858
C3,PyTorch_TabularMLP,Train,83,8.513751984
C3,PyTorch_TabularMLP,Train,519,1.006778717
C3,PyTorch_TabularMLP,Train,231,5.695644379
C3,PyTorch_TabularMLP,Train,141,5.575138092
C3,PyTorch_TabularMLP,Train,410,2.247119904
C3,PyTorch_TabularMLP,Train,279,21.58790207
C3,PyTorch_TabularMLP,Train,228,3.265609741
C3,PyTorch_TabularMLP,Train,224,87.06041718
C3,PyTorch_TabularMLP,Train,95,12.58738327
C3,PyTorch_TabularMLP,Train,248,16.73423386
C3,PyTorch_TabularMLP,Train,31,152.4809418
C3,PyTorch_TabularMLP,Train,81,68.25806427
C3,PyTorch_TabularMLP,Train,568,118.8489914
C3,PyTorch_TabularMLP,Train,553,21.4589386
C3,PyTorch_TabularMLP,Train,449,1.681758881
C3,PyTorch_TabularMLP,Train,387,236.2509766
C3,PyTorch_TabularMLP,Train,174,11.08374023
C3,PyTorch_TabularMLP,Train,630,189.5337524
C3,PyTorch_TabularMLP,Train,240,9.796382904
C3,PyTorch_TabularMLP,Train,358,10.74389267
C3,PyTorch_TabularMLP,Train,19,188.078949
C3,PyTorch_TabularMLP,Train,645,9.108898163
C3,PyTorch_TabularMLP,Train,189,15.7747345
C3,PyTorch_TabularMLP,Train,643,5.422554016
C3,PyTorch_TabularMLP,Train,63,64.77597046
C3,PyTorch_TabularMLP,Train,205,16.73423386
C3,PyTorch_TabularMLP,Train,325,8.379428864
C3,PyTorch_TabularMLP,Train,329,8.720851898
C3,PyTorch_TabularMLP,Train,368,12.09112549
C3,PyTorch_TabularMLP,Train,321,8.707115173
C3,PyTorch_TabularMLP,Train,565,16.68727875
C3,PyTorch_TabularMLP,Train,77,60.76181793
C3,PyTorch_TabularMLP,Train,674,5.502731323
C3,PyTorch_TabularMLP,Train,190,20.78638458
C3,PyTorch_TabularMLP,Train,546,1.250675201
C3,PyTorch_TabularMLP,Train,580,199.7018433
C3,PyTorch_TabularMLP,Train,328,9.054302216
C3,PyTorch_TabularMLP,Train,343,5.006710052
C3,PyTorch_TabularMLP,Train,324,8.040176392
C3,PyTorch_TabularMLP,Train,35,164.2590485
C3,PyTorch_TabularMLP,Train,657,10.28525925
C3,PyTorch_TabularMLP,Train,400,202.4340515
C3,PyTorch_TabularMLP,Train,298,154.5651093
C3,PyTorch_TabularMLP,Train,509,0.993217468
C3,PyTorch_TabularMLP,Train,426,2.168773651
C3,PyTorch_TabularMLP,Train,119,11.48830414
C3,PyTorch_TabularMLP,Train,642,4.94757843
C3,PyTorch_TabularMLP,Train,74,48.31680298
C3,PyTorch_TabularMLP,Train,602,9.519168854
C3,PyTorch_TabularMLP,Train,574,187.929657
C3,PyTorch_TabularMLP,Train,106,13.52340317
C3,PyTorch_TabularMLP,Test,458,1.993988037
C3,PyTorch_TabularMLP,Test,641,4.881004333
C3,PyTorch_TabularMLP,Test,318,8.892055511
C3,PyTorch_TabularMLP,Test,436,1.729949951
C3,PyTorch_TabularMLP,Test,283,14.3183136
C3,PyTorch_TabularMLP,Test,24,182.9454041
C3,PyTorch_TabularMLP,Test,473,1.918937683
C3,PyTorch_TabularMLP,Test,29,203.7352905
C3,PyTorch_TabularMLP,Test,282,13.62260818
C3,PyTorch_TabularMLP,Test,362,4.342811584
C3,PyTorch_TabularMLP,Test,104,12.56316376
C3,PyTorch_TabularMLP,Test,617,28.85020828
C3,PyTorch_TabularMLP,Test,229,3.662570953
C3,PyTorch_TabularMLP,Test,404,243.0903015
C3,PyTorch_TabularMLP,Test,209,110.5505524
C3,PyTorch_TabularMLP,Test,613,185.3403625
C3,PyTorch_TabularMLP,Test,621,4.31186676
C3,PyTorch_TabularMLP,Test,604,9.977111816
C3,PyTorch_TabularMLP,Test,659,12.1256752
C3,PyTorch_TabularMLP,Test,600,8.863471985
C3,PyTorch_TabularMLP,Test,670,4.400028229
C3,PyTorch_TabularMLP,Test,526,2.426094055
C3,PyTorch_TabularMLP,Test,115,10.88526535
C3,PyTorch_TabularMLP,Test,635,203.5757141
C3,PyTorch_TabularMLP,Test,434,1.750587463
C3,PyTorch_TabularMLP,Test,59,86.7682724
C3,PyTorch_TabularMLP,Test,503,1.150764465
C3,PyTorch_TabularMLP,Test,631,191.6109619
C3,PyTorch_TabularMLP,Test,270,13.02304459
C3,PyTorch_TabularMLP,Test,259,57.98773956
C3,PyTorch_TabularMLP,Test,625,129.4121094
C3,PyTorch_TabularMLP,Test,367,10.87912369
C3,PyTorch_TabularMLP,Test,336,2.239414215
C3,PyTorch_TabularMLP,Test,226,133.447525
C3,PyTorch_TabularMLP,Test,477,2.255737305
C3,PyTorch_TabularMLP,Test,181,20.40706253
C3,PyTorch_TabularMLP,Test,427,2.157669067
C3,PyTorch_TabularMLP,Test,294,232.6747131
C3,PyTorch_TabularMLP,Test,8,187.3228149
C3,PyTorch_TabularMLP,Test,238,3.4099617
C3,PyTorch_TabularMLP,Test,533,1.196537018
C3,PyTorch_TabularMLP,Test,586,207.5917664
C3,PyTorch_TabularMLP,Test,160,102.0002441
C3,PyTorch_TabularMLP,Test,505,1.032287598
C3,PyTorch_TabularMLP,Test,272,13.83277512
C3,PyTorch_TabularMLP,Test,12,89.24500275
C3,PyTorch_TabularMLP,Test,598,7.708625793
C3,PyTorch_TabularMLP,Test,138,5.524768829
C3,PyTorch_TabularMLP,Test,652,172.3303986
C3,PyTorch_TabularMLP,Test,485,1.086933136
C3,PyTorch_TabularMLP,Test,646,9.801128387
C3,PyTorch_TabularMLP,Test,583,202.4812317
C3,PyTorch_TabularMLP,Test,200,77.77480316
C3,PyTorch_TabularMLP,Test,237,3.4099617
C3,PyTorch_TabularMLP,Test,591,4.803192139
C3,PyTorch_TabularMLP,Test,265,25.42609596
C3,PyTorch_TabularMLP,Test,76,59.51854324
C3,PyTorch_TabularMLP,Test,57,80.19950104
C3,PyTorch_TabularMLP,Test,307,183.8172913
C3,PyTorch_TabularMLP,Test,46,81.73899841
C3,PyTorch_TabularMLP,Test,447,1.694255829
C3,PyTorch_TabularMLP,Test,481,1.111995697
C3,PyTorch_TabularMLP,Test,597,5.061267853
C3,PyTorch_TabularMLP,Test,520,1.004421234
C3,PyTorch_TabularMLP,Test,148,6.179153442
C3,PyTorch_TabularMLP,Test,412,2.235954285
C3,PyTorch_TabularMLP,Test,246,12.02456665
C3,PyTorch_TabularMLP,Test,255,18.50085068
C3,PyTorch_TabularMLP,Test,575,194.6627808
C3,PyTorch_TabularMLP,Test,114,10.07723999
C3,PyTorch_TabularMLP,Test,441,2.06281662
C3,PyTorch_TabularMLP,Test,405,253.0335083
C3,PyTorch_TabularMLP,Test,278,13.87429047
C3,PyTorch_TabularMLP,Test,430,2.714569092
C3,PyTorch_TabularMLP,Test,490,1.624858856
C3,PyTorch_TabularMLP,Test,608,188.0333252
C3,PyTorch_TabularMLP,Test,199,50.02773285
C3,PyTorch_TabularMLP,Test,353,7.819477081
C3,PyTorch_TabularMLP,Test,673,4.951850891
C3,PyTorch_TabularMLP,Test,135,6.000934601
C3,PyTorch_TabularMLP,Test,130,9.612911224
C3,PyTorch_TabularMLP,Test,147,5.997421265
C3,PyTorch_TabularMLP,Test,340,3.909107208
C3,PyTorch_TabularMLP,Test,493,1.091827393
C3,PyTorch_TabularMLP,Test,521,1.004230499
C3,PyTorch_TabularMLP,Test,435,1.738399506
C3,PyTorch_TabularMLP,Test,38,171.961792
C3,PyTorch_TabularMLP,Test,571,123.9980164
C3,PyTorch_TabularMLP,Test,256,16.06224442
C3,PyTorch_TabularMLP,Test,496,1.068820953
C3,PyTorch_TabularMLP,Test,601,9.248867035
C3,PyTorch_TabularMLP,Test,173,10.83605194
C3,PyTorch_TabularMLP,Test,212,5.800403595
C3,PyTorch_TabularMLP,Test,311,144.5049286
C3,PyTorch_TabularMLP,Test,249,28.07722855
C3,PyTorch_TabularMLP,Test,131,8.148403168
C3,PyTorch_TabularMLP,Test,647,10.07405853
C3,PyTorch_TabularMLP,Test,579,199.4624634
C3,PyTorch_TabularMLP,Test,239,6.071247101
C3,PyTorch_TabularMLP,Test,171,9.917736053
C3,PyTorch_TabularMLP,Test,244,12.73721695
C3,PyTorch_TabularMLP,Test,334,4.555057526
C3,PyTorch_TabularMLP,Test,89,13.92823029
C3,PyTorch_TabularMLP,Test,137,5.148368835
C3,PyTorch_TabularMLP,Test,107,14.32381821
C3,PyTorch_TabularMLP,Test,376,118.6019669
C3,PyTorch_TabularMLP,Test,91,8.098930359
C3,PyTorch_TabularMLP,Test,25,183.6933594
C3,PyTorch_TabularMLP,Test,319,8.848026276
C3,PyTorch_TabularMLP,Test,72,4.244113922
C3,PyTorch_TabularMLP,Test,164,3.308460236
C3,PyTorch_TabularMLP,Test,49,95.10574341
C3,PyTorch_TabularMLP,Test,395,85.18215942
C3,PyTorch_TabularMLP,Test,650,168.4762573
C3,PyTorch_TabularMLP,Test,149,6.254142761
C3,PyTorch_TabularMLP,Test,242,12.98968506
C3,PyTorch_TabularMLP,Test,429,2.142097473
C3,PyTorch_TabularMLP,Test,166,3.29516983
C3,PyTorch_TabularMLP,Test,515,1.149841309
C3,PyTorch_TabularMLP,Test,271,13.68457794
C3,PyTorch_TabularMLP,Test,292,239.8348083
C3,PyTorch_TabularMLP,Test,491,1.135475159
C3,PyTorch_TabularMLP,Test,100,7.884979248
C3,PyTorch_TabularMLP,Test,39,172.7871399
C3,PyTorch_TabularMLP,Test,145,5.805767059
C3,PyTorch_TabularMLP,Test,549,2.072937012
C3,PyTorch_TabularMLP,Test,227,146.6186523
C3,PyTorch_TabularMLP,Test,615,28.16913033
C3,PyTorch_TabularMLP,Test,502,2.221405029
C3,PyTorch_TabularMLP,Test,420,2.229179382
C3,PyTorch_TabularMLP,Test,476,1.979061127
C3,PyTorch_TabularMLP,Test,372,157.49823
C3,PyTorch_TabularMLP,Test,151,6.317050934
C3,PyTorch_TabularMLP,Test,68,63.1693573
C3,PyTorch_TabularMLP,Test,556,23.42648125
